key,english,de,status
"app_description","Invitation and user manager for Jellyfin","Einladungs- und Benutzerverwaltung fuer Jellyfin","ok"
"automation_add","Add","Hinzufugen","ok"
"automation_col_bitrate","Bitrate (kbps)","Spalte bitrate","ok"
"automation_col_delete_days","Delete after (days)","Spalte loschen tage","ok"
"automation_col_disable_days","Disable after (days)","Spalte deaktivieren tage","ok"
"automation_col_download","Downloads","Spalte download","ok"
"automation_col_group","Group","Spalte gruppe","ok"
"automation_col_id","ID","Spalte id","ok"
"automation_col_last_run","Last run","Spalte letzte ausfuhrung","ok"
"automation_col_ldap_dn_optional","LDAP DN (optional)","Spalte ldap dn optional","ok"
"automation_col_name","Name","Spalte name","ok"
"automation_col_payload","Payload","Spalte nutzlast","ok"
"automation_col_preset_target","Target preset","Spalte preset ziel","ok"
"automation_col_remote","Remote access","Spalte remote","ok"
"automation_col_schedule","Schedule","Spalte zeitplan","ok"
"automation_col_sessions","Sessions","Spalte sitzungen","ok"
"automation_col_source","Source","Spalte quelle","ok"
"automation_col_type","Type","Spalte typ","ok"
"automation_create","Create","Erstellen","ok"
"automation_delete","Delete","Loschen","ok"
"automation_disable","Disable","Deaktivieren","ok"
"automation_enable","Enable","Aktivieren","ok"
"automation_error_group_mappings","Unable to load group mappings.","Fehler gruppe zuordnungen","ok"
"automation_error_presets","Unable to load presets.","Fehler presets","ok"
"automation_error_tasks","Unable to load tasks.","Fehler aufgaben","ok"
"automation_group_mappings_desc","Map LDAP or application groups to Jellyfin presets.","Ordnen Sie Gruppen einem Jellyfin-Preset zu.","ok"
"automation_group_mappings_title","Group mappings","Gruppenzuordnungen","ok"
"automation_guidance_desc","Start with Jellyfin access presets, attach them to groups, then schedule the recurring jobs that keep everything in sync.","Beginnen Sie mit Jellyfin-Zugriffspresets, verknÃ¼pfen Sie sie mit Gruppen und planen Sie dann die wiederkehrenden Aufgaben, die alles synchron halten.","ok"
"automation_guidance_title","Keep presets, groups, and schedules aligned.","Halten Sie Presets, Gruppen und ZeitplÃ¤ne in Einklang.","ok"
"automation_kicker","Automation control room","Automatisierungszentrale","ok"
"automation_mappings_saved","Group mappings saved.","Zuordnungen gespeichert","ok"
"automation_new_preset","New preset","Neu preset","ok"
"automation_no_group_mappings","No group mappings configured.","Keine gruppe zuordnungen","ok"
"automation_no_presets","No presets configured.","Keine presets","ok"
"automation_no_tasks","No scheduled tasks.","Keine aufgaben","ok"
"automation_presets_desc","Define the reusable Jellyfin access baseline that can be applied manually or through group mappings.","Definieren Sie die wiederverwendbare Jellyfin-Zugriffsbasis, die manuell oder Ã¼ber Gruppenzuordnungen angewendet werden kann.","ok"
"automation_presets_saved","Presets saved.","Presets gespeichert","ok"
"automation_presets_title","Jellyfin presets","Presets","ok"
"automation_run_now","Run now","Ausfuhrung jetzt","ok"
"automation_save","Save","Speichern","ok"
"automation_save_mappings_failed","Unable to save group mappings.","Speichern zuordnungen fehlgeschlagen","ok"
"automation_save_presets_failed","Unable to save presets.","Speichern presets fehlgeschlagen","ok"
"automation_select_preset","Select a preset","Auswahlen preset","ok"
"automation_subheading","Manage presets, mappings, and scheduled tasks.","Untertitel","ok"
"automation_task_builder_desc","Use clear names and a stable hour/minute so the job remains easy to audit later.","Verwenden Sie klare Namen sowie eine stabile Stunde und Minute, damit der Auftrag spÃ¤ter leicht geprÃ¼ft werden kann.","ok"
"automation_task_builder_title","Build a scheduled task","Geplante Aufgabe erstellen","ok"
"automation_task_create_failed","Unable to create task.","Aufgabe erstellen fehlgeschlagen","ok"
"automation_task_created","Task created.","Aufgabe erstellt","ok"
"automation_task_delete_confirm","Delete this task?","Aufgabe loschen bestaetigen","ok"
"automation_task_delete_failed","Unable to delete task.","Aufgabe loschen fehlgeschlagen","ok"
"automation_task_deleted","Task deleted.","Aufgabe geloscht","ok"
"automation_task_enabled","Enabled","Aufgabe aktiviert","ok"
"automation_task_hour_placeholder","Hour (0-23)","Aufgabe stunde platzhalter","ok"
"automation_task_minute_placeholder","Minute (0-59)","Aufgabe minute platzhalter","ok"
"automation_task_name_placeholder","Task name","Aufgabe name platzhalter","ok"
"automation_task_payload_empty","No payload","Keine Nutzlast","ok"
"automation_task_payload_placeholder","JSON payload (optional)","Aufgabe nutzlast platzhalter","ok"
"automation_task_payload_ready","Payload ready","Nutzlast bereit","ok"
"automation_task_preview_empty","Fill the form to preview the schedule and execution state.","FÃ¼llen Sie das Formular aus, um Zeitplan und AusfÃ¼hrungsstatus in der Vorschau zu sehen.","ok"
"automation_task_preview_title","Task preview","Aufgabenvorschau","ok"
"automation_task_run_failed","Task execution failed.","Aufgabe ausfuhrung fehlgeschlagen","ok"
"automation_task_run_success","Task started.","Aufgabe ausfuhrung erfolgreich","ok"
"automation_task_update_failed","Unable to update task.","Aufgabe aktualisierung fehlgeschlagen","ok"
"automation_tasks_desc","Create recurring jobs, then verify the schedule and payload before saving.","Erstellen Sie wiederkehrende Aufgaben und prÃ¼fen Sie Zeitplan und Nutzlast vor dem Speichern.","ok"
"automation_tasks_title","Scheduled tasks","Geplante Aufgaben","ok"
"automation_type_cleanup_resets_desc","Remove expired password reset requests to keep the recovery flow clean.","Entfernen Sie abgelaufene Passwort-Reset-Anfragen, damit der Wiederherstellungsablauf sauber bleibt.","ok"
"automation_type_create_backup_desc","Create a fresh backup snapshot for restore or audit purposes.","Erstellen Sie einen frischen Backup-Schnappschuss fÃ¼r Wiederherstellung oder PrÃ¼fung.","ok"
"automation_type_sync_users_desc","Sync local users with Jellyfin or directory state to keep access consistent.","Synchronisieren Sie lokale Benutzer mit Jellyfin oder dem Verzeichnisstatus, damit Zugriffe konsistent bleiben.","ok"
"back_to_login","Back to login","Zurueck zum Login","ok"
"base_language_label","Language","Sprache","ok"
"btn_save","Save","Speichern","ok"
"cancel","Cancel","Abbrechen","ok"
"col_actions","Actions","Aktionen","ok"
"col_created_at","Date","Datum","ok"
"col_email","Email","E-Mail","ok"
"col_invited_by","Invited by","Eingeladen von","ok"
"col_jellyfin","Jellyfin","Jellyfin","untranslated"
"col_status","Status","Status","untranslated"
"col_username","User","Benutzer","ok"
"common_bad_request","Invalid request","Ungueltige Anfrage","ok"
"common_next","Next","Weiter","ok"
"common_previous","Previous","Zurueck","ok"
"common_server_error","Server error","Serverfehler","ok"
"dashboard_heading","Dashboard","Uebersicht","ok"
"dashboard_intro_title","Jellyfin Access Manager","Jellyfin Access Manager","untranslated"
"dashboard_my_account_title","Account","Mein Konto","ok"
"dashboard_no_users","No users yet","Noch keine Benutzer vorhanden","ok"
"dashboard_open_my_account","Open My Account","Mein Konto Ã¶ffnen","ok"
"dashboard_panel_invites_title","Invitations","Einladungen","ok"
"dashboard_panel_settings_title","Settings","Einstellungen","ok"
"dashboard_panel_users_title","Users","Benutzer","ok"
"dashboard_recent_users","Recent users","Letzte Benutzer","ok"
"dashboard_stats_title","Pulse","Puls","ok"
"dashboard_title","Dashboard","Uebersicht","ok"
"dashboard_welcome","Welcome","Willkommen","ok"
"failure","Failure","Fehler","ok"
"field_display_name","Display name","Anzeigename","ok"
"field_display_name_placeholder","E.g. John Doe","Z. B. John Doe","ok"
"field_email","Email","E-Mail","ok"
"field_email_placeholder","E.g. john@example.com","Z. B. john@example.com","ok"
"field_email_required","Email","E-Mail","ok"
"field_identifier","Email or username","E-Mail oder Benutzername","ok"
"field_identifier_placeholder","E.g. john_doe or john@example.com","Z. B. john_doe oder john@example.com","ok"
"field_new_password","New password","Neues Passwort","ok"
"field_password","Password","Passwort","ok"
"field_password_confirm","Confirm password","Passwort bestaetigen","ok"
"field_password_confirm_placeholder","Re-enter your password","Passwort erneut eingeben","ok"
"field_password_placeholder","Minimum 8 characters","Mindestens 8 Zeichen","ok"
"field_username","Username","Benutzername","ok"
"field_username_help","3-32 characters: letters, numbers, dashes, underscores","3-32 Zeichen: Buchstaben, Zahlen, Bindestriche, Unterstriche","ok"
"field_username_placeholder","E.g. john_doe","Z. B. john_doe","ok"
"i18n_report_back_settings","Back to settings","Zurueck zu den Einstellungen","ok"
"i18n_report_col_fallback","Fallback values","Fallback-Werte","ok"
"i18n_report_col_locale","Locale","Sprache","ok"
"i18n_report_col_missing_base","Missing vs base","Fehlt gegenueber Basis","ok"
"i18n_report_col_missing_template","Missing template keys","Fehlende Template-Schluessel","ok"
"i18n_report_col_placeholder","Placeholder mismatches","Platzhalterabweichungen","ok"
"i18n_report_col_total_keys","Total keys","Gesamtschluessel","ok"
"i18n_report_intro","Checks template key coverage, placeholder consistency, and fallback values by locale.","Prueft die Abdeckung der Template-Schluessel, die Konsistenz der Platzhalter und Fallback-Werte pro Sprache.","ok"
"i18n_report_load_error","Unable to load the i18n report.","i18n-Bericht konnte nicht geladen werden.","ok"
"i18n_report_no_data","No data.","Keine Daten.","ok"
"i18n_report_title","i18n Report","i18n-Bericht","ok"
"invitations_badge_active","Active","Aktiv","ok"
"invitations_badge_expired","Expired","Abgelaufen","ok"
"invitations_col_email","Delivery","Versand","ok"
"invitations_col_link_code","Invitation link","Einladungslink","ok"
"invitations_col_link_expiry","Link expiry","Link-Ablauf","ok"
"invitations_col_profile_expiry","Account policy","Kontorichtlinie","ok"
"invitations_conversion_rate","Conversion rate","Konversionsrate","ok"
"invitations_conversions","Conversions","Konversionen","ok"
"invitations_copy","Copy","Kopieren","ok"
"invitations_copy_full_link","Copy full link","Vollstaendigen Link kopieren","ok"
"invitations_copy_unavailable","Clipboard access is unavailable","Kein Zugriff auf die Zwischenablage","ok"
"invitations_create_desc","Generate a reusable signup link, prefill account rules, and optionally send it by email.","Erstellen Sie einen wiederverwendbaren Registrierungslink, hinterlegen Sie Kontoregeln und senden Sie ihn bei Bedarf per E-Mail.","ok"
"invitations_create_link","Create invitation","Einladung erstellen","ok"
"invitations_create_title","Invitation flow","Einladungsfluss","ok"
"invitations_created","Invitation created","Einladung erstellt","ok"
"invitations_default_policy","Default policy","Standardrichtlinie","ok"
"invitations_delete","Delete","Loeschen","ok"
"invitations_delete_after_days","Delete account after {n} days","Konto nach {n} Tagen loeschen","ok"
"invitations_delete_desc","This invitation will be removed permanently. Existing users created from it are not affected.","Diese Einladung wird dauerhaft entfernt. Bereits daraus erstellte Konten bleiben erhalten.","ok"
"invitations_delete_title","Delete invitation","Einladung loeschen","ok"
"invitations_deleted","Invitation deleted","Einladung geloescht","ok"
"invitations_disable_after_days","Disable account after {n} days","Konto nach {n} Tagen deaktivieren","ok"
"invitations_email_manual","Email delivery","E-Mail-Versand","ok"
"invitations_error_loading","Unable to load invitations","Einladungen konnten nicht geladen werden","ok"
"invitations_expires_on","Expires on {date}","Laeuft ab am {date}","ok"
"invitations_forced_username","Reserved username","Reservierter Benutzername","ok"
"invitations_forced_username_help","Optional. Lock the signup to a single username when you need a pre-assigned account.","Optional. Sperren Sie die Registrierung auf genau einen Benutzernamen, wenn das Konto vorab feststeht.","ok"
"invitations_forced_username_placeholder","Leave blank to let the user choose","Leer lassen, damit der Benutzer selbst waehlen kann","ok"
"invitations_group_default","Default group","Standardgruppe","ok"
"invitations_group_prefix","Group: {group}","Gruppe: {group}","ok"
"invitations_invalid_max_uses","Your current policy allows between 1 and {n} uses per link.","Ihre aktuelle Richtlinie erlaubt zwischen 1 und {n} Verwendungen pro Link.","ok"
"invitations_invalid_user_expiry","Choose a relative or absolute expiry before creating the invitation.","Waehlen Sie vor dem Erstellen eine relative oder absolute Ablaufregel.","ok"
"invitations_invite_option_enabled_help","The invited account will be allowed to create invitations after signup.","Das eingeladene Konto darf nach der Registrierung selbst Einladungen erstellen.","ok"
"invitations_invite_option_policy_limited","Your role cannot grant invite rights on new accounts.","Ihre Rolle darf neuen Konten keine Einladungsrechte geben.","ok"
"invitations_last_link_label","Latest generated link","Zuletzt erzeugter Link","ok"
"invitations_last_link_placeholder","The newest invitation URL will appear here","Die neueste Einladungs-URL erscheint hier","ok"
"invitations_link_copied","Invitation link copied","Einladungslink kopiert","ok"
"invitations_link_expires_label","Link expiry","Link-Ablauf","ok"
"invitations_link_help_default","Leave empty to keep the link valid until it is used or revoked.","Leer lassen, damit der Link bis zur Nutzung oder zum Widerruf gueltig bleibt.","ok"
"invitations_link_help_limited","Your current policy recommends an expiry within the next {n} hours.","Ihre aktuelle Richtlinie empfiehlt ein Ablaufdatum innerhalb der naechsten {n} Stunden.","ok"
"invitations_links_active","Active links","Aktive Links","ok"
"invitations_links_closed","Closed links","Geschlossene Links","ok"
"invitations_links_created","Links created","Erstellte Links","ok"
"invitations_max_uses_label","Maximum uses","Maximale Verwendungen","ok"
"invitations_new_invitation","New invitation","Neue Einladung","ok"
"invitations_new_user_can_invite","Grant invite rights to the new account","Dem neuen Konto Einladungsrechte geben","ok"
"invitations_no_link_to_copy","There is no invitation link to copy yet.","Es gibt noch keinen Einladungslink zum Kopieren.","ok"
"invitations_no_planned_delete","No deletion planned","Keine Loeschung geplant","ok"
"invitations_none_active","No active invitations found.","Keine aktiven Einladungen gefunden.","ok"
"invitations_policy_base_links","Base URL: {url}","Basis-URL: {url}","ok"
"invitations_policy_expiry_locked","User expiry is locked by the active invitation policy.","Die Benutzerablaufregel ist durch die aktive Einladungsrichtlinie gesperrt.","ok"
"invitations_policy_grant_locked","Invite rights are locked by the active invitation policy.","Einladungsrechte sind durch die aktive Einladungsrichtlinie gesperrt.","ok"
"invitations_policy_loading","Loading invitation policy...","Einladungsrichtlinie wird geladen...","ok"
"invitations_policy_max_ttl","Max link lifetime: {n}h","Maximale Link-Laufzeit: {n}h","ok"
"invitations_policy_max_uses","Max uses per link: {n}","Maximale Verwendungen pro Link: {n}","ok"
"invitations_policy_quota_day","Daily quota: {n}","Tageskontingent: {n}","ok"
"invitations_policy_quota_month","Monthly quota: {n}","Monatskontingent: {n}","ok"
"invitations_policy_quota_week","Weekly quota: {n}","Wochenkontingent: {n}","ok"
"invitations_rate","Rate","Quote","ok"
"invitations_role_can_invite","can invite others","kann einladen","ok"
"invitations_role_standard","standard account","Standardkonto","ok"
"invitations_section_link_settings","Link settings","Link-Einstellungen","ok"
"invitations_section_smtp_notification","Email delivery","E-Mail-Versand","ok"
"invitations_section_user_profile","Future account rules","Regeln fuer das kuenftige Konto","ok"
"invitations_send_to_email_help","Optional. If SMTP is configured, JellyGate sends the invitation immediately.","Optional. Wenn SMTP konfiguriert ist, verschickt JellyGate die Einladung sofort.","ok"
"invitations_send_to_email_label","Send invitation to","Einladung senden an","ok"
"invitations_sponsor","Sponsor","Sponsor","untranslated"
"invitations_sponsor_dashboard","Sponsor activity","Sponsor-Aktivitaet","ok"
"invitations_sponsor_no_data","No sponsor activity available yet.","Noch keine Sponsor-Aktivitaet verfuegbar.","ok"
"invitations_stats_error","Unable to load sponsor statistics","Sponsor-Statistiken konnten nicht geladen werden","ok"
"invitations_stats_loading","Loading sponsor statistics...","Sponsor-Statistiken werden geladen...","ok"
"invitations_stats_updated_at","Updated {at}","Aktualisiert {at}","ok"
"invitations_subheading","Create invitation links, monitor sponsor activity, and keep onboarding rules consistent.","Erstellen Sie Einladungslinks, verfolgen Sie Sponsor-Aktivitaet und halten Sie Onboarding-Regeln konsistent.","ok"
"invitations_unknown_error","An unexpected error occurred","Ein unerwarteter Fehler ist aufgetreten","ok"
"invitations_unknown_sponsor","(unknown)","(unbekannt)","ok"
"invitations_unlimited","Unlimited","Unbegrenzt","ok"
"invitations_user_expiry_absolute","Absolute account expiry","Absolutes Konto-Ablaufdatum","ok"
"invitations_user_expiry_absolute_help","Optional. Set a fixed expiry date instead of a relative delay.","Optional. Legen Sie ein festes Ablaufdatum statt einer relativen Frist fest.","ok"
"invitations_user_expiry_days_help","Apply a relative expiry window once the invited account is created.","Wenden Sie ein relatives Ablauf-Fenster an, sobald das eingeladene Konto erstellt wird.","ok"
"invitations_user_expiry_enable","Set an expiry policy for the invited account","Ablaufregel fuer das eingeladene Konto festlegen","ok"
"invitations_user_expiry_future","The absolute expiry must be in the future.","Das absolute Ablaufdatum muss in der Zukunft liegen.","ok"
"invitations_uses","Uses","Verwendungen","ok"
"invitations_uses_help_default","Use 0 for unlimited redemptions.","Verwenden Sie 0 fuer unbegrenzte Einloesungen.","ok"
"invitations_uses_help_limited","Your current policy allows between 1 and {n} redemptions.","Ihre aktuelle Richtlinie erlaubt zwischen 1 und {n} Einloesungen.","ok"
"invite_error_config","Invitation configuration error","Fehler in der Einladungskonfiguration","ok"
"invite_error_email_verification_unavailable","Email verification is enabled, but email sending is unavailable right now.","Die E-Mail-Bestaetigung ist aktiviert, aber der E-Mail-Versand ist derzeit nicht verfuegbar.","ok"
"invite_error_invalid_or_expired","Invalid or expired invitation","Ungueltige oder abgelaufene Einladung","ok"
"invite_error_jellyfin_create","Error while creating the account (Jellyfin)","Fehler beim Erstellen des Kontos (Jellyfin)","ok"
"invite_error_ldap_create","Error while creating the account (LDAP)","Fehler beim Erstellen des Kontos (LDAP)","ok"
"invite_error_persist","Error while saving the account","Fehler beim Speichern des Kontos","ok"
"invite_footer","Powered by JellyGate","Bereitgestellt von JellyGate","ok"
"invite_heading","Create your account","Konto erstellen","ok"
"invite_login_jellyfin","Sign in to Jellyfin","Bei Jellyfin anmelden","ok"
"invite_open_jellyseerr","Open Jellyseerr","Jellyseerr oeffnen","ok"
"invite_open_jellytrack","Open jellytrack","jellytrack oeffnen","ok"
"invite_quick_links","Quick links","Schnellzugriffe","ok"
"invite_subheading","Fill in the form to join the media library","Fuellen Sie das Formular aus, um der Mediathek beizutreten","ok"
"invite_submit","Create my account","Mein Konto erstellen","ok"
"invite_success_hybrid","Welcome {username}! Your account was created in Jellyfin and in LDAP.","Willkommen {username}! Ihr Konto wurde in Jellyfin und in LDAP erstellt.","ok"
"invite_success_ldap_only","Welcome {username}! Your account was created in LDAP. Jellyfin access will use your LDAP integration.","Willkommen {username}! Ihr Konto wurde in LDAP erstellt. Der Jellyfin-Zugang verwendet Ihre LDAP-Integration.","ok"
"invite_success_pending_verification","Check your email to confirm the creation of account {username}. Your account will be created only after this confirmation.","Pruefen Sie Ihre E-Mails, um die Erstellung des Kontos {username} zu bestaetigen. Das Konto wird erst nach dieser Bestaetigung erstellt.","ok"
"invite_title","Sign Up","Registrierung","ok"
"login_error_forbidden","You are not an administrator","Sie sind kein Administrator","ok"
"login_error_invalid","Invalid credentials","UngÃ¼ltige Zugangsdaten","ok"
"login_error_required","Enter both your username and password.","Bitte geben Sie Benutzername und Passwort ein.","ok"
"login_forgot_password","Forgot password?","Passwort vergessen?","ok"
"login_jellyfin_desc","Media library access","Bibliothekszugriff","ok"
"login_jellyseerr_desc","Browse and request content","Inhalte anfordern","ok"
"login_jellytrack_desc","Playback statistics tracking","Statistiken","ok"
"login_shortcuts","Shortcuts","Shortcuts","untranslated"
"login_subheading","Administration","Verwaltung","ok"
"login_submit","Sign in","Anmelden","ok"
"login_title","Login","Anmeldung","ok"
"logs_col_action","Action","Aktion","ok"
"logs_col_actor","Actor","Akteur","ok"
"logs_col_details","Details","Details","untranslated"
"logs_col_target","Target","Ziel","ok"
"logs_load_error","Unable to load audit logs","Audit-Protokoll konnte nicht geladen werden","ok"
"logs_loading","Loading audit logs...","Audit-Protokoll wird geladen...","ok"
"logs_network_error","Network error while loading audit logs","Netzwerkfehler beim Laden des Audit-Protokolls","ok"
"logs_no_results","No audit events match the current filters.","Keine Audit-Ereignisse entsprechen den aktuellen Filtern.","ok"
"logs_no_results_short","No matching events","Keine passenden Ereignisse","ok"
"logs_of_label","of","von","ok"
"logs_page_label","Page","Seite","ok"
"logs_pagination_loading","Loading pagination...","Paginierung wird geladen...","ok"
"logs_per_page_suffix","per page","pro Seite","ok"
"logs_search_placeholder","Search actions, actors, targets, details, or request IDs","Aktionen, Akteure, Ziele, Details oder request_id durchsuchen","ok"
"logs_system_actor","System","System","untranslated"
"logs_total_label","Total","Gesamt","ok"
"my_account_channel_discord","Discord","Discord","untranslated"
"my_account_channel_email","Email","E-Mail","ok"
"my_account_channel_optin","Delivery channels","Versandkanaele","ok"
"my_account_channel_telegram","Telegram","Telegram","untranslated"
"my_account_contact_help","Update contact information and notification preferences.","Aktualisieren Sie Kontaktinformationen und Benachrichtigungseinstellungen.","ok"
"my_account_default_server_lang","Use the server default language","Standardsprache des Servers verwenden","ok"
"my_account_edit_profile","Edit profile","Profil bearbeiten","ok"
"my_account_email_pending_label","Pending email:","Ausstehende E-Mail:","ok"
"my_account_email_status_missing","No email configured","Keine E-Mail hinterlegt","ok"
"my_account_email_status_pending","Pending verification","Bestaetigung ausstehend","ok"
"my_account_email_status_unverified","Verification required","Bestaetigung erforderlich","ok"
"my_account_email_status_verified","Verified","Bestaetigt","ok"
"my_account_email_verification_help","Confirm this email address to receive account messages and recovery links.","Bestaetigen Sie diese E-Mail-Adresse, um Kontobenachrichtigungen und Wiederherstellungslinks zu erhalten.","ok"
"my_account_email_verification_label","Email verification","E-Mail-Bestaetigung","ok"
"my_account_email_verification_missing","Add an email address to enable verification and password recovery.","Hinterlegen Sie eine E-Mail-Adresse, um Bestaetigung und Passwort-Wiederherstellung zu aktivieren.","ok"
"my_account_email_verification_ok","Your current email address is verified.","Ihre aktuelle E-Mail-Adresse ist bestaetigt.","ok"
"my_account_email_verification_pending","Check your inbox and click the confirmation link sent to the pending address.","Pruefen Sie Ihr Postfach und oeffnen Sie den Bestaetigungslink fuer die ausstehende Adresse.","ok"
"my_account_email_verification_resend","Resend verification email","Bestaetigungs-E-Mail erneut senden","ok"
"my_account_email_verification_send_error","Unable to send a verification email","Bestaetigungs-E-Mail konnte nicht gesendet werden","ok"
"my_account_email_verification_sent","A verification email has been sent.","Eine Bestaetigungs-E-Mail wurde gesendet.","ok"
"my_account_label_access_expiry","Access expiry","Zugriffsablauf","ok"
"my_account_label_confirm_password","Confirm new password","Neues Passwort bestaetigen","ok"
"my_account_label_discord","Discord handle","Discord-Handle","ok"
"my_account_label_email","Email address","E-Mail-Adresse","ok"
"my_account_label_new_password","New password","Neues Passwort","ok"
"my_account_label_preferred_lang","Preferred language","Bevorzugte Sprache","ok"
"my_account_label_role","Role","Rolle","ok"
"my_account_label_telegram","Telegram handle","Telegram-Handle","ok"
"my_account_label_user","Username","Benutzername","ok"
"my_account_load_error","Unable to load your account","Ihr Konto konnte nicht geladen werden","ok"
"my_account_no_expiry","No expiry configured","Kein Ablauf konfiguriert","ok"
"my_account_notify_events","Notify me about account events","Mich ueber Kontoereignisse benachrichtigen","ok"
"my_account_notify_expiry","Notify me before access expires","Notify expiry","ok"
"my_account_password_help","Change your password. Choose a strong password (min. 8 characters).","Ändern Sie Ihr Passwort. Wählen Sie ein sicheres Passwort (mind. 8 Zeichen).","ok"
"my_account_password_min_hint","At least 8 characters","Password min hint","ok"
"my_account_password_mismatch","The passwords do not match","Password mismatch","ok"
"my_account_password_too_short","The password must contain at least 8 characters","Password too short","ok"
"my_account_password_update_error","Unable to update the password","Password update error","ok"
"my_account_password_updated","Password updated","Passwort aktualisiert","ok"
"my_account_save_error","Unable to save your preferences","Save error","ok"
"my_account_save_preferences","Save preferences","Einstellungen speichern","ok"
"my_account_saved","Preferences saved","Saved","ok"
"my_account_section_contact","Contact and preferences","Section contact","ok"
"my_account_section_password","Password","Section password","ok"
"my_account_section_profile","Profile summary","Section profile","ok"
"my_account_subheading","Keep your contact details, delivery channels, language, and password up to date.","Subheading","ok"
"my_account_subtitle","Manage your profile and preferences","Verwalten Sie Ihr Profil und Ihre Einstellungen","ok"
"my_account_update_password","Update password","Passwort aktualisieren","ok"
"nav_automation","Automation","Automatisierung","ok"
"nav_dashboard","Dashboard","Uebersicht","ok"
"nav_invitations","Invitations","Einladungen","ok"
"nav_logout","Sign out","Abmelden","ok"
"nav_logs","Logs","Protokolle","ok"
"nav_my_account","My Account","Mein Konto","ok"
"nav_settings","Settings","Einstellungen","ok"
"nav_theme","Theme","Design","ok"
"nav_users","Users","Benutzer","ok"
"password_match","Passwords match","Passwoerter stimmen ueberein","ok"
"password_mismatch","Passwords do not match","Passwoerter stimmen nicht ueberein","ok"
"password_policy_missing","Missing requirements","Fehlende Anforderungen","ok"
"password_policy_ok","Password rules satisfied","Passwortregeln erfuellt","ok"
"password_rule_at_least","at least {n} characters","mindestens {n} Zeichen","ok"
"password_rule_at_most","at most {n} characters","hoechstens {n} Zeichen","ok"
"password_rule_digit","one digit","eine Ziffer","ok"
"password_rule_lower","one lowercase letter","ein Kleinbuchstabe","ok"
"password_rule_special","one special character","ein Sonderzeichen","ok"
"password_rule_upper","one uppercase letter","ein Grossbuchstabe","ok"
"password_rules_chars","characters","Zeichen","ok"
"password_rules_prefix","Rules:","Regeln:","ok"
"reset_new_heading","New password","Neues Passwort","ok"
"reset_new_subheading","Choose a new secure password","Waehlen Sie ein neues sicheres Passwort","ok"
"reset_request_heading","Forgot password","Passwort vergessen","ok"
"reset_request_subheading","Enter your identifier to receive a reset link","Geben Sie Ihren Identifikator ein, um einen Reset-Link zu erhalten","ok"
"reset_request_submit","Send reset link","Reset-Link senden","ok"
"reset_submit","Reset password","Passwort zuruecksetzen","ok"
"reset_title","Password Reset","Passwort zuruecksetzen","ok"
"role_admin","Administrator","Administrator","untranslated"
"role_user","User","Benutzer","ok"
"settings_backup_action_delete","Delete","Loeschen","ok"
"settings_backup_action_export","Export","Exportieren","ok"
"settings_backup_action_restore","Restore","Wiederherstellen","ok"
"settings_backup_archives_desc","Restoration is prepared then applied on next JellyGate restart.","Backup Archives Desc","ok"
"settings_backup_archives_title","Available archives","Backup Archives Title","ok"
"settings_backup_col_actions","Actions","Backup Col Actions","ok"
"settings_backup_col_archive","Archive","Backup Col Archive","ok"
"settings_backup_col_date","Date","Backup Col Date","ok"
"settings_backup_col_size","Size","Backup Col Size","ok"
"settings_backup_create_now","Create backup now","Backup Create Now","ok"
"settings_backup_created","Backup created","Sicherung erstellt","ok"
"settings_backup_daily_time","Daily execution time","Backup Daily Time","ok"
"settings_backup_delete_confirm_prefix","Delete permanently","Endgueltig loeschen","ok"
"settings_backup_delete_error","Delete failed","Loeschen fehlgeschlagen","ok"
"settings_backup_deleted","Backup deleted","Sicherung geloescht","ok"
"settings_backup_desc","Configure automatic backups, create manual backups, import archives, and prepare a restoration.","Backup Desc","ok"
"settings_backup_enable_auto","Enable automatic backups","Backup Enable Auto","ok"
"settings_backup_error","Backup error","Sicherungsfehler","ok"
"settings_backup_import_btn","Import","Backup Import Btn","ok"
"settings_backup_import_desc","Import a ZIP archive into JellyGate for later restoration. Export/Delete actions remain available below.","Backup Import Desc","ok"
"settings_backup_import_error","Import failed","Import fehlgeschlagen","ok"
"settings_backup_import_title","Import a backup","Backup Import Title","ok"
"settings_backup_imported","Backup imported","Sicherung importiert","ok"
"settings_backup_list_empty","No backup available.","Backup List Empty","ok"
"settings_backup_list_load_error","Unable to load backups.","Backup List Load Error","ok"
"settings_backup_list_pg_unavailable","PostgreSQL mode: SQLite archives are unavailable. Use pg_dump/pg_restore.","Backup List Pg Unavailable","ok"
"settings_backup_manual_desc","Create an exportable ZIP archive (SQLite DB + settings + templates).","Backup Manual Desc","ok"
"settings_backup_manual_title","Manual backup","Backup Manual Title","ok"
"settings_backup_pg_mode_desc_1","Native JellyGate ZIP backups (SQLite) are disabled.","Backup Pg Mode Desc 1","ok"
"settings_backup_pg_mode_desc_2","Use pg_dump and pg_restore for PostgreSQL.","Backup Pg Mode Desc 2","ok"
"settings_backup_pg_mode_title","PostgreSQL mode detected","Backup Pg Mode Title","ok"
"settings_backup_pg_not_supported","Action not supported in PostgreSQL mode","Aktion im PostgreSQL-Modus nicht unterstuetzt","ok"
"settings_backup_pg_plan_unavailable","Local backup scheduler unavailable in PostgreSQL mode (use pg_dump/pg_restore)","Backup Pg Plan Unavailable","ok"
"settings_backup_restore_confirm_prefix","Prepare restoration for","Wiederherstellung vorbereiten fuer","ok"
"settings_backup_restore_confirm_suffix","A restart is required.","Ein Neustart ist erforderlich.","ok"
"settings_backup_restore_error","Restore failed","Wiederherstellung fehlgeschlagen","ok"
"settings_backup_restore_ready","Restoration prepared. Restart JellyGate.","Wiederherstellung vorbereitet. Starten Sie JellyGate neu.","ok"
"settings_backup_retention_fixed","Backups kept (fixed)","Backup Retention Fixed","ok"
"settings_backup_retention_help","JellyGate automatically keeps the latest 7 backups (including imports).","Backup Retention Help","ok"
"settings_backup_save_schedule","Save backup schedule","Backup Save Schedule","ok"
"settings_backup_select_zip","Select a .zip file","ZIP-Datei auswaehlen","ok"
"settings_backup_title","Backups and restoration","Backup Title","ok"
"settings_default_lang","Server default language","Standardsprache des Servers","ok"
"settings_default_lang_help","Language used when the user has no preference set","Sprache, die verwendet wird, wenn der Benutzer keine Praeferenz gesetzt hat","ok"
"settings_default_none","Default (none)","Standard (keiner)","ok"
"settings_email_base_desc","This shared shell contains the HTML used by all emails. Simple message content is inserted automatically between these two blocks.","This shared shell contains the HTML used by all emails. Simple message content is inserted automatically between these two blocks.","untranslated"
"settings_email_base_footer","Base template: HTML footer","Base template: HTML footer","untranslated"
"settings_email_base_header","Base template: HTML header","Base template: HTML header","untranslated"
"settings_email_base_live_preview_desc","The render updates automatically while you edit the header or footer.","The render updates automatically while you edit the header or footer.","untranslated"
"settings_email_base_live_preview_title","Live base preview","Live base preview","untranslated"
"settings_email_base_preview","Preview base template","Preview base template","untranslated"
"settings_email_base_preview_demo","You received an invitation to join the Jellyfin server.

The button and direct link appear automatically below this message.","You received an invitation to join the Jellyfin server.

The button and direct link appear automatically below this message.","untranslated"
"settings_email_base_preview_desc","This preview shows the shared shell with a simple message and the standard automatic blocks.","This preview shows the shared shell with a simple message and the standard automatic blocks.","untranslated"
"settings_email_base_restore","Restore default base","Restore default base","untranslated"
"settings_email_base_title","Shared base template","Shared base template","untranslated"
"settings_email_base_variables_title","Advanced variables for the base template","Advanced variables for the base template","untranslated"
"settings_email_body_mode_desc","The editors below are no-code: plain text only, with support for variables such as {{.Username}}, {{.Email}}, or {{.ExpiryDate}}. Buttons, links, and system dates are added automatically in the final render.","The message editors below are no-code: plain text only. Buttons, links, and system dates are added automatically in the final render.","ok"
"settings_email_body_mode_title","Simple messages without markup","Simple messages without markup","untranslated"
"settings_email_delivery_desc","Enable only the emails or sections that JellyGate should send automatically.","Aktivieren Sie nur die E-Mails oder Abschnitte, die JellyGate automatisch senden soll.","ok"
"settings_email_delivery_title","Optional messages","Optionale Nachrichten","ok"
"settings_email_preview_close_aria","Close preview","Email Preview Close Aria","ok"
"settings_email_preview_desc","Preview the final render with the shared email wrapper and demonstration values.","Email Preview Desc","ok"
"settings_email_preview_title","Email template preview","Email Preview Title","ok"
"settings_email_reminder_days","N days before expiry","Email Reminder Days","ok"
"settings_email_reminder_schedule_desc","Define how many days before expiration an automatic reminder is sent.","Email Reminder Schedule Desc","ok"
"settings_email_reminder_schedule_title","Expiry reminder schedule","Email Reminder Schedule Title","ok"
"settings_email_section_lifecycle","Account lifecycle","Kontolebenszyklus","ok"
"settings_email_section_onboarding","Signup and invitations","Registrierung und Einladungen","ok"
"settings_email_section_security","Security and recovery","Sicherheit und Wiederherstellung","ok"
"settings_email_templates_desc","Write only the message content. JellyGate automatically inserts it into the shared email wrapper, and you can personalize the text with the available variables.","Bearbeiten Sie nur die Nachrichten, die Sie wirklich verwenden. Die Bereiche rechts halten die Seite ubersichtlich.","ok"
"settings_email_templates_title","Email templates","E-Mail-Vorlagen","ok"
"settings_email_tpl_confirmation","Confirmation email","Bestatigungs-E-Mail","ok"
"settings_email_tpl_confirmation_desc","Sent to confirm signup.","Email Tpl Confirmation Desc","ok"
"settings_email_tpl_email_verification","Email verification","E-Mail-Bestatigung","ok"
"settings_email_tpl_email_verification_desc","Sent to confirm a new or existing email address before account recovery and notifications.","Wird gesendet, um eine neue oder bestehende E-Mail-Adresse vor Kontowiederherstellung und Benachrichtigungen zu bestatigen.","ok"
"settings_email_tpl_email_verification_subject","Email verification subject","Betreff der E-Mail-Bestatigung","ok"
"settings_email_tpl_email_verification_subject_desc","Subject line for email verification messages. Variables are supported.","Betreff fur E-Mails zur E-Mail-Bestatigung. Variablen werden unterstutzt.","ok"
"settings_email_tpl_expiry_adjusted","Expiry adjusted","Ablaufdatum geandert","ok"
"settings_email_tpl_expiry_adjusted_desc","Sent when account expiry date is modified.","Email Tpl Expiry Adjusted Desc","ok"
"settings_email_tpl_expiry_reminder","Expiry reminder","Ablauf-Erinnerung","ok"
"settings_email_tpl_expiry_reminder_1","Expiry reminder D-1","Ablauf-Erinnerung T-1","ok"
"settings_email_tpl_expiry_reminder_14","Expiry reminder D-14","Ablauf-Erinnerung T-14","ok"
"settings_email_tpl_expiry_reminder_14_desc","Template sent 14 days before expiration.","Email Tpl Expiry Reminder 14 Desc","ok"
"settings_email_tpl_expiry_reminder_1_desc","Template sent 1 day before expiration.","Email Tpl Expiry Reminder 1 Desc","ok"
"settings_email_tpl_expiry_reminder_7","Expiry reminder D-7","Ablauf-Erinnerung T-7","ok"
"settings_email_tpl_expiry_reminder_7_desc","Template sent 7 days before expiration.","Email Tpl Expiry Reminder 7 Desc","ok"
"settings_email_tpl_expiry_reminder_desc","Automatic notification before account expiry.","Email Tpl Expiry Reminder Desc","ok"
"settings_email_tpl_invitation","Invitation email","Einladungs-E-Mail","ok"
"settings_email_tpl_invitation_desc","Main message guiding users to Jellyfin access.","Email Tpl Invitation Desc","ok"
"settings_email_tpl_invite_expiry","Invitation expiry","Einladung lauft ab","ok"
"settings_email_tpl_invite_expiry_desc","Reminder that an invitation link will expire soon.","Email Tpl Invite Expiry Desc","ok"
"settings_email_tpl_password_reset","Password reset","Passwort zurucksetzen","ok"
"settings_email_tpl_password_reset_desc","Contains reset link/code sent to user.","Email Tpl Password Reset Desc","ok"
"settings_email_tpl_post_signup_help","Post-signup help","Hilfe nach der Registrierung","ok"
"settings_email_tpl_post_signup_help_desc","Instructions after account creation.","Email Tpl Post Signup Help Desc","ok"
"settings_email_tpl_pre_signup_help","Pre-signup help","Hilfe vor der Registrierung","ok"
"settings_email_tpl_pre_signup_help_desc","Guidance before creating the account.","Email Tpl Pre Signup Help Desc","ok"
"settings_email_tpl_user_creation","User creation","Konto erstellt","ok"
"settings_email_tpl_user_creation_desc","Confirms account creation by an administrator.","Email Tpl User Creation Desc","ok"
"settings_email_tpl_user_deletion","User deletion","Konto geloscht","ok"
"settings_email_tpl_user_deletion_desc","Notification that an account was deleted.","Email Tpl User Deletion Desc","ok"
"settings_email_tpl_user_deletion_disable_notice","Do not send this email on user deletion","Email Tpl User Deletion Disable Notice","ok"
"settings_email_tpl_user_disabled","User disabled","Konto deaktiviert","ok"
"settings_email_tpl_user_disabled_desc","Sent when an account is disabled.","Email Tpl User Disabled Desc","ok"
"settings_email_tpl_user_enabled","User enabled","Konto reaktiviert","ok"
"settings_email_tpl_user_enabled_desc","Sent when an account is re-enabled.","Email Tpl User Enabled Desc","ok"
"settings_email_tpl_user_expired","User expired","Konto abgelaufen","ok"
"settings_email_tpl_user_expired_desc","Sent when an account expires automatically.","Email Tpl User Expired Desc","ok"
"settings_email_tpl_welcome","Welcome","Willkommen","ok"
"settings_email_tpl_welcome_desc","Global post-signup welcome message.","Email Tpl Welcome Desc","ok"
"settings_email_var_email","email address","Email Var Email","ok"
"settings_email_var_expires_in","validity duration","Email Var Expires In","ok"
"settings_email_var_expiry_date","expiry date","Email Var Expiry Date","ok"
"settings_email_var_help_url","support / onboarding URL","Email Var Help Url","ok"
"settings_email_var_invite_code","invitation code","Email Var Invite Code","ok"
"settings_email_var_invite_link","invitation link","Email Var Invite Link","ok"
"settings_email_var_jellyfin_url","Jellyfin login URL","Email Var Jellyfin Url","ok"
"settings_email_var_jellygate_url","public JellyGate URL","Email Var Jellygate Url","ok"
"settings_email_var_jellyseerr_url","Jellyseerr URL","Email Var Jellyseerr Url","ok"
"settings_email_var_message","custom message (admin invitation)","Email Var Message","ok"
"settings_email_var_reset_code","reset code","Email Var Reset Code","ok"
"settings_email_var_reset_link","reset link","Email Var Reset Link","ok"
"settings_email_var_username","username","Email Var Username","ok"
"settings_email_var_verification_code","email verification code","E-Mail-Bestatigungscode","ok"
"settings_email_var_verification_link","email verification link","E-Mail-Bestatigungslink","ok"
"settings_email_variable_insert","Insert","Einfugen","ok"
"settings_email_variable_picker_label","Variable to insert","Variable zum Einfugen","ok"
"settings_email_variable_picker_placeholder","Choose a variable","Variable auswahlen","ok"
"settings_email_variables_title","Available variables","Email Variables Title","ok"
"settings_expiry_action_delete","Delete","Expiry Action Delete","ok"
"settings_expiry_action_disable","Disable","Expiry Action Disable","ok"
"settings_expiry_action_disable_then_delete","Disable then delete","Expiry Action Disable Then Delete","ok"
"settings_general_desc","Configure JellyGate global settings","Konfigurieren Sie die globalen Einstellungen von JellyGate","ok"
"settings_general_title","General Settings","Allgemeine Einstellungen","ok"
"settings_host_required","Host *","Host *","untranslated"
"settings_invite_allow_inviter_grant","Allow inviters to let the new account create invitations","Allow inviters to let the new account create invitations","untranslated"
"settings_invite_allow_inviter_user_expiry","Allow inviters to customize user expiry","Invite Allow Inviter User Expiry","ok"
"settings_invite_delete_after_days","Delete account after (days)","Invite Delete After Days","ok"
"settings_invite_disable_after_days","Disable account after (days)","Invite Disable After Days","ok"
"settings_invite_enable_downloads","Allow direct downloads","Invite Enable Downloads","ok"
"settings_invite_expiry_action","Action on expiry","Invite Expiry Action","ok"
"settings_invite_inviter_max_link_hours","Max link TTL (hours, non-admin inviters)","Invite Inviter Max Link Hours","ok"
"settings_invite_inviter_max_uses","Max uses (non-admin inviters)","Invite Inviter Max Uses","ok"
"settings_invite_inviter_quota_day","Invite links quota / day (inviter)","Invite Inviter Quota Day","ok"
"settings_invite_inviter_quota_month","Invite links quota / month (inviter)","Invite Inviter Quota Month","ok"
"settings_invite_inviter_quota_week","Invite links quota / week (inviter)","Invite Inviter Quota Week","ok"
"settings_invite_password_max","Password max","Invite Password Max","ok"
"settings_invite_password_min","Password min","Invite Password Min","ok"
"settings_invite_profile_clone_user","Clone Jellyfin profile","Invite Profile Clone User","ok"
"settings_invite_profile_desc","These rules are automatically applied to each new invitation. Non-admin users cannot modify them from invitation creation.","Invite Profile Desc","ok"
"settings_invite_profile_preset","Jellyfin preset","Invite Profile Preset","ok"
"settings_invite_profile_title","Invitation profile","Invite Profile Title","ok"
"settings_invite_require_email","Email required at signup","E-Mail bei der Registrierung erforderlich","ok"
"settings_invite_require_email_verification","Verify email before account creation","E-Mail vor Kontoerstellung bestaetigen","ok"
"settings_invite_username_max","Username max","Invite Username Max","ok"
"settings_invite_username_min","Username min","Invite Username Min","ok"
"settings_ldap_base_dn","Base DN *","Basis-DN *","ok"
"settings_ldap_bind_dn","Bind DN *","Bind-DN *","ok"
"settings_ldap_bind_password","Bind password *","Bind-Passwort *","ok"
"settings_ldap_desc","Connect JellyGate to your directory via LDAP/LDAPS","Verbinden Sie JellyGate ueber LDAP oder LDAPS mit Ihrem Verzeichnis","ok"
"settings_ldap_domain","AD domain *","AD-Domaene *","ok"
"settings_ldap_group_admin","LDAP administrators group","LDAP-Administratoren-Gruppe","ok"
"settings_ldap_group_admin_help","This group targets full-control accounts.","Diese Gruppe ist fuer Konten mit voller Kontrolle.","ok"
"settings_ldap_group_inviter","LDAP inviter group","LDAP-Einladergruppe","ok"
"settings_ldap_group_inviter_help","This group grants normal access and invite rights.","Diese Gruppe erhaelt normalen Zugriff und Einladungsrechte.","ok"
"settings_ldap_group_member_attr","Group member attribute","Gruppen-Mitgliedsattribut","ok"
"settings_ldap_group_member_attr_help","Set to member (AD/groupOfNames) or memberUid (posixGroup).","Nutzen Sie member (AD/groupOfNames) oder memberUid (posixGroup).","ok"
"settings_ldap_group_users","LDAP users group","LDAP-Benutzergruppe","ok"
"settings_ldap_group_users_help","Automatically assigned to standard users.","Wird standardmaessig Benutzern automatisch zugewiesen.","ok"
"settings_ldap_mode_hybrid","Hybrid (LDAP + Jellyfin)","Hybrid (LDAP + Jellyfin)","untranslated"
"settings_ldap_mode_ldap_only","LDAP only (no Jellyfin API user creation)","Nur LDAP (keine Jellyfin-API-Benutzererstellung)","ok"
"settings_ldap_provision_mode","Provisioning mode","Provisionierungsmodus","ok"
"settings_ldap_skip_verify","Skip TLS certificate verification","TLS-Zertifikatspruefung ueberspringen","ok"
"settings_ldap_test_connection_btn","Test LDAP connection","LDAP-Verbindung testen","ok"
"settings_ldap_test_credentials_required","Enter test username and password for Jellyfin LDAP plugin validation.","Geben Sie Test-Benutzername und Passwort ein, um das Jellyfin-LDAP-Plugin zu pruefen.","ok"
"settings_ldap_test_failed","Test failed","Test fehlgeschlagen","ok"
"settings_ldap_test_jellyfin_btn","Test Jellyfin login (LDAP plugin)","Jellyfin-Anmeldung testen (LDAP-Plugin)","ok"
"settings_ldap_test_password","Test password","Test-Passwort","ok"
"settings_ldap_test_running","Test in progress...","Test laeuft...","ok"
"settings_ldap_test_success","Test succeeded","Test erfolgreich","ok"
"settings_ldap_test_user_btn","Test user lookup","Benutzersuche testen","ok"
"settings_ldap_test_username","Test user identifier","Test-Benutzerkennung","ok"
"settings_ldap_test_username_required","Enter a test user identifier.","Geben Sie eine Test-Benutzerkennung ein.","ok"
"settings_ldap_tests_desc","These tests do not save configuration. They validate LDAP connection, user lookup with the configured login attribute, then Jellyfin LDAP plugin authentication.","Diese Tests speichern die Konfiguration nicht. Sie pruefen die LDAP-Verbindung, die Benutzersuche mit dem konfigurierten Login-Attribut und danach die Authentifizierung ueber das Jellyfin-LDAP-Plugin.","ok"
"settings_ldap_tests_title","LDAP tests and Jellyfin LDAP plugin","LDAP-Tests und Jellyfin-LDAP-Plugin","ok"
"settings_ldap_title","Active Directory / LDAP","Active Directory / LDAP","untranslated"
"settings_ldap_tls","LDAPS (TLS)","LDAPS (TLS)","untranslated"
"settings_ldap_user_object_class","User objectClass","Benutzer objectClass","ok"
"settings_ldap_user_object_class_help","Set to auto for detection, or force values like user, person, inetOrgPerson, posixAccount.","Lassen Sie auto fuer Erkennung oder setzen Sie user, person, inetOrgPerson, posixAccount.","ok"
"settings_ldap_user_ou","User OU","Benutzer-OU","ok"
"settings_ldap_username_attr_ad","sAMAccountName (Active Directory)","sAMAccountName (Active Directory)","untranslated"
"settings_ldap_username_attr_auto","Auto-detect (AD/OpenLDAP)","Auto-Erkennung (AD/OpenLDAP)","ok"
"settings_ldap_username_attr_cn","cn (common name)","cn (Allgemeiner Name)","ok"
"settings_ldap_username_attr_uid","uid (OpenLDAP / Synology)","uid (OpenLDAP / Synology)","untranslated"
"settings_ldap_username_attr_upn","userPrincipalName (UPN)","userPrincipalName (UPN)","untranslated"
"settings_ldap_username_attribute","User login attribute","Login-Attribut","ok"
"settings_ldap_username_attribute_help","Pick the LDAP attribute used to identify users (uid on Synology/OpenLDAP, sAMAccountName on Active Directory).","Waehlen Sie das LDAP-Attribut zur Benutzerkennung (uid fuer Synology/OpenLDAP, sAMAccountName fuer Active Directory).","ok"
"settings_loading","Loading...","Wird geladen...","ok"
"settings_matrix_access_token","Access token","Matrix Access Token","ok"
"settings_matrix_homeserver_url","Homeserver URL","Matrix Homeserver Url","ok"
"settings_matrix_room_id","Room ID","Matrix Room Id","ok"
"settings_open_jellyfin","Open Jellyfin","Jellyfin oeffnen","ok"
"settings_open_jellygate_public","Open public JellyGate","Oeffentliches JellyGate oeffnen","ok"
"settings_open_jellyseerr","Open Jellyseerr","Jellyseerr oeffnen","ok"
"settings_open_jellytrack","Open jellytrack","jellytrack oeffnen","ok"
"settings_overview_backup_desc","Plan backups, import archives, and prepare a safe restoration.","Planen Sie Backups, importieren Sie Archive und bereiten Sie eine sichere Wiederherstellung vor.","ok"
"settings_overview_desc","Move quickly between language defaults, identity, delivery channels, templates, and recovery workflows.","Wechseln Sie schnell zwischen Standardsprache, IdentitÃ¤t, VersandkanÃ¤len, Vorlagen und Wiederherstellung.","ok"
"settings_overview_general_desc","Public URLs, default language, and invitation defaults.","Ã–ffentliche URLs, Standardsprache und Einladungsvorgaben.","ok"
"settings_overview_ldap_desc","Directory connection, provisioning mode, groups, and validation tests.","Verzeichnisanbindung, Bereitstellungsmodus, Gruppen und Validierungstests.","ok"
"settings_overview_smtp_desc","Outgoing email transport used for invitations and password recovery.","E-Mail-Transport fÃ¼r Einladungen und Passwortwiederherstellung.","ok"
"settings_overview_templates_desc","Edit every email scenario and preview the rendered message.","Bearbeiten Sie jedes E-Mail-Szenario und prÃ¼fen Sie die gerenderte Vorschau.","ok"
"settings_overview_title","Service control","Servicezentrale","ok"
"settings_overview_webhooks_desc","Discord, Telegram, and Matrix notifications for registration activity.","Discord-, Telegram- und Matrix-Benachrichtigungen fÃ¼r Registrierungen.","ok"
"settings_password_digit_required","Digit required","Password Digit Required","ok"
"settings_password_lower_required","Lowercase required","Password Lower Required","ok"
"settings_password_special_required","Special character required","Password Special Required","ok"
"settings_password_upper_required","Uppercase required","Password Upper Required","ok"
"settings_port","Port","Port","untranslated"
"settings_preset_fallback","Preset","Preset","untranslated"
"settings_preview_button","Preview","Vorschau","ok"
"settings_preview_impossible","Preview unavailable","Vorschau nicht verfuegbar","ok"
"settings_preview_loading","Loading preview...","Vorschau wird geladen...","ok"
"settings_public_jellyfin_help","Used in buttons and email templates via","Public Jellyfin Help","ok"
"settings_public_jellyfin_url","Public Jellyfin URL","Oeffentliche Jellyfin-URL","ok"
"settings_public_jellygate_help","Used for invitation links and templates via","Public Jellygate Help","ok"
"settings_public_jellygate_url","Public JellyGate URL","Oeffentliche JellyGate-URL","ok"
"settings_public_jellyseerr_help","Available in templates via","Public Jellyseerr Help","ok"
"settings_public_jellyseerr_url","Public Jellyseerr URL","Oeffentliche Jellyseerr-URL","ok"
"settings_public_jellytrack_help","Available in templates via","Public jellytrack Help","ok"
"settings_public_jellytrack_url","Public jellytrack URL","Oeffentliche jellytrack-URL","ok"
"settings_quick_links","Quick links","Schnellzugriffe","ok"
"settings_save_error","Save failed","Speichern fehlgeschlagen","ok"
"settings_save_invite_profile","Save invitation profile","Einladungsprofil speichern","ok"
"settings_save_ldap","Save LDAP settings","LDAP-Einstellungen speichern","ok"
"settings_save_smtp","Save SMTP","SMTP speichern","ok"
"settings_save_templates","Save templates","Vorlagen speichern","ok"
"settings_save_webhooks","Save Webhooks","Webhooks speichern","ok"
"settings_saved","Settings saved","Einstellungen gespeichert","ok"
"settings_smtp_desc","Configure email sending (invitations, password reset)","Konfigurieren Sie den E-Mail-Versand fuer Einladungen und Passwort-Resets","ok"
"settings_smtp_from","Sender address *","Smtp From","ok"
"settings_smtp_password","Password *","Smtp Password","ok"
"settings_smtp_starttls","STARTTLS / TLS","Smtp Starttls","ok"
"settings_smtp_title","SMTP server","SMTP-Server","ok"
"settings_smtp_username","Username *","Smtp Username","ok"
"settings_subheading","Configure external services from this interface","Konfigurieren Sie externe Dienste ueber diese Oberflaeche","ok"
"settings_tab_backup","Backups","Sicherungen","ok"
"settings_tab_email_templates","Email Templates","E-Mail-Vorlagen","ok"
"settings_tab_general","General","Allgemein","ok"
"settings_tab_ldap","LDAP","LDAP","untranslated"
"settings_tab_smtp","SMTP","SMTP","untranslated"
"settings_tab_webhooks","Webhooks","Webhooks","untranslated"
"settings_telegram_bot_token","Bot token","Telegram Bot Token","ok"
"settings_telegram_chat_id","Chat ID","Telegram Chat Id","ok"
"settings_template_empty","Template is empty.","Vorlage ist leer.","ok"
"settings_webhook_url","Webhook URL","Webhook-URL","ok"
"settings_webhooks_desc","Receive notifications when a user registers","Erhalten Sie Benachrichtigungen, wenn sich ein Benutzer registriert","ok"
"settings_webhooks_title","Webhook notifications","Webhook-Benachrichtigungen","ok"
"settings_zero_no_extra_limit","0 = no extra limit.","Zero No Extra Limit","ok"
"settings_zero_unlimited","0 = unlimited.","Zero Unlimited","ok"
"stat_active_users","Active","Aktiv","ok"
"stat_banned_users","Banned","Gesperrt","ok"
"stat_invitations","Invitations","Einladungen","ok"
"stat_total_users","Users","Benutzer","ok"
"status_active","Active","Aktiv","ok"
"status_banned","Banned","Gesperrt","ok"
"status_inactive","Inactive","Inaktiv","ok"
"submitting","Creating account...","Konto wird erstellt...","ok"
"success","Success","Erfolg","ok"
"users_action_activate","Activate account","Konto aktivieren","ok"
"users_action_activate_help","Re-enable the selected accounts without changing their other settings.","Aktiviert die ausgewÃ¤hlten Konten erneut, ohne andere Einstellungen zu Ã¤ndern.","ok"
"users_action_apply_preset","Apply Jellyfin preset","Jellyfin-Vorgabe anwenden","ok"
"users_action_apply_preset_help","Push a predefined Jellyfin policy preset to every selected account.","Ãœberschreibt eine vordefinierte Jellyfin-Richtlinie auf alle ausgewÃ¤hlten Konten.","ok"
"users_action_deactivate","Disable account","Konto deaktivieren","ok"
"users_action_deactivate_help","Temporarily block access for the selected accounts.","Sperrt den Zugriff der ausgewÃ¤hlten Konten vorÃ¼bergehend.","ok"
"users_action_delete","Delete account","Konto lÃ¶schen","ok"
"users_action_delete_help","Permanently remove the selected accounts from every configured backend.","Entfernt die ausgewÃ¤hlten Konten dauerhaft aus allen konfigurierten Backends.","ok"
"users_action_jellyfin_policy","Adjust Jellyfin policy","Jellyfin-Richtlinie anpassen","ok"
"users_action_jellyfin_policy_help","Override downloads, remote access, sessions, or bitrate limits in bulk.","Ãœberschreibt Downloads, Fernzugriff, Sitzungen oder Bitratenlimits gesammelt.","ok"
"users_action_send_email","Send email","E-Mail senden","ok"
"users_action_send_email_help","Write a one-off message and deliver it to the selected users.","Verfassen Sie eine einmalige Nachricht fÃ¼r die ausgewÃ¤hlten Benutzer.","ok"
"users_action_send_password_reset","Send password reset","Passwort-Reset senden","ok"
"users_action_send_password_reset_help","Trigger a password reset email for every selected account.","LÃ¶st fÃ¼r alle ausgewÃ¤hlten Konten eine Passwort-Reset-E-Mail aus.","ok"
"users_action_set_expiry","Set access expiry","Ablaufdatum setzen","ok"
"users_action_set_expiry_help","Define or clear the access expiration date on the selected users.","Setzt oder entfernt das Ablaufdatum fÃ¼r die ausgewÃ¤hlten Benutzer.","ok"
"users_action_set_invite","Update invite rights","Einladungsrechte Ã¤ndern","ok"
"users_action_set_invite_help","Grant or remove invitation rights on the selected accounts.","Vergibt oder entzieht Einladungsrechte fÃ¼r die ausgewÃ¤hlten Konten.","ok"
"users_allow_invite","Can invite","Darf einladen","ok"
"users_apply","Apply","Anwenden","ok"
"users_bulk_action_failed","Bulk action failed","Sammelaktion fehlgeschlagen","ok"
"users_bulk_action_generic","Bulk action","Sammelaktion","ok"
"users_bulk_action_on","for","fÃ¼r","ok"
"users_bulk_action_placeholder","Choose a bulk action","Sammelaktion wÃ¤hlen","ok"
"users_bulk_assistant_desc","Select the right users first, then configure the action with as little rework as possible.","WÃ¤hlen Sie zuerst die richtigen Benutzer und konfigurieren Sie die Aktion dann ohne unnÃ¶tige Fehler.","ok"
"users_bulk_blocked_prefix","Blocked","Blockiert","ok"
"users_bulk_choose_action","Choose an action","Aktion auswÃ¤hlen","ok"
"users_bulk_complete_required","Complete the required parameters","Pflichtangaben vervollstÃ¤ndigen","ok"
"users_bulk_config_ready","Configuration looks valid","Konfiguration ist gÃ¼ltig","ok"
"users_bulk_confirm_template","{action}`n`nTarget users: {count}`nConfirm execution?","{action}`n`nZielbenutzer: {count}`nAusfuehrung bestaetigen?","ok"
"users_bulk_desc","Select users, choose an action, then validate the required parameters before execution.","WÃ¤hlen Sie Benutzer, definieren Sie eine Aktion und prÃ¼fen Sie vor der AusfÃ¼hrung alle Pflichtparameter.","ok"
"users_bulk_done","Action completed: {success}/{total} success","Aktion abgeschlossen: {success}/{total} erfolgreich","ok"
"users_bulk_email","Bulk email","Massen-E-Mail","ok"
"users_bulk_email_body","Message body","Nachrichtentext","ok"
"users_bulk_email_open","Open the bulk email assistant","Sammel-E-Mail-Assistent Ã¶ffnen","ok"
"users_bulk_email_subject","Email subject","E-Mail-Betreff","ok"
"users_bulk_email_variables","Available variables","VerfÃ¼gbare Variablen","ok"
"users_bulk_instructions","The assistant prevents incomplete actions before execution. Select users, choose the action, then finish the required fields.","Der Assistent verhindert unvollstÃ¤ndige Aktionen vor der AusfÃ¼hrung. Benutzer wÃ¤hlen, Aktion festlegen, Pflichtfelder ausfÃ¼llen.","ok"
"users_bulk_jellyfin_invalid","One or more Jellyfin policy values are invalid.","Mindestens ein Wert der Jellyfin-Richtlinie ist ungÃ¼ltig.","ok"
"users_bulk_need_email_body","Enter both the email subject and message body.","Betreff und Nachrichtentext mÃ¼ssen beide ausgefÃ¼llt sein.","ok"
"users_bulk_need_expiry","Set an expiry date or choose to clear the existing one.","Legen Sie ein Ablaufdatum fest oder wÃ¤hlen Sie das LÃ¶schen des vorhandenen Datums.","ok"
"users_bulk_need_jellyfin_param","Change at least one Jellyfin policy setting.","Ã„ndern Sie mindestens eine Jellyfin-Richtlinieneinstellung.","ok"
"users_bulk_need_preset","Choose a Jellyfin preset before continuing.","WÃ¤hlen Sie vor dem Fortfahren eine Jellyfin-Vorgabe.","ok"
"users_bulk_no_extra_params","This action does not need extra parameters.","Diese Aktion benÃ¶tigt keine zusÃ¤tzlichen Parameter.","ok"
"users_bulk_none","none","keine","ok"
"users_bulk_ready_suffix","ready to apply","bereit zum Anwenden","ok"
"users_bulk_select_one","Select at least one user.","WÃ¤hlen Sie mindestens einen Benutzer aus.","ok"
"users_bulk_select_preset","Choose a preset","Vorgabe auswÃ¤hlen","ok"
"users_bulk_selected_suffix","users selected","Benutzer ausgewÃ¤hlt","ok"
"users_bulk_step_action","Choose action","Aktion wÃ¤hlen","ok"
"users_bulk_step_select","Select users","Benutzer wÃ¤hlen","ok"
"users_bulk_step_verify","Validate config","Konfiguration prÃ¼fen","ok"
"users_bulk_summary_placeholder","Your action summary will appear here.","Hier erscheint die Zusammenfassung Ihrer Aktion.","ok"
"users_bulk_title","Bulk assistant","Sammelassistent","ok"
"users_bulk_valid_prefix","Valid","Gueltig","ok"
"users_clear_expiry","Clear expiry","Ablauf entfernen","ok"
"users_close","Close","Schliessen","ok"
"users_col_expiry","Expiry","Ablauf","ok"
"users_col_group","Group","Gruppe","ok"
"users_col_invite","Invite","Einladung","ok"
"users_delete_confirm","Delete permanently","Endgueltig loeschen","ok"
"users_delete_confirm_template","User ""{username}"" will be deleted from AD, Jellyfin, and the local database. This action is irreversible.","Benutzer ""{username}"" wird aus AD, Jellyfin und der lokalen Datenbank geloescht. Diese Aktion ist unumkehrbar.","ok"
"users_delete_confirm_title","Confirm deletion","Loeschen bestaetigen","ok"
"users_delete_error","Unable to delete this user.","Benutzer konnte nicht gelÃ¶scht werden.","ok"
"users_delete_title","Delete user","Benutzer lÃ¶schen","ok"
"users_deleted","User deleted","Benutzer gelÃ¶scht","ok"
"users_displayed_count","displayed /","angezeigt /","ok"
"users_edit","Edit","Bearbeiten","ok"
"users_edit_title","Edit account","Konto bearbeiten","ok"
"users_filter_expiry_active","With expiry date","Mit Ablaufdatum","ok"
"users_filter_expiry_expired","Already expired","Bereits abgelaufen","ok"
"users_filter_expiry_none","No expiry date","Ohne Ablaufdatum","ok"
"users_filter_extra_all","Any extra signal","Jedes Zusatzsignal","ok"
"users_filter_invite_all","Any invite state","Jeder Einladungsstatus","ok"
"users_filter_invite_disabled","Invite disabled","Einladung deaktiviert","ok"
"users_filter_invite_enabled","Invite enabled","Einladung aktiviert","ok"
"users_filter_jellyfin_all","Any Jellyfin state","Jeder Jellyfin-Status","ok"
"users_filter_jellyfin_disabled","Jellyfin disabled","Jellyfin deaktiviert","ok"
"users_filter_jellyfin_missing","Missing in Jellyfin","In Jellyfin fehlend","ok"
"users_filter_jellyfin_ok","Healthy in Jellyfin","Jellyfin in Ordnung","ok"
"users_filter_status_all","Any account status","Jeder Kontostatus","ok"
"users_filter_with_email","Has email address","Mit E-Mail-Adresse","ok"
"users_filter_without_email","No email address","Ohne E-Mail-Adresse","ok"
"users_filters_clear","Clear filters","Filter zurÃ¼cksetzen","ok"
"users_filters_desc","Combine search, state, Jellyfin sync, invitation rights, and expiry signals.","Kombinieren Sie Suche, Status, Jellyfin-Sync, Einladungsrechte und Ablaufhinweise.","ok"
"users_filters_none","No active filters.","Keine aktiven Filter.","ok"
"users_filters_title","Find the right accounts","Die richtigen Konten finden","ok"
"users_heading","User Management","Benutzerverwaltung","ok"
"users_jellyfin_disabled","Jellyfin disabled","Jellyfin deaktiviert","ok"
"users_jellyfin_missing","Jellyfin missing","Fehlt in Jellyfin","ok"
"users_jf_bitrate_placeholder","Remote bitrate limit (kbps)","Remote-Bitrate-Limit (kbps)","ok"
"users_jf_download_allowed","Downloads allowed","Downloads erlaubt","ok"
"users_jf_download_blocked","Downloads blocked","Downloads gesperrt","ok"
"users_jf_download_unchanged","Keep current download policy","Aktuelle Download-Regel beibehalten","ok"
"users_jf_remote_allowed","Remote access allowed","Fernzugriff erlaubt","ok"
"users_jf_remote_blocked","Remote access blocked","Fernzugriff gesperrt","ok"
"users_jf_remote_unchanged","Keep current remote policy","Aktuelle Fernzugriffsregel beibehalten","ok"
"users_jf_sessions_placeholder","Max active sessions","Maximale aktive Sitzungen","ok"
"users_live_filters_desc","See the active constraints before applying a bulk action.","Sehen Sie die aktiven EinschrÃ¤nkungen, bevor Sie eine Sammelaktion anwenden.","ok"
"users_live_filters_title","Filter snapshot","FilterÃ¼bersicht","ok"
"users_load_error","Unable to load users","Benutzer konnten nicht geladen werden","ok"
"users_load_error_details","The users list could not be loaded.","Die Benutzerliste konnte nicht geladen werden.","ok"
"users_no","No","Nein","ok"
"users_no_filter_match","No account matches the current filters.","Kein Konto passt zu den aktuellen Filtern.","ok"
"users_no_local","No local accounts found yet.","Noch keine lokalen Konten vorhanden.","ok"
"users_overview_expiring","Expired access","Zugriff abgelaufen","ok"
"users_overview_filtered","Visible now","Derzeit sichtbar","ok"
"users_overview_inviters","Can invite","DÃ¼rfen einladen","ok"
"users_overview_total","Total accounts","Konten gesamt","ok"
"users_reset","Reset","Zuruecksetzen","ok"
"users_reset_error","Unable to send the password reset message.","Die Passwort-Reset-Nachricht konnte nicht gesendet werden.","ok"
"users_reset_sent","Password reset link sent to {username}","Passwort-Reset-Link wurde an {username} gesendet","ok"
"users_search_placeholder","Search...","Suchen...","ok"
"users_segment_access","Access policy","Zugriffsrichtlinie","ok"
"users_segment_accounts","Account state","Kontostatus","ok"
"users_segment_delivery","Communication","Kommunikation","ok"
"users_select_filtered","Select filtered","Gefilterte auswaehlen","ok"
"users_selection_clear","Clear selection","Auswahl aufheben","ok"
"users_selection_desc","Review the exact accounts that will be affected next.","PrÃ¼fen Sie genau, welche Konten als NÃ¤chstes betroffen sein werden.","ok"
"users_selection_empty","No users selected yet.","Noch keine Benutzer ausgewÃ¤hlt.","ok"
"users_selection_more","+{count} more","+{count} weitere","ok"
"users_selection_title","Selection snapshot","AuswahlÃ¼bersicht","ok"
"users_subheading","Manage accounts, enable or delete users","Verwalten Sie Konten, aktivieren oder loeschen Sie Benutzer","ok"
"users_subheading_extended","Manage local accounts, Jellyfin sync state, invitation rights, and expiry rules from one control room.","Verwalten Sie lokale Konten, den Jellyfin-Sync-Status, Einladungsrechte und Ablaufregeln zentral.","ok"
"users_sync_confirm","Launch a synchronization against Jellyfin now?","Synchronisierung mit Jellyfin jetzt starten?","ok"
"users_sync_done","Jellyfin sync completed","Jellyfin-Synchronisierung abgeschlossen","ok"
"users_sync_error","Jellyfin sync failed","Jellyfin-Synchronisierung fehlgeschlagen","ok"
"users_sync_jellyfin","Sync Jellyfin","Jellyfin synchronisieren","ok"
"users_sync_jellyfin_title","Refresh local data from Jellyfin","Lokale Daten aus Jellyfin aktualisieren","ok"
"users_sync_network_error","Network error during Jellyfin synchronization","Netzwerkfehler wÃ¤hrend der Jellyfin-Synchronisierung","ok"
"users_table_desc","Inspect each local account, then edit, reset, trace, enable, or delete in one click.","PrÃ¼fen Sie jedes lokale Konto und bearbeiten, setzen, verfolgen, aktivieren oder lÃ¶schen Sie es mit einem Klick.","ok"
"users_table_title","Accounts list","Kontenliste","ok"
"users_timeline_critical","Critical","Kritisch","ok"
"users_timeline_empty","No timeline events found for this user.","FÃ¼r diesen Benutzer wurden keine VerlaufseintrÃ¤ge gefunden.","ok"
"users_timeline_important","Important","Wichtig","ok"
"users_timeline_info","Info","Info","untranslated"
"users_timeline_load_error","Unable to load the user timeline.","Der Benutzerverlauf konnte nicht geladen werden.","ok"
"users_timeline_subtitle","{username} ({email})","{username} ({email})","untranslated"
"users_timeline_title","User timeline","Benutzerverlauf","ok"
"users_timeline_trace","Trace","Spur","ok"
"users_title","Users","Benutzer","ok"
"users_toggle_error","Unable to update the account status.","Der Kontostatus konnte nicht aktualisiert werden.","ok"
"users_toggle_updated","Account status updated","Kontostatus aktualisiert","ok"
"users_toolbar_desc","Start with a filter, then use the bulk assistant or one-click actions on the right accounts.","Starten Sie mit einem Filter und nutzen Sie dann den Sammelassistenten oder Einzelaktionen fÃ¼r die richtigen Konten.","ok"
"users_toolbar_title","User operations","Benutzeraktionen","ok"
"users_update_error","Unable to save account changes.","KontenÃ¤nderungen konnten nicht gespeichert werden.","ok"
"users_updated","Account updated","Konto aktualisiert","ok"
"users_yes","Yes","Ja","ok"
"verify_email_invite_expired_heading","Verification link expired","Bestaetigungslink abgelaufen","ok"
"verify_email_invite_expired_message","This signup confirmation link has expired. Submit the invitation form again to receive a new email.","Dieser Bestaetigungslink fuer die Registrierung ist abgelaufen. Senden Sie das Einladungsformular erneut, um eine neue E-Mail zu erhalten.","ok"
"verify_email_invite_failed_heading","Account creation failed","Konto konnte nicht erstellt werden","ok"
"verify_email_invite_failed_message","We could not finish creating your account from this invitation. Submit the invitation form again or ask for a new invitation.","Die Erstellung Ihres Kontos aus dieser Einladung konnte nicht abgeschlossen werden. Senden Sie das Einladungsformular erneut oder bitten Sie um eine neue Einladung.","ok"
"verify_email_invite_success_heading","Email verified, account created","E-Mail bestaetigt, Konto erstellt","ok"
"verify_email_invite_success_message","Your email address has been confirmed and your account is now ready. You can sign in to Jellyfin.","Ihre E-Mail-Adresse wurde bestaetigt und Ihr Konto ist jetzt bereit. Sie koennen sich bei Jellyfin anmelden.","ok"
"view_all","View all","Alles anzeigen","ok"