key,english,en,status
"app_description","Invitation and user manager for Jellyfin","Invitation and user manager for Jellyfin","untranslated"
"automation_add","Add","Add","untranslated"
"automation_col_bitrate","Bitrate (kbps)","Bitrate (kbps)","untranslated"
"automation_col_delete_days","Delete after (days)","Delete after (days)","untranslated"
"automation_col_disable_days","Disable after (days)","Disable after (days)","untranslated"
"automation_col_download","Downloads","Downloads","untranslated"
"automation_col_group","Group","Group","untranslated"
"automation_col_id","ID","ID","untranslated"
"automation_col_last_run","Last run","Last run","untranslated"
"automation_col_ldap_dn_optional","LDAP DN (optional)","LDAP DN (optional)","untranslated"
"automation_col_name","Name","Name","untranslated"
"automation_col_payload","Payload","Payload","untranslated"
"automation_col_preset_target","Target preset","Target preset","untranslated"
"automation_col_remote","Remote access","Remote access","untranslated"
"automation_col_schedule","Schedule","Schedule","untranslated"
"automation_col_sessions","Sessions","Sessions","untranslated"
"automation_col_source","Source","Source","untranslated"
"automation_col_type","Type","Type","untranslated"
"automation_create","Create","Create","untranslated"
"automation_delete","Delete","Delete","untranslated"
"automation_disable","Disable","Disable","untranslated"
"automation_enable","Enable","Enable","untranslated"
"automation_error_group_mappings","Unable to load group mappings.","Unable to load group mappings.","untranslated"
"automation_error_presets","Unable to load presets.","Unable to load presets.","untranslated"
"automation_error_tasks","Unable to load tasks.","Unable to load tasks.","untranslated"
"automation_group_mappings_desc","Map LDAP or application groups to Jellyfin presets.","Map LDAP or application groups to Jellyfin presets.","untranslated"
"automation_group_mappings_title","Group mappings","Group mappings","untranslated"
"automation_guidance_desc","Start with Jellyfin access presets, attach them to groups, then schedule the recurring jobs that keep everything in sync.","Start with Jellyfin access presets, attach them to groups, then schedule the recurring jobs that keep everything in sync.","untranslated"
"automation_guidance_title","Keep presets, groups, and schedules aligned.","Keep presets, groups, and schedules aligned.","untranslated"
"automation_kicker","Automation control room","Automation control room","untranslated"
"automation_mappings_saved","Group mappings saved.","Group mappings saved.","untranslated"
"automation_new_preset","New preset","New preset","untranslated"
"automation_no_group_mappings","No group mappings configured.","No group mappings configured.","untranslated"
"automation_no_presets","No presets configured.","No presets configured.","untranslated"
"automation_no_tasks","No scheduled tasks.","No scheduled tasks.","untranslated"
"automation_presets_desc","Define the reusable Jellyfin access baseline that can be applied manually or through group mappings.","Define the reusable Jellyfin access baseline that can be applied manually or through group mappings.","untranslated"
"automation_presets_saved","Presets saved.","Presets saved.","untranslated"
"automation_presets_title","Jellyfin presets","Jellyfin presets","untranslated"
"automation_run_now","Run now","Run now","untranslated"
"automation_save","Save","Save","untranslated"
"automation_save_mappings_failed","Unable to save group mappings.","Unable to save group mappings.","untranslated"
"automation_save_presets_failed","Unable to save presets.","Unable to save presets.","untranslated"
"automation_select_preset","Select a preset","Select a preset","untranslated"
"automation_subheading","Manage presets, mappings, and scheduled tasks.","Manage presets, mappings, and scheduled tasks.","untranslated"
"automation_task_builder_desc","Use clear names and a stable hour/minute so the job remains easy to audit later.","Use clear names and a stable hour/minute so the job remains easy to audit later.","untranslated"
"automation_task_builder_title","Build a scheduled task","Build a scheduled task","untranslated"
"automation_task_create_failed","Unable to create task.","Unable to create task.","untranslated"
"automation_task_created","Task created.","Task created.","untranslated"
"automation_task_delete_confirm","Delete this task?","Delete this task?","untranslated"
"automation_task_delete_failed","Unable to delete task.","Unable to delete task.","untranslated"
"automation_task_deleted","Task deleted.","Task deleted.","untranslated"
"automation_task_enabled","Enabled","Enabled","untranslated"
"automation_task_hour_placeholder","Hour (0-23)","Hour (0-23)","untranslated"
"automation_task_minute_placeholder","Minute (0-59)","Minute (0-59)","untranslated"
"automation_task_name_placeholder","Task name","Task name","untranslated"
"automation_task_payload_empty","No payload","No payload","untranslated"
"automation_task_payload_placeholder","JSON payload (optional)","JSON payload (optional)","untranslated"
"automation_task_payload_ready","Payload ready","Payload ready","untranslated"
"automation_task_preview_empty","Fill the form to preview the schedule and execution state.","Fill the form to preview the schedule and execution state.","untranslated"
"automation_task_preview_title","Task preview","Task preview","untranslated"
"automation_task_run_failed","Task execution failed.","Task execution failed.","untranslated"
"automation_task_run_success","Task started.","Task started.","untranslated"
"automation_task_update_failed","Unable to update task.","Unable to update task.","untranslated"
"automation_tasks_desc","Create recurring jobs, then verify the schedule and payload before saving.","Create recurring jobs, then verify the schedule and payload before saving.","untranslated"
"automation_tasks_title","Scheduled tasks","Scheduled tasks","untranslated"
"automation_type_cleanup_resets_desc","Remove expired password reset requests to keep the recovery flow clean.","Remove expired password reset requests to keep the recovery flow clean.","untranslated"
"automation_type_create_backup_desc","Create a fresh backup snapshot for restore or audit purposes.","Create a fresh backup snapshot for restore or audit purposes.","untranslated"
"automation_type_sync_users_desc","Sync local users with Jellyfin or directory state to keep access consistent.","Sync local users with Jellyfin or directory state to keep access consistent.","untranslated"
"back_to_login","Back to login","Back to login","untranslated"
"base_language_label","Language","Language","untranslated"
"btn_save","Save","Save","untranslated"
"cancel","Cancel","Cancel","untranslated"
"col_actions","Actions","Actions","untranslated"
"col_created_at","Date","Date","untranslated"
"col_email","Email","Email","untranslated"
"col_invited_by","Invited by","Invited by","untranslated"
"col_jellyfin","Jellyfin","Jellyfin","untranslated"
"col_status","Status","Status","untranslated"
"col_username","User","User","untranslated"
"common_bad_request","Invalid request","Invalid request","untranslated"
"common_next","Next","Next","untranslated"
"common_previous","Previous","Previous","untranslated"
"common_server_error","Server error","Server error","untranslated"
"dashboard_heading","Dashboard","Dashboard","untranslated"
"dashboard_intro_title","Jellyfin Access Manager","Jellyfin Access Manager","untranslated"
"dashboard_my_account_title","Account","Account","untranslated"
"dashboard_no_users","No users yet","No users yet","untranslated"
"dashboard_open_my_account","Open My Account","Open My Account","untranslated"
"dashboard_panel_invites_title","Invitations","Invitations","untranslated"
"dashboard_panel_settings_title","Settings","Settings","untranslated"
"dashboard_panel_users_title","Users","Users","untranslated"
"dashboard_recent_users","Recent users","Recent users","untranslated"
"dashboard_stats_title","Pulse","Pulse","untranslated"
"dashboard_title","Dashboard","Dashboard","untranslated"
"dashboard_welcome","Welcome","Welcome","untranslated"
"failure","Failure","Failure","untranslated"
"field_display_name","Display name","Display name","untranslated"
"field_display_name_placeholder","E.g. John Doe","E.g. John Doe","untranslated"
"field_email","Email","Email","untranslated"
"field_email_placeholder","E.g. john@example.com","E.g. john@example.com","untranslated"
"field_email_required","Email","Email","untranslated"
"field_identifier","Email or username","Email or username","untranslated"
"field_identifier_placeholder","E.g. john_doe or john@example.com","E.g. john_doe or john@example.com","untranslated"
"field_new_password","New password","New password","untranslated"
"field_password","Password","Password","untranslated"
"field_password_confirm","Confirm password","Confirm password","untranslated"
"field_password_confirm_placeholder","Re-enter your password","Re-enter your password","untranslated"
"field_password_placeholder","Minimum 8 characters","Minimum 8 characters","untranslated"
"field_username","Username","Username","untranslated"
"field_username_help","3-32 characters: letters, numbers, dashes, underscores","3-32 characters: letters, numbers, dashes, underscores","untranslated"
"field_username_placeholder","E.g. john_doe","E.g. john_doe","untranslated"
"i18n_report_back_settings","Back to settings","Back to settings","untranslated"
"i18n_report_col_fallback","Fallback values","Fallback values","untranslated"
"i18n_report_col_locale","Locale","Locale","untranslated"
"i18n_report_col_missing_base","Missing vs base","Missing vs base","untranslated"
"i18n_report_col_missing_template","Missing template keys","Missing template keys","untranslated"
"i18n_report_col_placeholder","Placeholder mismatches","Placeholder mismatches","untranslated"
"i18n_report_col_total_keys","Total keys","Total keys","untranslated"
"i18n_report_intro","Checks template key coverage, placeholder consistency, and fallback values by locale.","Checks template key coverage, placeholder consistency, and fallback values by locale.","untranslated"
"i18n_report_load_error","Unable to load the i18n report.","Unable to load the i18n report.","untranslated"
"i18n_report_no_data","No data.","No data.","untranslated"
"i18n_report_title","i18n Report","i18n Report","untranslated"
"invitations_badge_active","Active","Active","untranslated"
"invitations_badge_expired","Expired","Expired","untranslated"
"invitations_col_email","Delivery","Delivery","untranslated"
"invitations_col_link_code","Invitation link","Invitation link","untranslated"
"invitations_col_link_expiry","Link expiry","Link expiry","untranslated"
"invitations_col_profile_expiry","Account policy","Account policy","untranslated"
"invitations_conversion_rate","Conversion rate","Conversion rate","untranslated"
"invitations_conversions","Conversions","Conversions","untranslated"
"invitations_copy","Copy","Copy","untranslated"
"invitations_copy_full_link","Copy full link","Copy full link","untranslated"
"invitations_copy_unavailable","Clipboard access is unavailable","Clipboard access is unavailable","untranslated"
"invitations_create_desc","Generate a reusable signup link, prefill account rules, and optionally send it by email.","Generate a reusable signup link, prefill account rules, and optionally send it by email.","untranslated"
"invitations_create_link","Create invitation","Create invitation","untranslated"
"invitations_create_title","Invitation flow","Invitation flow","untranslated"
"invitations_created","Invitation created","Invitation created","untranslated"
"invitations_default_policy","Default policy","Default policy","untranslated"
"invitations_delete","Delete","Delete","untranslated"
"invitations_delete_after_days","Delete account after {n} days","Delete account after {n} days","untranslated"
"invitations_delete_desc","This invitation will be removed permanently. Existing users created from it are not affected.","This invitation will be removed permanently. Existing users created from it are not affected.","untranslated"
"invitations_delete_title","Delete invitation","Delete invitation","untranslated"
"invitations_deleted","Invitation deleted","Invitation deleted","untranslated"
"invitations_disable_after_days","Disable account after {n} days","Disable account after {n} days","untranslated"
"invitations_email_manual","Email delivery","Email delivery","untranslated"
"invitations_error_loading","Unable to load invitations","Unable to load invitations","untranslated"
"invitations_expires_on","Expires on {date}","Expires on {date}","untranslated"
"invitations_forced_username","Reserved username","Reserved username","untranslated"
"invitations_forced_username_help","Optional. Lock the signup to a single username when you need a pre-assigned account.","Optional. Lock the signup to a single username when you need a pre-assigned account.","untranslated"
"invitations_forced_username_placeholder","Leave blank to let the user choose","Leave blank to let the user choose","untranslated"
"invitations_group_default","Default group","Default group","untranslated"
"invitations_group_prefix","Group: {group}","Group: {group}","untranslated"
"invitations_invalid_max_uses","Your current policy allows between 1 and {n} uses per link.","Your current policy allows between 1 and {n} uses per link.","untranslated"
"invitations_invalid_user_expiry","Choose a relative or absolute expiry before creating the invitation.","Choose a relative or absolute expiry before creating the invitation.","untranslated"
"invitations_invite_option_enabled_help","The invited account will be allowed to create invitations after signup.","The invited account will be allowed to create invitations after signup.","untranslated"
"invitations_invite_option_policy_limited","Your role cannot grant invite rights on new accounts.","Your role cannot grant invite rights on new accounts.","untranslated"
"invitations_last_link_label","Latest generated link","Latest generated link","untranslated"
"invitations_last_link_placeholder","The newest invitation URL will appear here","The newest invitation URL will appear here","untranslated"
"invitations_link_copied","Invitation link copied","Invitation link copied","untranslated"
"invitations_link_expires_label","Link expiry","Link expiry","untranslated"
"invitations_link_help_default","Leave empty to keep the link valid until it is used or revoked.","Leave empty to keep the link valid until it is used or revoked.","untranslated"
"invitations_link_help_limited","Your current policy recommends an expiry within the next {n} hours.","Your current policy recommends an expiry within the next {n} hours.","untranslated"
"invitations_links_active","Active links","Active links","untranslated"
"invitations_links_closed","Closed links","Closed links","untranslated"
"invitations_links_created","Links created","Links created","untranslated"
"invitations_max_uses_label","Maximum uses","Maximum uses","untranslated"
"invitations_new_invitation","New invitation","New invitation","untranslated"
"invitations_new_user_can_invite","Grant invite rights to the new account","Grant invite rights to the new account","untranslated"
"invitations_no_link_to_copy","There is no invitation link to copy yet.","There is no invitation link to copy yet.","untranslated"
"invitations_no_planned_delete","No deletion planned","No deletion planned","untranslated"
"invitations_none_active","No active invitations found.","No active invitations found.","untranslated"
"invitations_policy_base_links","Base URL: {url}","Base URL: {url}","untranslated"
"invitations_policy_expiry_locked","User expiry is locked by the active invitation policy.","User expiry is locked by the active invitation policy.","untranslated"
"invitations_policy_grant_locked","Invite rights are locked by the active invitation policy.","Invite rights are locked by the active invitation policy.","untranslated"
"invitations_policy_loading","Loading invitation policy...","Loading invitation policy...","untranslated"
"invitations_policy_max_ttl","Max link lifetime: {n}h","Max link lifetime: {n}h","untranslated"
"invitations_policy_max_uses","Max uses per link: {n}","Max uses per link: {n}","untranslated"
"invitations_policy_quota_day","Daily quota: {n}","Daily quota: {n}","untranslated"
"invitations_policy_quota_month","Monthly quota: {n}","Monthly quota: {n}","untranslated"
"invitations_policy_quota_week","Weekly quota: {n}","Weekly quota: {n}","untranslated"
"invitations_rate","Rate","Rate","untranslated"
"invitations_role_can_invite","can invite others","can invite others","untranslated"
"invitations_role_standard","standard account","standard account","untranslated"
"invitations_section_link_settings","Link settings","Link settings","untranslated"
"invitations_section_smtp_notification","Email delivery","Email delivery","untranslated"
"invitations_section_user_profile","Future account rules","Future account rules","untranslated"
"invitations_send_to_email_help","Optional. If SMTP is configured, JellyGate sends the invitation immediately.","Optional. If SMTP is configured, JellyGate sends the invitation immediately.","untranslated"
"invitations_send_to_email_label","Send invitation to","Send invitation to","untranslated"
"invitations_sponsor","Sponsor","Sponsor","untranslated"
"invitations_sponsor_dashboard","Sponsor activity","Sponsor activity","untranslated"
"invitations_sponsor_no_data","No sponsor activity available yet.","No sponsor activity available yet.","untranslated"
"invitations_stats_error","Unable to load sponsor statistics","Unable to load sponsor statistics","untranslated"
"invitations_stats_loading","Loading sponsor statistics...","Loading sponsor statistics...","untranslated"
"invitations_stats_updated_at","Updated {at}","Updated {at}","untranslated"
"invitations_subheading","Create invitation links, monitor sponsor activity, and keep onboarding rules consistent.","Create invitation links, monitor sponsor activity, and keep onboarding rules consistent.","untranslated"
"invitations_unknown_error","An unexpected error occurred","An unexpected error occurred","untranslated"
"invitations_unknown_sponsor","(unknown)","(unknown)","untranslated"
"invitations_unlimited","Unlimited","Unlimited","untranslated"
"invitations_user_expiry_absolute","Absolute account expiry","Absolute account expiry","untranslated"
"invitations_user_expiry_absolute_help","Optional. Set a fixed expiry date instead of a relative delay.","Optional. Set a fixed expiry date instead of a relative delay.","untranslated"
"invitations_user_expiry_days_help","Apply a relative expiry window once the invited account is created.","Apply a relative expiry window once the invited account is created.","untranslated"
"invitations_user_expiry_enable","Set an expiry policy for the invited account","Set an expiry policy for the invited account","untranslated"
"invitations_user_expiry_future","The absolute expiry must be in the future.","The absolute expiry must be in the future.","untranslated"
"invitations_uses","Uses","Uses","untranslated"
"invitations_uses_help_default","Use 0 for unlimited redemptions.","Use 0 for unlimited redemptions.","untranslated"
"invitations_uses_help_limited","Your current policy allows between 1 and {n} redemptions.","Your current policy allows between 1 and {n} redemptions.","untranslated"
"invite_error_config","Invitation configuration error","Invitation configuration error","untranslated"
"invite_error_email_verification_unavailable","Email verification is enabled, but email sending is unavailable right now.","Email verification is enabled, but email sending is unavailable right now.","untranslated"
"invite_error_invalid_or_expired","Invalid or expired invitation","Invalid or expired invitation","untranslated"
"invite_error_jellyfin_create","Error while creating the account (Jellyfin)","Error while creating the account (Jellyfin)","untranslated"
"invite_error_ldap_create","Error while creating the account (LDAP)","Error while creating the account (LDAP)","untranslated"
"invite_error_persist","Error while saving the account","Error while saving the account","untranslated"
"invite_footer","Powered by JellyGate","Powered by JellyGate","untranslated"
"invite_heading","Create your account","Create your account","untranslated"
"invite_login_jellyfin","Sign in to Jellyfin","Sign in to Jellyfin","untranslated"
"invite_open_jellyseerr","Open Jellyseerr","Open Jellyseerr","untranslated"
"invite_open_jellytrack","Open jellytrack","Open jellytrack","untranslated"
"invite_quick_links","Quick links","Quick links","untranslated"
"invite_subheading","Fill in the form to join the media library","Fill in the form to join the media library","untranslated"
"invite_submit","Create my account","Create my account","untranslated"
"invite_success_hybrid","Welcome {username}! Your account was created in Jellyfin and in LDAP.","Welcome {username}! Your account was created in Jellyfin and in LDAP.","untranslated"
"invite_success_ldap_only","Welcome {username}! Your account was created in LDAP. Jellyfin access will use your LDAP integration.","Welcome {username}! Your account was created in LDAP. Jellyfin access will use your LDAP integration.","untranslated"
"invite_success_pending_verification","Check your email to confirm the creation of account {username}. Your account will be created only after this confirmation.","Check your email to confirm the creation of account {username}. Your account will be created only after this confirmation.","untranslated"
"invite_title","Sign Up","Sign Up","untranslated"
"login_error_forbidden","You are not an administrator","You are not an administrator","untranslated"
"login_error_invalid","Invalid credentials","Invalid credentials","untranslated"
"login_error_required","Enter both your username and password.","Enter both your username and password.","untranslated"
"login_forgot_password","Forgot password?","Forgot password?","untranslated"
"login_jellyfin_desc","Media library access","Media library access","untranslated"
"login_jellyseerr_desc","Browse and request content","Browse and request content","untranslated"
"login_jellytrack_desc","Playback statistics tracking","Playback statistics tracking","untranslated"
"login_shortcuts","Shortcuts","Shortcuts","untranslated"
"login_subheading","Administration","Administration","untranslated"
"login_submit","Sign in","Sign in","untranslated"
"login_title","Login","Login","untranslated"
"logs_col_action","Action","Action","untranslated"
"logs_col_actor","Actor","Actor","untranslated"
"logs_col_details","Details","Details","untranslated"
"logs_col_target","Target","Target","untranslated"
"logs_load_error","Unable to load audit logs","Unable to load audit logs","untranslated"
"logs_loading","Loading audit logs...","Loading audit logs...","untranslated"
"logs_network_error","Network error while loading audit logs","Network error while loading audit logs","untranslated"
"logs_no_results","No audit events match the current filters.","No audit events match the current filters.","untranslated"
"logs_no_results_short","No matching events","No matching events","untranslated"
"logs_of_label","of","of","untranslated"
"logs_page_label","Page","Page","untranslated"
"logs_pagination_loading","Loading pagination...","Loading pagination...","untranslated"
"logs_per_page_suffix","per page","per page","untranslated"
"logs_search_placeholder","Search actions, actors, targets, details, or request IDs","Search actions, actors, targets, details, or request IDs","untranslated"
"logs_system_actor","System","System","untranslated"
"logs_total_label","Total","Total","untranslated"
"my_account_channel_discord","Discord","Discord","untranslated"
"my_account_channel_email","Email","Email","untranslated"
"my_account_channel_optin","Delivery channels","Delivery channels","untranslated"
"my_account_channel_telegram","Telegram","Telegram","untranslated"
"my_account_contact_help","Update contact information and notification preferences.","Update contact information and notification preferences.","untranslated"
"my_account_default_server_lang","Use the server default language","Use the server default language","untranslated"
"my_account_edit_profile","Edit profile","Edit profile","untranslated"
"my_account_email_pending_label","Pending email:","Pending email:","untranslated"
"my_account_email_status_missing","No email configured","No email configured","untranslated"
"my_account_email_status_pending","Pending verification","Pending verification","untranslated"
"my_account_email_status_unverified","Verification required","Verification required","untranslated"
"my_account_email_status_verified","Verified","Verified","untranslated"
"my_account_email_verification_help","Confirm this email address to receive account messages and recovery links.","Confirm this email address to receive account messages and recovery links.","untranslated"
"my_account_email_verification_label","Email verification","Email verification","untranslated"
"my_account_email_verification_missing","Add an email address to enable verification and password recovery.","Add an email address to enable verification and password recovery.","untranslated"
"my_account_email_verification_ok","Your current email address is verified.","Your current email address is verified.","untranslated"
"my_account_email_verification_pending","Check your inbox and click the confirmation link sent to the pending address.","Check your inbox and click the confirmation link sent to the pending address.","untranslated"
"my_account_email_verification_resend","Resend verification email","Resend verification email","untranslated"
"my_account_email_verification_send_error","Unable to send a verification email","Unable to send a verification email","untranslated"
"my_account_email_verification_sent","A verification email has been sent.","A verification email has been sent.","untranslated"
"my_account_label_access_expiry","Access expiry","Access expiry","untranslated"
"my_account_label_confirm_password","Confirm new password","Confirm new password","untranslated"
"my_account_label_discord","Discord handle","Discord handle","untranslated"
"my_account_label_email","Email address","Email address","untranslated"
"my_account_label_new_password","New password","New password","untranslated"
"my_account_label_preferred_lang","Preferred language","Preferred language","untranslated"
"my_account_label_role","Role","Role","untranslated"
"my_account_label_telegram","Telegram handle","Telegram handle","untranslated"
"my_account_label_user","Username","Username","untranslated"
"my_account_load_error","Unable to load your account","Unable to load your account","untranslated"
"my_account_no_expiry","No expiry configured","No expiry configured","untranslated"
"my_account_notify_events","Notify me about account events","Notify me about account events","untranslated"
"my_account_notify_expiry","Notify me before access expires","Notify me before access expires","untranslated"
"my_account_password_help","Change your password. Choose a strong password (min. 8 characters).","Change your password. Choose a strong password (min. 8 characters).","untranslated"
"my_account_password_min_hint","At least 8 characters","At least 8 characters","untranslated"
"my_account_password_mismatch","The passwords do not match","The passwords do not match","untranslated"
"my_account_password_too_short","The password must contain at least 8 characters","The password must contain at least 8 characters","untranslated"
"my_account_password_update_error","Unable to update the password","Unable to update the password","untranslated"
"my_account_password_updated","Password updated","Password updated","untranslated"
"my_account_save_error","Unable to save your preferences","Unable to save your preferences","untranslated"
"my_account_save_preferences","Save preferences","Save preferences","untranslated"
"my_account_saved","Preferences saved","Preferences saved","untranslated"
"my_account_section_contact","Contact and preferences","Contact and preferences","untranslated"
"my_account_section_password","Password","Password","untranslated"
"my_account_section_profile","Profile summary","Profile summary","untranslated"
"my_account_subheading","Keep your contact details, delivery channels, language, and password up to date.","Keep your contact details, delivery channels, language, and password up to date.","untranslated"
"my_account_subtitle","Manage your profile and preferences","Manage your profile and preferences","untranslated"
"my_account_update_password","Update password","Update password","untranslated"
"nav_automation","Automation","Automation","untranslated"
"nav_dashboard","Dashboard","Dashboard","untranslated"
"nav_invitations","Invitations","Invitations","untranslated"
"nav_logout","Sign out","Sign out","untranslated"
"nav_logs","Logs","Logs","untranslated"
"nav_my_account","My Account","My Account","untranslated"
"nav_settings","Settings","Settings","untranslated"
"nav_theme","Theme","Theme","untranslated"
"nav_users","Users","Users","untranslated"
"password_match","Passwords match","Passwords match","untranslated"
"password_mismatch","Passwords do not match","Passwords do not match","untranslated"
"password_policy_missing","Missing requirements","Missing requirements","untranslated"
"password_policy_ok","Password rules satisfied","Password rules satisfied","untranslated"
"password_rule_at_least","at least {n} characters","at least {n} characters","untranslated"
"password_rule_at_most","at most {n} characters","at most {n} characters","untranslated"
"password_rule_digit","one digit","one digit","untranslated"
"password_rule_lower","one lowercase letter","one lowercase letter","untranslated"
"password_rule_special","one special character","one special character","untranslated"
"password_rule_upper","one uppercase letter","one uppercase letter","untranslated"
"password_rules_chars","characters","characters","untranslated"
"password_rules_prefix","Rules:","Rules:","untranslated"
"reset_new_heading","New password","New password","untranslated"
"reset_new_subheading","Choose a new secure password","Choose a new secure password","untranslated"
"reset_request_heading","Forgot password","Forgot password","untranslated"
"reset_request_subheading","Enter your identifier to receive a reset link","Enter your identifier to receive a reset link","untranslated"
"reset_request_submit","Send reset link","Send reset link","untranslated"
"reset_submit","Reset password","Reset password","untranslated"
"reset_title","Password Reset","Password Reset","untranslated"
"role_admin","Administrator","Administrator","untranslated"
"role_user","User","User","untranslated"
"settings_backup_action_delete","Delete","Delete","untranslated"
"settings_backup_action_export","Export","Export","untranslated"
"settings_backup_action_restore","Restore","Restore","untranslated"
"settings_backup_archives_desc","Restoration is prepared then applied on next JellyGate restart.","Restoration is prepared then applied on next JellyGate restart.","untranslated"
"settings_backup_archives_title","Available archives","Available archives","untranslated"
"settings_backup_col_actions","Actions","Actions","untranslated"
"settings_backup_col_archive","Archive","Archive","untranslated"
"settings_backup_col_date","Date","Date","untranslated"
"settings_backup_col_size","Size","Size","untranslated"
"settings_backup_create_now","Create backup now","Create backup now","untranslated"
"settings_backup_created","Backup created","Backup created","untranslated"
"settings_backup_daily_time","Daily execution time","Daily execution time","untranslated"
"settings_backup_delete_confirm_prefix","Delete permanently","Delete permanently","untranslated"
"settings_backup_delete_error","Delete failed","Delete failed","untranslated"
"settings_backup_deleted","Backup deleted","Backup deleted","untranslated"
"settings_backup_desc","Configure automatic backups, create manual backups, import archives, and prepare a restoration.","Configure automatic backups, create manual backups, import archives, and prepare a restoration.","untranslated"
"settings_backup_enable_auto","Enable automatic backups","Enable automatic backups","untranslated"
"settings_backup_error","Backup error","Backup error","untranslated"
"settings_backup_import_btn","Import","Import","untranslated"
"settings_backup_import_desc","Import a ZIP archive into JellyGate for later restoration. Export/Delete actions remain available below.","Import a ZIP archive into JellyGate for later restoration. Export/Delete actions remain available below.","untranslated"
"settings_backup_import_error","Import failed","Import failed","untranslated"
"settings_backup_import_title","Import a backup","Import a backup","untranslated"
"settings_backup_imported","Backup imported","Backup imported","untranslated"
"settings_backup_list_empty","No backup available.","No backup available.","untranslated"
"settings_backup_list_load_error","Unable to load backups.","Unable to load backups.","untranslated"
"settings_backup_list_pg_unavailable","PostgreSQL mode: SQLite archives are unavailable. Use pg_dump/pg_restore.","PostgreSQL mode: SQLite archives are unavailable. Use pg_dump/pg_restore.","untranslated"
"settings_backup_manual_desc","Create an exportable ZIP archive (SQLite DB + settings + templates).","Create an exportable ZIP archive (SQLite DB + settings + templates).","untranslated"
"settings_backup_manual_title","Manual backup","Manual backup","untranslated"
"settings_backup_pg_mode_desc_1","Native JellyGate ZIP backups (SQLite) are disabled.","Native JellyGate ZIP backups (SQLite) are disabled.","untranslated"
"settings_backup_pg_mode_desc_2","Use pg_dump and pg_restore for PostgreSQL.","Use pg_dump and pg_restore for PostgreSQL.","untranslated"
"settings_backup_pg_mode_title","PostgreSQL mode detected","PostgreSQL mode detected","untranslated"
"settings_backup_pg_not_supported","Action not supported in PostgreSQL mode","Action not supported in PostgreSQL mode","untranslated"
"settings_backup_pg_plan_unavailable","Local backup scheduler unavailable in PostgreSQL mode (use pg_dump/pg_restore)","Local backup scheduler unavailable in PostgreSQL mode (use pg_dump/pg_restore)","untranslated"
"settings_backup_restore_confirm_prefix","Prepare restoration for","Prepare restoration for","untranslated"
"settings_backup_restore_confirm_suffix","A restart is required.","A restart is required.","untranslated"
"settings_backup_restore_error","Restore failed","Restore failed","untranslated"
"settings_backup_restore_ready","Restoration prepared. Restart JellyGate.","Restoration prepared. Restart JellyGate.","untranslated"
"settings_backup_retention_fixed","Backups kept (fixed)","Backups kept (fixed)","untranslated"
"settings_backup_retention_help","JellyGate automatically keeps the latest 7 backups (including imports).","JellyGate automatically keeps the latest 7 backups (including imports).","untranslated"
"settings_backup_save_schedule","Save backup schedule","Save backup schedule","untranslated"
"settings_backup_select_zip","Select a .zip file","Select a .zip file","untranslated"
"settings_backup_title","Backups and restoration","Backups and restoration","untranslated"
"settings_default_lang","Server default language","Server default language","untranslated"
"settings_default_lang_help","Language used when the user has no preference set","Language used when the user has no preference set","untranslated"
"settings_default_none","Default (none)","Default (none)","untranslated"
"settings_email_base_desc","This shared shell contains the HTML used by all emails. Simple message content is inserted automatically between these two blocks.","This shared shell contains the HTML used by all emails. Simple message content is inserted automatically between these two blocks.","untranslated"
"settings_email_base_footer","Base template: HTML footer","Base template: HTML footer","untranslated"
"settings_email_base_header","Base template: HTML header","Base template: HTML header","untranslated"
"settings_email_base_live_preview_desc","The render updates automatically while you edit the header or footer.","The render updates automatically while you edit the header or footer.","untranslated"
"settings_email_base_live_preview_title","Live base preview","Live base preview","untranslated"
"settings_email_base_preview","Preview base template","Preview base template","untranslated"
"settings_email_base_preview_demo","You received an invitation to join the Jellyfin server.

The button and direct link appear automatically below this message.","You received an invitation to join the Jellyfin server.

The button and direct link appear automatically below this message.","untranslated"
"settings_email_base_preview_desc","This preview shows the shared shell with a simple message and the standard automatic blocks.","This preview shows the shared shell with a simple message and the standard automatic blocks.","untranslated"
"settings_email_base_restore","Restore default base","Restore default base","untranslated"
"settings_email_base_title","Shared base template","Shared base template","untranslated"
"settings_email_base_variables_title","Advanced variables for the base template","Advanced variables for the base template","untranslated"
"settings_email_body_mode_desc","The editors below are no-code: plain text only, with support for variables such as {{.Username}}, {{.Email}}, or {{.ExpiryDate}}. Buttons, links, and system dates are added automatically in the final render.","The editors below are no-code: plain text only, with support for variables such as {{.Username}}, {{.Email}}, or {{.ExpiryDate}}. Buttons, links, and system dates are added automatically in the final render.","untranslated"
"settings_email_body_mode_title","Simple messages without markup","Simple messages without markup","untranslated"
"settings_email_delivery_desc","Enable only the emails or sections that JellyGate should send automatically.","Enable only the emails or sections that JellyGate should send automatically.","untranslated"
"settings_email_delivery_title","Optional messages","Optional messages","untranslated"
"settings_email_preview_close_aria","Close preview","Close preview","untranslated"
"settings_email_preview_desc","Preview the final render with the shared email wrapper and demonstration values.","Preview the final render with the shared email wrapper and demonstration values.","untranslated"
"settings_email_preview_title","Email template preview","Email template preview","untranslated"
"settings_email_reminder_days","N days before expiry","N days before expiry","untranslated"
"settings_email_reminder_schedule_desc","Define how many days before expiration an automatic reminder is sent.","Define how many days before expiration an automatic reminder is sent.","untranslated"
"settings_email_reminder_schedule_title","Expiry reminder schedule","Expiry reminder schedule","untranslated"
"settings_email_section_lifecycle","Account lifecycle","Account lifecycle","untranslated"
"settings_email_section_onboarding","Signup and invitations","Signup and invitations","untranslated"
"settings_email_section_security","Security and recovery","Security and recovery","untranslated"
"settings_email_templates_desc","Write only the message content. JellyGate automatically inserts it into the shared email wrapper, and you can personalize the text with the available variables.","Write only the message content. JellyGate automatically inserts it into the shared email wrapper, and you can personalize the text with the available variables.","untranslated"
"settings_email_templates_title","Email templates","Email templates","untranslated"
"settings_email_tpl_confirmation","Confirmation email","Confirmation email","untranslated"
"settings_email_tpl_confirmation_desc","Sent to confirm signup.","Sent to confirm signup.","untranslated"
"settings_email_tpl_email_verification","Email verification","Email verification","untranslated"
"settings_email_tpl_email_verification_desc","Sent to confirm a new or existing email address before account recovery and notifications.","Sent to confirm a new or existing email address before account recovery and notifications.","untranslated"
"settings_email_tpl_email_verification_subject","Email verification subject","Email verification subject","untranslated"
"settings_email_tpl_email_verification_subject_desc","Subject line for email verification messages. Variables are supported.","Subject line for email verification messages. Variables are supported.","untranslated"
"settings_email_tpl_expiry_adjusted","Expiry adjusted","Expiry adjusted","untranslated"
"settings_email_tpl_expiry_adjusted_desc","Sent when account expiry date is modified.","Sent when account expiry date is modified.","untranslated"
"settings_email_tpl_expiry_reminder","Expiry reminder","Expiry reminder","untranslated"
"settings_email_tpl_expiry_reminder_1","Expiry reminder D-1","Expiry reminder D-1","untranslated"
"settings_email_tpl_expiry_reminder_14","Expiry reminder D-14","Expiry reminder D-14","untranslated"
"settings_email_tpl_expiry_reminder_14_desc","Template sent 14 days before expiration.","Template sent 14 days before expiration.","untranslated"
"settings_email_tpl_expiry_reminder_1_desc","Template sent 1 day before expiration.","Template sent 1 day before expiration.","untranslated"
"settings_email_tpl_expiry_reminder_7","Expiry reminder D-7","Expiry reminder D-7","untranslated"
"settings_email_tpl_expiry_reminder_7_desc","Template sent 7 days before expiration.","Template sent 7 days before expiration.","untranslated"
"settings_email_tpl_expiry_reminder_desc","Automatic notification before account expiry.","Automatic notification before account expiry.","untranslated"
"settings_email_tpl_invitation","Invitation email","Invitation email","untranslated"
"settings_email_tpl_invitation_desc","Main message guiding users to Jellyfin access.","Main message guiding users to Jellyfin access.","untranslated"
"settings_email_tpl_invite_expiry","Invitation expiry","Invitation expiry","untranslated"
"settings_email_tpl_invite_expiry_desc","Reminder that an invitation link will expire soon.","Reminder that an invitation link will expire soon.","untranslated"
"settings_email_tpl_password_reset","Password reset","Password reset","untranslated"
"settings_email_tpl_password_reset_desc","Contains reset link/code sent to user.","Contains reset link/code sent to user.","untranslated"
"settings_email_tpl_post_signup_help","Post-signup help","Post-signup help","untranslated"
"settings_email_tpl_post_signup_help_desc","Instructions after account creation.","Instructions after account creation.","untranslated"
"settings_email_tpl_pre_signup_help","Pre-signup help","Pre-signup help","untranslated"
"settings_email_tpl_pre_signup_help_desc","Guidance before creating the account.","Guidance before creating the account.","untranslated"
"settings_email_tpl_user_creation","User creation","User creation","untranslated"
"settings_email_tpl_user_creation_desc","Confirms account creation by an administrator.","Confirms account creation by an administrator.","untranslated"
"settings_email_tpl_user_deletion","User deletion","User deletion","untranslated"
"settings_email_tpl_user_deletion_desc","Notification that an account was deleted.","Notification that an account was deleted.","untranslated"
"settings_email_tpl_user_deletion_disable_notice","Do not send this email on user deletion","Do not send this email on user deletion","untranslated"
"settings_email_tpl_user_disabled","User disabled","User disabled","untranslated"
"settings_email_tpl_user_disabled_desc","Sent when an account is disabled.","Sent when an account is disabled.","untranslated"
"settings_email_tpl_user_enabled","User enabled","User enabled","untranslated"
"settings_email_tpl_user_enabled_desc","Sent when an account is re-enabled.","Sent when an account is re-enabled.","untranslated"
"settings_email_tpl_user_expired","User expired","User expired","untranslated"
"settings_email_tpl_user_expired_desc","Sent when an account expires automatically.","Sent when an account expires automatically.","untranslated"
"settings_email_tpl_welcome","Welcome","Welcome","untranslated"
"settings_email_tpl_welcome_desc","Global post-signup welcome message.","Global post-signup welcome message.","untranslated"
"settings_email_var_email","email address","email address","untranslated"
"settings_email_var_expires_in","validity duration","validity duration","untranslated"
"settings_email_var_expiry_date","expiry date","expiry date","untranslated"
"settings_email_var_help_url","support / onboarding URL","support / onboarding URL","untranslated"
"settings_email_var_invite_code","invitation code","invitation code","untranslated"
"settings_email_var_invite_link","invitation link","invitation link","untranslated"
"settings_email_var_jellyfin_url","Jellyfin login URL","Jellyfin login URL","untranslated"
"settings_email_var_jellygate_url","public JellyGate URL","public JellyGate URL","untranslated"
"settings_email_var_jellyseerr_url","Jellyseerr URL","Jellyseerr URL","untranslated"
"settings_email_var_message","custom message (admin invitation)","custom message (admin invitation)","untranslated"
"settings_email_var_reset_code","reset code","reset code","untranslated"
"settings_email_var_reset_link","reset link","reset link","untranslated"
"settings_email_var_username","username","username","untranslated"
"settings_email_var_verification_code","email verification code","email verification code","untranslated"
"settings_email_var_verification_link","email verification link","email verification link","untranslated"
"settings_email_variable_insert","Insert","Insert","untranslated"
"settings_email_variable_picker_label","Variable to insert","Variable to insert","untranslated"
"settings_email_variable_picker_placeholder","Choose a variable","Choose a variable","untranslated"
"settings_email_variables_title","Available variables","Available variables","untranslated"
"settings_expiry_action_delete","Delete","Delete","untranslated"
"settings_expiry_action_disable","Disable","Disable","untranslated"
"settings_expiry_action_disable_then_delete","Disable then delete","Disable then delete","untranslated"
"settings_general_desc","Configure JellyGate global settings","Configure JellyGate global settings","untranslated"
"settings_general_title","General Settings","General Settings","untranslated"
"settings_host_required","Host *","Host *","untranslated"
"settings_invite_allow_inviter_grant","Allow inviters to let the new account create invitations","Allow inviters to let the new account create invitations","untranslated"
"settings_invite_allow_inviter_user_expiry","Allow inviters to customize user expiry","Allow inviters to customize user expiry","untranslated"
"settings_invite_delete_after_days","Delete account after (days)","Delete account after (days)","untranslated"
"settings_invite_disable_after_days","Disable account after (days)","Disable account after (days)","untranslated"
"settings_invite_enable_downloads","Allow direct downloads","Allow direct downloads","untranslated"
"settings_invite_expiry_action","Action on expiry","Action on expiry","untranslated"
"settings_invite_inviter_max_link_hours","Max link TTL (hours, non-admin inviters)","Max link TTL (hours, non-admin inviters)","untranslated"
"settings_invite_inviter_max_uses","Max uses (non-admin inviters)","Max uses (non-admin inviters)","untranslated"
"settings_invite_inviter_quota_day","Invite links quota / day (inviter)","Invite links quota / day (inviter)","untranslated"
"settings_invite_inviter_quota_month","Invite links quota / month (inviter)","Invite links quota / month (inviter)","untranslated"
"settings_invite_inviter_quota_week","Invite links quota / week (inviter)","Invite links quota / week (inviter)","untranslated"
"settings_invite_password_max","Password max","Password max","untranslated"
"settings_invite_password_min","Password min","Password min","untranslated"
"settings_invite_profile_clone_user","Clone Jellyfin profile","Clone Jellyfin profile","untranslated"
"settings_invite_profile_desc","These rules are automatically applied to each new invitation. Non-admin users cannot modify them from invitation creation.","These rules are automatically applied to each new invitation. Non-admin users cannot modify them from invitation creation.","untranslated"
"settings_invite_profile_preset","Jellyfin preset","Jellyfin preset","untranslated"
"settings_invite_profile_title","Invitation profile","Invitation profile","untranslated"
"settings_invite_require_email","Email required at signup","Email required at signup","untranslated"
"settings_invite_require_email_verification","Verify email before account creation","Verify email before account creation","untranslated"
"settings_invite_username_max","Username max","Username max","untranslated"
"settings_invite_username_min","Username min","Username min","untranslated"
"settings_ldap_base_dn","Base DN *","Base DN *","untranslated"
"settings_ldap_bind_dn","Bind DN *","Bind DN *","untranslated"
"settings_ldap_bind_password","Bind password *","Bind password *","untranslated"
"settings_ldap_desc","Connect JellyGate to your directory via LDAP/LDAPS","Connect JellyGate to your directory via LDAP/LDAPS","untranslated"
"settings_ldap_domain","AD domain *","AD domain *","untranslated"
"settings_ldap_group_admin","LDAP administrators group","LDAP administrators group","untranslated"
"settings_ldap_group_admin_help","This group targets full-control accounts.","This group targets full-control accounts.","untranslated"
"settings_ldap_group_inviter","LDAP inviter group","LDAP inviter group","untranslated"
"settings_ldap_group_inviter_help","This group grants normal access and invite rights.","This group grants normal access and invite rights.","untranslated"
"settings_ldap_group_member_attr","Group member attribute","Group member attribute","untranslated"
"settings_ldap_group_member_attr_help","Set to member (AD/groupOfNames) or memberUid (posixGroup).","Set to member (AD/groupOfNames) or memberUid (posixGroup).","untranslated"
"settings_ldap_group_users","LDAP users group","LDAP users group","untranslated"
"settings_ldap_group_users_help","Automatically assigned to standard users.","Automatically assigned to standard users.","untranslated"
"settings_ldap_mode_hybrid","Hybrid (LDAP + Jellyfin)","Hybrid (LDAP + Jellyfin)","untranslated"
"settings_ldap_mode_ldap_only","LDAP only (no Jellyfin API user creation)","LDAP only (no Jellyfin API user creation)","untranslated"
"settings_ldap_provision_mode","Provisioning mode","Provisioning mode","untranslated"
"settings_ldap_skip_verify","Skip TLS certificate verification","Skip TLS certificate verification","untranslated"
"settings_ldap_test_connection_btn","Test LDAP connection","Test LDAP connection","untranslated"
"settings_ldap_test_credentials_required","Enter test username and password for Jellyfin LDAP plugin validation.","Enter test username and password for Jellyfin LDAP plugin validation.","untranslated"
"settings_ldap_test_failed","Test failed","Test failed","untranslated"
"settings_ldap_test_jellyfin_btn","Test Jellyfin login (LDAP plugin)","Test Jellyfin login (LDAP plugin)","untranslated"
"settings_ldap_test_password","Test password","Test password","untranslated"
"settings_ldap_test_running","Test in progress...","Test in progress...","untranslated"
"settings_ldap_test_success","Test succeeded","Test succeeded","untranslated"
"settings_ldap_test_user_btn","Test user lookup","Test user lookup","untranslated"
"settings_ldap_test_username","Test user identifier","Test user identifier","untranslated"
"settings_ldap_test_username_required","Enter a test user identifier.","Enter a test user identifier.","untranslated"
"settings_ldap_tests_desc","These tests do not save configuration. They validate LDAP connection, user lookup with the configured login attribute, then Jellyfin LDAP plugin authentication.","These tests do not save configuration. They validate LDAP connection, user lookup with the configured login attribute, then Jellyfin LDAP plugin authentication.","untranslated"
"settings_ldap_tests_title","LDAP tests and Jellyfin LDAP plugin","LDAP tests and Jellyfin LDAP plugin","untranslated"
"settings_ldap_title","Active Directory / LDAP","Active Directory / LDAP","untranslated"
"settings_ldap_tls","LDAPS (TLS)","LDAPS (TLS)","untranslated"
"settings_ldap_user_object_class","User objectClass","User objectClass","untranslated"
"settings_ldap_user_object_class_help","Set to auto for detection, or force values like user, person, inetOrgPerson, posixAccount.","Set to auto for detection, or force values like user, person, inetOrgPerson, posixAccount.","untranslated"
"settings_ldap_user_ou","User OU","User OU","untranslated"
"settings_ldap_username_attr_ad","sAMAccountName (Active Directory)","sAMAccountName (Active Directory)","untranslated"
"settings_ldap_username_attr_auto","Auto-detect (AD/OpenLDAP)","Auto-detect (AD/OpenLDAP)","untranslated"
"settings_ldap_username_attr_cn","cn (common name)","cn (common name)","untranslated"
"settings_ldap_username_attr_uid","uid (OpenLDAP / Synology)","uid (OpenLDAP / Synology)","untranslated"
"settings_ldap_username_attr_upn","userPrincipalName (UPN)","userPrincipalName (UPN)","untranslated"
"settings_ldap_username_attribute","User login attribute","User login attribute","untranslated"
"settings_ldap_username_attribute_help","Pick the LDAP attribute used to identify users (uid on Synology/OpenLDAP, sAMAccountName on Active Directory).","Pick the LDAP attribute used to identify users (uid on Synology/OpenLDAP, sAMAccountName on Active Directory).","untranslated"
"settings_loading","Loading...","Loading...","untranslated"
"settings_matrix_access_token","Access token","Access token","untranslated"
"settings_matrix_homeserver_url","Homeserver URL","Homeserver URL","untranslated"
"settings_matrix_room_id","Room ID","Room ID","untranslated"
"settings_open_jellyfin","Open Jellyfin","Open Jellyfin","untranslated"
"settings_open_jellygate_public","Open public JellyGate","Open public JellyGate","untranslated"
"settings_open_jellyseerr","Open Jellyseerr","Open Jellyseerr","untranslated"
"settings_open_jellytrack","Open jellytrack","Open jellytrack","untranslated"
"settings_overview_backup_desc","Plan backups, import archives, and prepare a safe restoration.","Plan backups, import archives, and prepare a safe restoration.","untranslated"
"settings_overview_desc","Move quickly between language defaults, identity, delivery channels, templates, and recovery workflows.","Move quickly between language defaults, identity, delivery channels, templates, and recovery workflows.","untranslated"
"settings_overview_general_desc","Public URLs, default language, and invitation defaults.","Public URLs, default language, and invitation defaults.","untranslated"
"settings_overview_ldap_desc","Directory connection, provisioning mode, groups, and validation tests.","Directory connection, provisioning mode, groups, and validation tests.","untranslated"
"settings_overview_smtp_desc","Outgoing email transport used for invitations and password recovery.","Outgoing email transport used for invitations and password recovery.","untranslated"
"settings_overview_templates_desc","Edit every email scenario and preview the rendered message.","Edit every email scenario and preview the rendered message.","untranslated"
"settings_overview_title","Service control","Service control","untranslated"
"settings_overview_webhooks_desc","Discord, Telegram, and Matrix notifications for registration activity.","Discord, Telegram, and Matrix notifications for registration activity.","untranslated"
"settings_password_digit_required","Digit required","Digit required","untranslated"
"settings_password_lower_required","Lowercase required","Lowercase required","untranslated"
"settings_password_special_required","Special character required","Special character required","untranslated"
"settings_password_upper_required","Uppercase required","Uppercase required","untranslated"
"settings_port","Port","Port","untranslated"
"settings_preset_fallback","Preset","Preset","untranslated"
"settings_preview_button","Preview","Preview","untranslated"
"settings_preview_impossible","Preview unavailable","Preview unavailable","untranslated"
"settings_preview_loading","Loading preview...","Loading preview...","untranslated"
"settings_public_jellyfin_help","Used in buttons and email templates via","Used in buttons and email templates via","untranslated"
"settings_public_jellyfin_url","Public Jellyfin URL","Public Jellyfin URL","untranslated"
"settings_public_jellygate_help","Used for invitation links and templates via","Used for invitation links and templates via","untranslated"
"settings_public_jellygate_url","Public JellyGate URL","Public JellyGate URL","untranslated"
"settings_public_jellyseerr_help","Available in templates via","Available in templates via","untranslated"
"settings_public_jellyseerr_url","Public Jellyseerr URL","Public Jellyseerr URL","untranslated"
"settings_public_jellytrack_help","Available in templates via","Available in templates via","untranslated"
"settings_public_jellytrack_url","Public jellytrack URL","Public jellytrack URL","untranslated"
"settings_quick_links","Quick links","Quick links","untranslated"
"settings_save_error","Save failed","Save failed","untranslated"
"settings_save_invite_profile","Save invitation profile","Save invitation profile","untranslated"
"settings_save_ldap","Save LDAP settings","Save LDAP settings","untranslated"
"settings_save_smtp","Save SMTP","Save SMTP","untranslated"
"settings_save_templates","Save templates","Save templates","untranslated"
"settings_save_webhooks","Save Webhooks","Save Webhooks","untranslated"
"settings_saved","Settings saved","Settings saved","untranslated"
"settings_smtp_desc","Configure email sending (invitations, password reset)","Configure email sending (invitations, password reset)","untranslated"
"settings_smtp_from","Sender address *","Sender address *","untranslated"
"settings_smtp_password","Password *","Password *","untranslated"
"settings_smtp_starttls","STARTTLS / TLS","STARTTLS / TLS","untranslated"
"settings_smtp_title","SMTP server","SMTP server","untranslated"
"settings_smtp_username","Username *","Username *","untranslated"
"settings_subheading","Configure external services from this interface","Configure external services from this interface","untranslated"
"settings_tab_backup","Backups","Backups","untranslated"
"settings_tab_email_templates","Email Templates","Email Templates","untranslated"
"settings_tab_general","General","General","untranslated"
"settings_tab_ldap","LDAP","LDAP","untranslated"
"settings_tab_smtp","SMTP","SMTP","untranslated"
"settings_tab_webhooks","Webhooks","Webhooks","untranslated"
"settings_telegram_bot_token","Bot token","Bot token","untranslated"
"settings_telegram_chat_id","Chat ID","Chat ID","untranslated"
"settings_template_empty","Template is empty.","Template is empty.","untranslated"
"settings_webhook_url","Webhook URL","Webhook URL","untranslated"
"settings_webhooks_desc","Receive notifications when a user registers","Receive notifications when a user registers","untranslated"
"settings_webhooks_title","Webhook notifications","Webhook notifications","untranslated"
"settings_zero_no_extra_limit","0 = no extra limit.","0 = no extra limit.","untranslated"
"settings_zero_unlimited","0 = unlimited.","0 = unlimited.","untranslated"
"stat_active_users","Active","Active","untranslated"
"stat_banned_users","Banned","Banned","untranslated"
"stat_invitations","Invitations","Invitations","untranslated"
"stat_total_users","Users","Users","untranslated"
"status_active","Active","Active","untranslated"
"status_banned","Banned","Banned","untranslated"
"status_inactive","Inactive","Inactive","untranslated"
"submitting","Creating account...","Creating account...","untranslated"
"success","Success","Success","untranslated"
"users_action_activate","Activate account","Activate account","untranslated"
"users_action_activate_help","Re-enable the selected accounts without changing their other settings.","Re-enable the selected accounts without changing their other settings.","untranslated"
"users_action_apply_preset","Apply Jellyfin preset","Apply Jellyfin preset","untranslated"
"users_action_apply_preset_help","Push a predefined Jellyfin policy preset to every selected account.","Push a predefined Jellyfin policy preset to every selected account.","untranslated"
"users_action_deactivate","Disable account","Disable account","untranslated"
"users_action_deactivate_help","Temporarily block access for the selected accounts.","Temporarily block access for the selected accounts.","untranslated"
"users_action_delete","Delete account","Delete account","untranslated"
"users_action_delete_help","Permanently remove the selected accounts from every configured backend.","Permanently remove the selected accounts from every configured backend.","untranslated"
"users_action_jellyfin_policy","Adjust Jellyfin policy","Adjust Jellyfin policy","untranslated"
"users_action_jellyfin_policy_help","Override downloads, remote access, sessions, or bitrate limits in bulk.","Override downloads, remote access, sessions, or bitrate limits in bulk.","untranslated"
"users_action_send_email","Send email","Send email","untranslated"
"users_action_send_email_help","Write a one-off message and deliver it to the selected users.","Write a one-off message and deliver it to the selected users.","untranslated"
"users_action_send_password_reset","Send password reset","Send password reset","untranslated"
"users_action_send_password_reset_help","Trigger a password reset email for every selected account.","Trigger a password reset email for every selected account.","untranslated"
"users_action_set_expiry","Set access expiry","Set access expiry","untranslated"
"users_action_set_expiry_help","Define or clear the access expiration date on the selected users.","Define or clear the access expiration date on the selected users.","untranslated"
"users_action_set_invite","Update invite rights","Update invite rights","untranslated"
"users_action_set_invite_help","Grant or remove invitation rights on the selected accounts.","Grant or remove invitation rights on the selected accounts.","untranslated"
"users_allow_invite","Can invite","Can invite","untranslated"
"users_apply","Apply","Apply","untranslated"
"users_bulk_action_failed","Bulk action failed","Bulk action failed","untranslated"
"users_bulk_action_generic","Bulk action","Bulk action","untranslated"
"users_bulk_action_on","for","for","untranslated"
"users_bulk_action_placeholder","Choose a bulk action","Choose a bulk action","untranslated"
"users_bulk_assistant_desc","Select the right users first, then configure the action with as little rework as possible.","Select the right users first, then configure the action with as little rework as possible.","untranslated"
"users_bulk_blocked_prefix","Blocked","Blocked","untranslated"
"users_bulk_choose_action","Choose an action","Choose an action","untranslated"
"users_bulk_complete_required","Complete the required parameters","Complete the required parameters","untranslated"
"users_bulk_config_ready","Configuration looks valid","Configuration looks valid","untranslated"
"users_bulk_confirm_template","{action}`n`nTarget users: {count}`nConfirm execution?","{action}`n`nTarget users: {count}`nConfirm execution?","untranslated"
"users_bulk_desc","Select users, choose an action, then validate the required parameters before execution.","Select users, choose an action, then validate the required parameters before execution.","untranslated"
"users_bulk_done","Action completed: {success}/{total} success","Action completed: {success}/{total} success","untranslated"
"users_bulk_email","Bulk email","Bulk email","untranslated"
"users_bulk_email_body","Message body","Message body","untranslated"
"users_bulk_email_open","Open the bulk email assistant","Open the bulk email assistant","untranslated"
"users_bulk_email_subject","Email subject","Email subject","untranslated"
"users_bulk_email_variables","Available variables","Available variables","untranslated"
"users_bulk_instructions","The assistant prevents incomplete actions before execution. Select users, choose the action, then finish the required fields.","The assistant prevents incomplete actions before execution. Select users, choose the action, then finish the required fields.","untranslated"
"users_bulk_jellyfin_invalid","One or more Jellyfin policy values are invalid.","One or more Jellyfin policy values are invalid.","untranslated"
"users_bulk_need_email_body","Enter both the email subject and message body.","Enter both the email subject and message body.","untranslated"
"users_bulk_need_expiry","Set an expiry date or choose to clear the existing one.","Set an expiry date or choose to clear the existing one.","untranslated"
"users_bulk_need_jellyfin_param","Change at least one Jellyfin policy setting.","Change at least one Jellyfin policy setting.","untranslated"
"users_bulk_need_preset","Choose a Jellyfin preset before continuing.","Choose a Jellyfin preset before continuing.","untranslated"
"users_bulk_no_extra_params","This action does not need extra parameters.","This action does not need extra parameters.","untranslated"
"users_bulk_none","none","none","untranslated"
"users_bulk_ready_suffix","ready to apply","ready to apply","untranslated"
"users_bulk_select_one","Select at least one user.","Select at least one user.","untranslated"
"users_bulk_select_preset","Choose a preset","Choose a preset","untranslated"
"users_bulk_selected_suffix","users selected","users selected","untranslated"
"users_bulk_step_action","Choose action","Choose action","untranslated"
"users_bulk_step_select","Select users","Select users","untranslated"
"users_bulk_step_verify","Validate config","Validate config","untranslated"
"users_bulk_summary_placeholder","Your action summary will appear here.","Your action summary will appear here.","untranslated"
"users_bulk_title","Bulk assistant","Bulk assistant","untranslated"
"users_bulk_valid_prefix","Valid","Valid","untranslated"
"users_clear_expiry","Clear expiry","Clear expiry","untranslated"
"users_close","Close","Close","untranslated"
"users_col_expiry","Expiry","Expiry","untranslated"
"users_col_group","Group","Group","untranslated"
"users_col_invite","Invite","Invite","untranslated"
"users_delete_confirm","Delete permanently","Delete permanently","untranslated"
"users_delete_confirm_template","User ""{username}"" will be deleted from AD, Jellyfin, and the local database. This action is irreversible.","User ""{username}"" will be deleted from AD, Jellyfin, and the local database. This action is irreversible.","untranslated"
"users_delete_confirm_title","Confirm deletion","Confirm deletion","untranslated"
"users_delete_error","Unable to delete this user.","Unable to delete this user.","untranslated"
"users_delete_title","Delete user","Delete user","untranslated"
"users_deleted","User deleted","User deleted","untranslated"
"users_displayed_count","displayed /","displayed /","untranslated"
"users_edit","Edit","Edit","untranslated"
"users_edit_title","Edit account","Edit account","untranslated"
"users_filter_expiry_active","With expiry date","With expiry date","untranslated"
"users_filter_expiry_expired","Already expired","Already expired","untranslated"
"users_filter_expiry_none","No expiry date","No expiry date","untranslated"
"users_filter_extra_all","Any extra signal","Any extra signal","untranslated"
"users_filter_invite_all","Any invite state","Any invite state","untranslated"
"users_filter_invite_disabled","Invite disabled","Invite disabled","untranslated"
"users_filter_invite_enabled","Invite enabled","Invite enabled","untranslated"
"users_filter_jellyfin_all","Any Jellyfin state","Any Jellyfin state","untranslated"
"users_filter_jellyfin_disabled","Jellyfin disabled","Jellyfin disabled","untranslated"
"users_filter_jellyfin_missing","Missing in Jellyfin","Missing in Jellyfin","untranslated"
"users_filter_jellyfin_ok","Healthy in Jellyfin","Healthy in Jellyfin","untranslated"
"users_filter_status_all","Any account status","Any account status","untranslated"
"users_filter_with_email","Has email address","Has email address","untranslated"
"users_filter_without_email","No email address","No email address","untranslated"
"users_filters_clear","Clear filters","Clear filters","untranslated"
"users_filters_desc","Combine search, state, Jellyfin sync, invitation rights, and expiry signals.","Combine search, state, Jellyfin sync, invitation rights, and expiry signals.","untranslated"
"users_filters_none","No active filters.","No active filters.","untranslated"
"users_filters_title","Find the right accounts","Find the right accounts","untranslated"
"users_heading","User Management","User Management","untranslated"
"users_jellyfin_disabled","Jellyfin disabled","Jellyfin disabled","untranslated"
"users_jellyfin_missing","Jellyfin missing","Jellyfin missing","untranslated"
"users_jf_bitrate_placeholder","Remote bitrate limit (kbps)","Remote bitrate limit (kbps)","untranslated"
"users_jf_download_allowed","Downloads allowed","Downloads allowed","untranslated"
"users_jf_download_blocked","Downloads blocked","Downloads blocked","untranslated"
"users_jf_download_unchanged","Keep current download policy","Keep current download policy","untranslated"
"users_jf_remote_allowed","Remote access allowed","Remote access allowed","untranslated"
"users_jf_remote_blocked","Remote access blocked","Remote access blocked","untranslated"
"users_jf_remote_unchanged","Keep current remote policy","Keep current remote policy","untranslated"
"users_jf_sessions_placeholder","Max active sessions","Max active sessions","untranslated"
"users_live_filters_desc","See the active constraints before applying a bulk action.","See the active constraints before applying a bulk action.","untranslated"
"users_live_filters_title","Filter snapshot","Filter snapshot","untranslated"
"users_load_error","Unable to load users","Unable to load users","untranslated"
"users_load_error_details","The users list could not be loaded.","The users list could not be loaded.","untranslated"
"users_no","No","No","untranslated"
"users_no_filter_match","No account matches the current filters.","No account matches the current filters.","untranslated"
"users_no_local","No local accounts found yet.","No local accounts found yet.","untranslated"
"users_overview_expiring","Expired access","Expired access","untranslated"
"users_overview_filtered","Visible now","Visible now","untranslated"
"users_overview_inviters","Can invite","Can invite","untranslated"
"users_overview_total","Total accounts","Total accounts","untranslated"
"users_reset","Reset","Reset","untranslated"
"users_reset_error","Unable to send the password reset message.","Unable to send the password reset message.","untranslated"
"users_reset_sent","Password reset link sent to {username}","Password reset link sent to {username}","untranslated"
"users_search_placeholder","Search...","Search...","untranslated"
"users_segment_access","Access policy","Access policy","untranslated"
"users_segment_accounts","Account state","Account state","untranslated"
"users_segment_delivery","Communication","Communication","untranslated"
"users_select_filtered","Select filtered","Select filtered","untranslated"
"users_selection_clear","Clear selection","Clear selection","untranslated"
"users_selection_desc","Review the exact accounts that will be affected next.","Review the exact accounts that will be affected next.","untranslated"
"users_selection_empty","No users selected yet.","No users selected yet.","untranslated"
"users_selection_more","+{count} more","+{count} more","untranslated"
"users_selection_title","Selection snapshot","Selection snapshot","untranslated"
"users_subheading","Manage accounts, enable or delete users","Manage accounts, enable or delete users","untranslated"
"users_subheading_extended","Manage local accounts, Jellyfin sync state, invitation rights, and expiry rules from one control room.","Manage local accounts, Jellyfin sync state, invitation rights, and expiry rules from one control room.","untranslated"
"users_sync_confirm","Launch a synchronization against Jellyfin now?","Launch a synchronization against Jellyfin now?","untranslated"
"users_sync_done","Jellyfin sync completed","Jellyfin sync completed","untranslated"
"users_sync_error","Jellyfin sync failed","Jellyfin sync failed","untranslated"
"users_sync_jellyfin","Sync Jellyfin","Sync Jellyfin","untranslated"
"users_sync_jellyfin_title","Refresh local data from Jellyfin","Refresh local data from Jellyfin","untranslated"
"users_sync_network_error","Network error during Jellyfin synchronization","Network error during Jellyfin synchronization","untranslated"
"users_table_desc","Inspect each local account, then edit, reset, trace, enable, or delete in one click.","Inspect each local account, then edit, reset, trace, enable, or delete in one click.","untranslated"
"users_table_title","Accounts list","Accounts list","untranslated"
"users_timeline_critical","Critical","Critical","untranslated"
"users_timeline_empty","No timeline events found for this user.","No timeline events found for this user.","untranslated"
"users_timeline_important","Important","Important","untranslated"
"users_timeline_info","Info","Info","untranslated"
"users_timeline_load_error","Unable to load the user timeline.","Unable to load the user timeline.","untranslated"
"users_timeline_subtitle","{username} ({email})","{username} ({email})","untranslated"
"users_timeline_title","User timeline","User timeline","untranslated"
"users_timeline_trace","Trace","Trace","untranslated"
"users_title","Users","Users","untranslated"
"users_toggle_error","Unable to update the account status.","Unable to update the account status.","untranslated"
"users_toggle_updated","Account status updated","Account status updated","untranslated"
"users_toolbar_desc","Start with a filter, then use the bulk assistant or one-click actions on the right accounts.","Start with a filter, then use the bulk assistant or one-click actions on the right accounts.","untranslated"
"users_toolbar_title","User operations","User operations","untranslated"
"users_update_error","Unable to save account changes.","Unable to save account changes.","untranslated"
"users_updated","Account updated","Account updated","untranslated"
"users_yes","Yes","Yes","untranslated"
"verify_email_invite_expired_heading","Verification link expired","Verification link expired","untranslated"
"verify_email_invite_expired_message","This signup confirmation link has expired. Submit the invitation form again to receive a new email.","This signup confirmation link has expired. Submit the invitation form again to receive a new email.","untranslated"
"verify_email_invite_failed_heading","Account creation failed","Account creation failed","untranslated"
"verify_email_invite_failed_message","We could not finish creating your account from this invitation. Submit the invitation form again or ask for a new invitation.","We could not finish creating your account from this invitation. Submit the invitation form again or ask for a new invitation.","untranslated"
"verify_email_invite_success_heading","Email verified, account created","Email verified, account created","untranslated"
"verify_email_invite_success_message","Your email address has been confirmed and your account is now ready. You can sign in to Jellyfin.","Your email address has been confirmed and your account is now ready. You can sign in to Jellyfin.","untranslated"
"view_all","View all","View all","untranslated"