key,english,es,status
"app_description","Invitation and user manager for Jellyfin","Gestor de invitaciones y usuarios para Jellyfin","ok"
"automation_add","Add","Agregar","ok"
"automation_col_bitrate","Bitrate (kbps)","Columna bitrate","ok"
"automation_col_delete_days","Delete after (days)","Columna eliminar dias","ok"
"automation_col_disable_days","Disable after (days)","Columna desactivar dias","ok"
"automation_col_download","Downloads","Columna descarga","ok"
"automation_col_group","Group","Columna grupo","ok"
"automation_col_id","ID","Columna id","ok"
"automation_col_last_run","Last run","Columna ultima ejecucion","ok"
"automation_col_ldap_dn_optional","LDAP DN (optional)","Columna ldap dn opcional","ok"
"automation_col_name","Name","Columna nombre","ok"
"automation_col_payload","Payload","Columna payload","ok"
"automation_col_preset_target","Target preset","Columna preajuste objetivo","ok"
"automation_col_remote","Remote access","Columna remoto","ok"
"automation_col_schedule","Schedule","Columna programacion","ok"
"automation_col_sessions","Sessions","Columna sesiones","ok"
"automation_col_source","Source","Columna origen","ok"
"automation_col_type","Type","Columna tipo","ok"
"automation_create","Create","Crear","ok"
"automation_delete","Delete","Eliminar","ok"
"automation_disable","Disable","Desactivar","ok"
"automation_enable","Enable","Activar","ok"
"automation_error_group_mappings","Unable to load group mappings.","Error grupo mapeos","ok"
"automation_error_presets","Unable to load presets.","Error presets","ok"
"automation_error_tasks","Unable to load tasks.","Error tareas","ok"
"automation_group_mappings_desc","Map LDAP or application groups to Jellyfin presets.","Asocia grupos a un preajuste de Jellyfin.","ok"
"automation_group_mappings_title","Group mappings","Asignaciones de grupos","ok"
"automation_guidance_desc","Start with Jellyfin access presets, attach them to groups, then schedule the recurring jobs that keep everything in sync.","Empieza con los preajustes de acceso de Jellyfin, asÃ­gnalos a grupos y programa despuÃ©s las tareas recurrentes que mantienen todo sincronizado.","ok"
"automation_guidance_title","Keep presets, groups, and schedules aligned.","MantÃ©n alineados los preajustes, los grupos y la planificaciÃ³n.","ok"
"automation_kicker","Automation control room","Centro de control de automatizaciÃ³n","ok"
"automation_mappings_saved","Group mappings saved.","Mapeos guardado","ok"
"automation_new_preset","New preset","Nuevo preajuste","ok"
"automation_no_group_mappings","No group mappings configured.","Sin grupo mapeos","ok"
"automation_no_presets","No presets configured.","Sin presets","ok"
"automation_no_tasks","No scheduled tasks.","Sin tareas","ok"
"automation_presets_desc","Define the reusable Jellyfin access baseline that can be applied manually or through group mappings.","Define la base reutilizable de acceso a Jellyfin para aplicarla manualmente o mediante asignaciones de grupo.","ok"
"automation_presets_saved","Presets saved.","Presets guardado","ok"
"automation_presets_title","Jellyfin presets","Preajustes","ok"
"automation_run_now","Run now","Ejecucion ahora","ok"
"automation_save","Save","Guardar","ok"
"automation_save_mappings_failed","Unable to save group mappings.","Guardar mapeos fallido","ok"
"automation_save_presets_failed","Unable to save presets.","Guardar presets fallido","ok"
"automation_select_preset","Select a preset","Seleccionar preajuste","ok"
"automation_subheading","Manage presets, mappings, and scheduled tasks.","Subtitulo","ok"
"automation_task_builder_desc","Use clear names and a stable hour/minute so the job remains easy to audit later.","Usa nombres claros y una hora/minuto estable para que la tarea siga siendo fÃ¡cil de auditar despuÃ©s.","ok"
"automation_task_builder_title","Build a scheduled task","Crear una tarea programada","ok"
"automation_task_create_failed","Unable to create task.","Tarea crear fallido","ok"
"automation_task_created","Task created.","Tarea creado","ok"
"automation_task_delete_confirm","Delete this task?","Tarea eliminar confirmar","ok"
"automation_task_delete_failed","Unable to delete task.","Tarea eliminar fallido","ok"
"automation_task_deleted","Task deleted.","Tarea eliminado","ok"
"automation_task_enabled","Enabled","Tarea activado","ok"
"automation_task_hour_placeholder","Hour (0-23)","Tarea hora placeholder","ok"
"automation_task_minute_placeholder","Minute (0-59)","Tarea minuto placeholder","ok"
"automation_task_name_placeholder","Task name","Tarea nombre placeholder","ok"
"automation_task_payload_empty","No payload","Sin carga","ok"
"automation_task_payload_placeholder","JSON payload (optional)","Tarea payload placeholder","ok"
"automation_task_payload_ready","Payload ready","Carga lista","ok"
"automation_task_preview_empty","Fill the form to preview the schedule and execution state.","Completa el formulario para previsualizar la programaciÃ³n y el estado de ejecuciÃ³n.","ok"
"automation_task_preview_title","Task preview","Vista previa de la tarea","ok"
"automation_task_run_failed","Task execution failed.","Tarea ejecucion fallido","ok"
"automation_task_run_success","Task started.","Tarea ejecucion exito","ok"
"automation_task_update_failed","Unable to update task.","Tarea actualizacion fallido","ok"
"automation_tasks_desc","Create recurring jobs, then verify the schedule and payload before saving.","Crea tareas recurrentes y revisa la programaciÃ³n y la carga antes de guardar.","ok"
"automation_tasks_title","Scheduled tasks","Tareas programadas","ok"
"automation_type_cleanup_resets_desc","Remove expired password reset requests to keep the recovery flow clean.","Elimina las solicitudes de restablecimiento de contraseÃ±a caducadas para mantener limpio el flujo de recuperaciÃ³n.","ok"
"automation_type_create_backup_desc","Create a fresh backup snapshot for restore or audit purposes.","Crea una copia de seguridad reciente para restauraciÃ³n o auditorÃ­a.","ok"
"automation_type_sync_users_desc","Sync local users with Jellyfin or directory state to keep access consistent.","Sincroniza los usuarios locales con Jellyfin o con el estado del directorio para mantener el acceso coherente.","ok"
"back_to_login","Back to login","Volver al inicio de sesion","ok"
"base_language_label","Language","Idioma","ok"
"btn_save","Save","Guardar","ok"
"cancel","Cancel","Cancelar","ok"
"col_actions","Actions","Acciones","ok"
"col_created_at","Date","Fecha","ok"
"col_email","Email","Correo","ok"
"col_invited_by","Invited by","Invitado por","ok"
"col_jellyfin","Jellyfin","Jellyfin","untranslated"
"col_status","Status","Estado","ok"
"col_username","User","Usuario","ok"
"common_bad_request","Invalid request","Solicitud no valida","ok"
"common_next","Next","Siguiente","ok"
"common_previous","Previous","Anterior","ok"
"common_server_error","Server error","Error del servidor","ok"
"dashboard_heading","Dashboard","Panel de control","ok"
"dashboard_intro_title","Jellyfin Access Manager","Administrador de acceso Jellyfin","ok"
"dashboard_my_account_title","Account","Mi cuenta","ok"
"dashboard_no_users","No users yet","AÃºn no hay usuarios","ok"
"dashboard_open_my_account","Open My Account","Abrir mi cuenta","ok"
"dashboard_panel_invites_title","Invitations","Invitaciones","ok"
"dashboard_panel_settings_title","Settings","Ajustes","ok"
"dashboard_panel_users_title","Users","Usuarios","ok"
"dashboard_recent_users","Recent users","Usuarios recientes","ok"
"dashboard_stats_title","Pulse","Pulso","ok"
"dashboard_title","Dashboard","Panel de control","ok"
"dashboard_welcome","Welcome","Bienvenido","ok"
"failure","Failure","Error","ok"
"field_display_name","Display name","Nombre visible","ok"
"field_display_name_placeholder","E.g. John Doe","Ej.: John Doe","ok"
"field_email","Email","Correo electronico","ok"
"field_email_placeholder","E.g. john@example.com","Ej.: john@example.com","ok"
"field_email_required","Email","Correo electronico","ok"
"field_identifier","Email or username","Correo o nombre de usuario","ok"
"field_identifier_placeholder","E.g. john_doe or john@example.com","Ej.: john_doe o john@example.com","ok"
"field_new_password","New password","Nueva contrasena","ok"
"field_password","Password","Contrasena","ok"
"field_password_confirm","Confirm password","Confirmar contrasena","ok"
"field_password_confirm_placeholder","Re-enter your password","Vuelve a escribir tu contrasena","ok"
"field_password_placeholder","Minimum 8 characters","Minimo 8 caracteres","ok"
"field_username","Username","Nombre de usuario","ok"
"field_username_help","3-32 characters: letters, numbers, dashes, underscores","3-32 caracteres: letras, numeros, guiones y guiones bajos","ok"
"field_username_placeholder","E.g. john_doe","Ej.: john_doe","ok"
"i18n_report_back_settings","Back to settings","Volver a configuracion","ok"
"i18n_report_col_fallback","Fallback values","Valores de reserva","ok"
"i18n_report_col_locale","Locale","Idioma","ok"
"i18n_report_col_missing_base","Missing vs base","Faltantes respecto a la base","ok"
"i18n_report_col_missing_template","Missing template keys","Claves de plantilla faltantes","ok"
"i18n_report_col_placeholder","Placeholder mismatches","Marcadores incoherentes","ok"
"i18n_report_col_total_keys","Total keys","Claves totales","ok"
"i18n_report_intro","Checks template key coverage, placeholder consistency, and fallback values by locale.","Comprueba la cobertura de claves de plantillas, la coherencia de marcadores y los valores de reserva por idioma.","ok"
"i18n_report_load_error","Unable to load the i18n report.","No se pudo cargar el informe i18n.","ok"
"i18n_report_no_data","No data.","Sin datos.","ok"
"i18n_report_title","i18n Report","Informe i18n","ok"
"invitations_badge_active","Active","Activa","ok"
"invitations_badge_expired","Expired","Caducada","ok"
"invitations_col_email","Delivery","Entrega","ok"
"invitations_col_link_code","Invitation link","Enlace de invitacion","ok"
"invitations_col_link_expiry","Link expiry","Caducidad del enlace","ok"
"invitations_col_profile_expiry","Account policy","Politica de la cuenta","ok"
"invitations_conversion_rate","Conversion rate","Tasa de conversion","ok"
"invitations_conversions","Conversions","Conversiones","ok"
"invitations_copy","Copy","Copiar","ok"
"invitations_copy_full_link","Copy full link","Copiar enlace completo","ok"
"invitations_copy_unavailable","Clipboard access is unavailable","El portapapeles no esta disponible","ok"
"invitations_create_desc","Generate a reusable signup link, prefill account rules, and optionally send it by email.","Genere un enlace de registro reutilizable, prepare las reglas de la cuenta y envielo por correo si hace falta.","ok"
"invitations_create_link","Create invitation","Crear invitacion","ok"
"invitations_create_title","Invitation flow","Flujo de invitacion","ok"
"invitations_created","Invitation created","Invitacion creada","ok"
"invitations_default_policy","Default policy","Politica predeterminada","ok"
"invitations_delete","Delete","Eliminar","ok"
"invitations_delete_after_days","Delete account after {n} days","Eliminar la cuenta despues de {n} dias","ok"
"invitations_delete_desc","This invitation will be removed permanently. Existing users created from it are not affected.","Esta invitacion se eliminara de forma permanente. Los usuarios ya creados a partir de ella no se veran afectados.","ok"
"invitations_delete_title","Delete invitation","Eliminar invitacion","ok"
"invitations_deleted","Invitation deleted","Invitacion eliminada","ok"
"invitations_disable_after_days","Disable account after {n} days","Desactivar la cuenta despues de {n} dias","ok"
"invitations_email_manual","Email delivery","Entrega por correo","ok"
"invitations_error_loading","Unable to load invitations","No se pudieron cargar las invitaciones","ok"
"invitations_expires_on","Expires on {date}","Caduca el {date}","ok"
"invitations_forced_username","Reserved username","Nombre de usuario reservado","ok"
"invitations_forced_username_help","Optional. Lock the signup to a single username when you need a pre-assigned account.","Opcional. Limite el registro a un solo nombre de usuario cuando la cuenta ya este asignada.","ok"
"invitations_forced_username_placeholder","Leave blank to let the user choose","Dejelo vacio para que el usuario elija","ok"
"invitations_group_default","Default group","Grupo predeterminado","ok"
"invitations_group_prefix","Group: {group}","Grupo: {group}","ok"
"invitations_invalid_max_uses","Your current policy allows between 1 and {n} uses per link.","Su politica actual permite entre 1 y {n} usos por enlace.","ok"
"invitations_invalid_user_expiry","Choose a relative or absolute expiry before creating the invitation.","Elija una expiracion relativa o absoluta antes de crear la invitacion.","ok"
"invitations_invite_option_enabled_help","The invited account will be allowed to create invitations after signup.","La cuenta invitada podra crear invitaciones despues del registro.","ok"
"invitations_invite_option_policy_limited","Your role cannot grant invite rights on new accounts.","Su rol no puede conceder permisos de invitacion a nuevas cuentas.","ok"
"invitations_last_link_label","Latest generated link","Ultimo enlace generado","ok"
"invitations_last_link_placeholder","The newest invitation URL will appear here","La URL de invitacion mas reciente aparecera aqui","ok"
"invitations_link_copied","Invitation link copied","Enlace de invitacion copiado","ok"
"invitations_link_expires_label","Link expiry","Caducidad del enlace","ok"
"invitations_link_help_default","Leave empty to keep the link valid until it is used or revoked.","Dejelo vacio para mantener el enlace valido hasta que se use o se revoque.","ok"
"invitations_link_help_limited","Your current policy recommends an expiry within the next {n} hours.","Su politica actual recomienda una expiracion dentro de las proximas {n} horas.","ok"
"invitations_links_active","Active links","Enlaces activos","ok"
"invitations_links_closed","Closed links","Enlaces cerrados","ok"
"invitations_links_created","Links created","Enlaces creados","ok"
"invitations_max_uses_label","Maximum uses","Numero maximo de usos","ok"
"invitations_new_invitation","New invitation","Nueva invitacion","ok"
"invitations_new_user_can_invite","Grant invite rights to the new account","Dar permisos de invitacion a la nueva cuenta","ok"
"invitations_no_link_to_copy","There is no invitation link to copy yet.","Todavia no hay ningun enlace de invitacion para copiar.","ok"
"invitations_no_planned_delete","No deletion planned","Sin eliminacion planificada","ok"
"invitations_none_active","No active invitations found.","No se encontraron invitaciones activas.","ok"
"invitations_policy_base_links","Base URL: {url}","URL base: {url}","ok"
"invitations_policy_expiry_locked","User expiry is locked by the active invitation policy.","La caducidad del usuario esta bloqueada por la politica de invitacion activa.","ok"
"invitations_policy_grant_locked","Invite rights are locked by the active invitation policy.","Los permisos de invitacion estan bloqueados por la politica de invitacion activa.","ok"
"invitations_policy_loading","Loading invitation policy...","Cargando politica de invitacion...","ok"
"invitations_policy_max_ttl","Max link lifetime: {n}h","Vida maxima del enlace: {n}h","ok"
"invitations_policy_max_uses","Max uses per link: {n}","Usos maximos por enlace: {n}","ok"
"invitations_policy_quota_day","Daily quota: {n}","Cuota diaria: {n}","ok"
"invitations_policy_quota_month","Monthly quota: {n}","Cuota mensual: {n}","ok"
"invitations_policy_quota_week","Weekly quota: {n}","Cuota semanal: {n}","ok"
"invitations_rate","Rate","Tasa","ok"
"invitations_role_can_invite","can invite others","puede invitar","ok"
"invitations_role_standard","standard account","cuenta estandar","ok"
"invitations_section_link_settings","Link settings","Reglas del enlace","ok"
"invitations_section_smtp_notification","Email delivery","Entrega por correo","ok"
"invitations_section_user_profile","Future account rules","Reglas de la futura cuenta","ok"
"invitations_send_to_email_help","Optional. If SMTP is configured, JellyGate sends the invitation immediately.","Opcional. Si SMTP esta configurado, JellyGate enviara la invitacion inmediatamente.","ok"
"invitations_send_to_email_label","Send invitation to","Enviar invitacion a","ok"
"invitations_sponsor","Sponsor","Patrocinador","ok"
"invitations_sponsor_dashboard","Sponsor activity","Actividad de patrocinadores","ok"
"invitations_sponsor_no_data","No sponsor activity available yet.","Todavia no hay actividad de patrocinadores.","ok"
"invitations_stats_error","Unable to load sponsor statistics","No se pudieron cargar las estadisticas de patrocinadores","ok"
"invitations_stats_loading","Loading sponsor statistics...","Cargando estadisticas de patrocinadores...","ok"
"invitations_stats_updated_at","Updated {at}","Actualizado {at}","ok"
"invitations_subheading","Create invitation links, monitor sponsor activity, and keep onboarding rules consistent.","Cree enlaces de invitacion, supervise la actividad de patrocinio y mantenga reglas de acceso coherentes.","ok"
"invitations_unknown_error","An unexpected error occurred","Se produjo un error inesperado","ok"
"invitations_unknown_sponsor","(unknown)","(desconocido)","ok"
"invitations_unlimited","Unlimited","Ilimitado","ok"
"invitations_user_expiry_absolute","Absolute account expiry","Caducidad absoluta de la cuenta","ok"
"invitations_user_expiry_absolute_help","Optional. Set a fixed expiry date instead of a relative delay.","Opcional. Defina una fecha fija de caducidad en lugar de un retraso relativo.","ok"
"invitations_user_expiry_days_help","Apply a relative expiry window once the invited account is created.","Aplique una ventana de expiracion relativa cuando se cree la cuenta invitada.","ok"
"invitations_user_expiry_enable","Set an expiry policy for the invited account","Definir una politica de caducidad para la cuenta invitada","ok"
"invitations_user_expiry_future","The absolute expiry must be in the future.","La fecha de caducidad absoluta debe estar en el futuro.","ok"
"invitations_uses","Uses","Usos","ok"
"invitations_uses_help_default","Use 0 for unlimited redemptions.","Use 0 para canjes ilimitados.","ok"
"invitations_uses_help_limited","Your current policy allows between 1 and {n} redemptions.","Su politica actual permite entre 1 y {n} usos.","ok"
"invite_error_config","Invitation configuration error","Error de configuracion de la invitacion","ok"
"invite_error_email_verification_unavailable","Email verification is enabled, but email sending is unavailable right now.","La verificacion por correo esta activada, pero el envio de correos no esta disponible en este momento.","ok"
"invite_error_invalid_or_expired","Invalid or expired invitation","Invitacion invalida o caducada","ok"
"invite_error_jellyfin_create","Error while creating the account (Jellyfin)","Error al crear la cuenta (Jellyfin)","ok"
"invite_error_ldap_create","Error while creating the account (LDAP)","Error al crear la cuenta (LDAP)","ok"
"invite_error_persist","Error while saving the account","Error al guardar la cuenta","ok"
"invite_footer","Powered by JellyGate","Impulsado por JellyGate","ok"
"invite_heading","Create your account","Crea tu cuenta","ok"
"invite_login_jellyfin","Sign in to Jellyfin","Iniciar sesion en Jellyfin","ok"
"invite_open_jellyseerr","Open Jellyseerr","Abrir Jellyseerr","ok"
"invite_open_jellytrack","Open jellytrack","Abrir jellytrack","ok"
"invite_quick_links","Quick links","Accesos rapidos","ok"
"invite_subheading","Fill in the form to join the media library","Completa el formulario para unirte a la biblioteca multimedia","ok"
"invite_submit","Create my account","Crear mi cuenta","ok"
"invite_success_hybrid","Welcome {username}! Your account was created in Jellyfin and in LDAP.","Bienvenido, {username}. Tu cuenta se creo en Jellyfin y en LDAP.","ok"
"invite_success_ldap_only","Welcome {username}! Your account was created in LDAP. Jellyfin access will use your LDAP integration.","Bienvenido, {username}. Tu cuenta se creo en LDAP. El acceso a Jellyfin utilizara tu integracion LDAP.","ok"
"invite_success_pending_verification","Check your email to confirm the creation of account {username}. Your account will be created only after this confirmation.","Revisa tu correo para confirmar la creacion de la cuenta {username}. La cuenta se creara solo despues de esta confirmacion.","ok"
"invite_title","Sign Up","Registro","ok"
"login_error_forbidden","You are not an administrator","No eres administrador","ok"
"login_error_invalid","Invalid credentials","Credenciales no vÃ¡lidas","ok"
"login_error_required","Enter both your username and password.","Introduce el nombre de usuario y la contraseÃ±a.","ok"
"login_forgot_password","Forgot password?","Has olvidado tu contrasena?","ok"
"login_jellyfin_desc","Media library access","Acceso a la biblioteca","ok"
"login_jellyseerr_desc","Browse and request content","Solicitar contenido","ok"
"login_jellytrack_desc","Playback statistics tracking","Estadísticas","ok"
"login_shortcuts","Shortcuts","Accesos rápidos","ok"
"login_subheading","Administration","Administracion","ok"
"login_submit","Sign in","Entrar","ok"
"login_title","Login","Inicio de sesion","ok"
"logs_col_action","Action","Accion","ok"
"logs_col_actor","Actor","Actor","untranslated"
"logs_col_details","Details","Detalles","ok"
"logs_col_target","Target","Objetivo","ok"
"logs_load_error","Unable to load audit logs","No se pudo cargar el registro de auditoria","ok"
"logs_loading","Loading audit logs...","Cargando registro de auditoria...","ok"
"logs_network_error","Network error while loading audit logs","Error de red al cargar el registro de auditoria","ok"
"logs_no_results","No audit events match the current filters.","Ningun evento de auditoria coincide con los filtros actuales.","ok"
"logs_no_results_short","No matching events","Sin eventos coincidentes","ok"
"logs_of_label","of","de","ok"
"logs_page_label","Page","Pagina","ok"
"logs_pagination_loading","Loading pagination...","Cargando paginacion...","ok"
"logs_per_page_suffix","per page","por pagina","ok"
"logs_search_placeholder","Search actions, actors, targets, details, or request IDs","Buscar acciones, actores, objetivos, detalles o request_id","ok"
"logs_system_actor","System","Sistema","ok"
"logs_total_label","Total","Total","untranslated"
"my_account_channel_discord","Discord","Discord","untranslated"
"my_account_channel_email","Email","Correo","ok"
"my_account_channel_optin","Delivery channels","Canales de entrega","ok"
"my_account_channel_telegram","Telegram","Telegram","untranslated"
"my_account_contact_help","Update contact information and notification preferences.","Actualice la información de contacto y las preferencias de notificación.","ok"
"my_account_default_server_lang","Use the server default language","Usar el idioma predeterminado del servidor","ok"
"my_account_edit_profile","Edit profile","Editar perfil","ok"
"my_account_email_pending_label","Pending email:","Correo pendiente:","ok"
"my_account_email_status_missing","No email configured","No hay correo configurado","ok"
"my_account_email_status_pending","Pending verification","Verificacion pendiente","ok"
"my_account_email_status_unverified","Verification required","Verificacion requerida","ok"
"my_account_email_status_verified","Verified","Verificado","ok"
"my_account_email_verification_help","Confirm this email address to receive account messages and recovery links.","Confirma este correo para recibir mensajes de la cuenta y enlaces de recuperacion.","ok"
"my_account_email_verification_label","Email verification","Verificacion del correo","ok"
"my_account_email_verification_missing","Add an email address to enable verification and password recovery.","Anade una direccion de correo para activar la verificacion y la recuperacion de contrasena.","ok"
"my_account_email_verification_ok","Your current email address is verified.","Tu direccion de correo actual esta verificada.","ok"
"my_account_email_verification_pending","Check your inbox and click the confirmation link sent to the pending address.","Revisa tu bandeja de entrada y abre el enlace enviado a la direccion pendiente.","ok"
"my_account_email_verification_resend","Resend verification email","Reenviar correo de verificacion","ok"
"my_account_email_verification_send_error","Unable to send a verification email","No se pudo enviar el correo de verificacion","ok"
"my_account_email_verification_sent","A verification email has been sent.","Se ha enviado un correo de verificacion.","ok"
"my_account_label_access_expiry","Access expiry","Caducidad del acceso","ok"
"my_account_label_confirm_password","Confirm new password","Confirmar nueva contrasena","ok"
"my_account_label_discord","Discord handle","Usuario de Discord","ok"
"my_account_label_email","Email address","Direccion de correo","ok"
"my_account_label_new_password","New password","Nueva contrasena","ok"
"my_account_label_preferred_lang","Preferred language","Idioma preferido","ok"
"my_account_label_role","Role","Rol","ok"
"my_account_label_telegram","Telegram handle","Usuario de Telegram","ok"
"my_account_label_user","Username","Nombre de usuario","ok"
"my_account_load_error","Unable to load your account","No se pudo cargar su cuenta","ok"
"my_account_no_expiry","No expiry configured","Sin caducidad configurada","ok"
"my_account_notify_events","Notify me about account events","Avisarme de los eventos de la cuenta","ok"
"my_account_notify_expiry","Notify me before access expires","Avisarme antes de que caduque el acceso","ok"
"my_account_password_help","Change your password. Choose a strong password (min. 8 characters).","Cambie su contraseña. Elija una contraseña segura (mín. 8 caracteres).","ok"
"my_account_password_min_hint","At least 8 characters","Al menos 8 caracteres","ok"
"my_account_password_mismatch","The passwords do not match","Las contrasenas no coinciden","ok"
"my_account_password_too_short","The password must contain at least 8 characters","La contrasena debe tener al menos 8 caracteres","ok"
"my_account_password_update_error","Unable to update the password","No se pudo actualizar la contrasena","ok"
"my_account_password_updated","Password updated","Contrasena actualizada","ok"
"my_account_save_error","Unable to save your preferences","No se pudieron guardar sus preferencias","ok"
"my_account_save_preferences","Save preferences","Guardar preferencias","ok"
"my_account_saved","Preferences saved","Preferencias guardadas","ok"
"my_account_section_contact","Contact and preferences","Contacto y preferencias","ok"
"my_account_section_password","Password","Contrasena","ok"
"my_account_section_profile","Profile summary","Resumen del perfil","ok"
"my_account_subheading","Keep your contact details, delivery channels, language, and password up to date.","Mantenga actualizados sus datos de contacto, canales de entrega, idioma y contrasena.","ok"
"my_account_subtitle","Manage your profile and preferences","Mantenga su perfil y preferencias actualizados","ok"
"my_account_update_password","Update password","Actualizar contrasena","ok"
"nav_automation","Automation","Automatizacion","ok"
"nav_dashboard","Dashboard","Panel","ok"
"nav_invitations","Invitations","Invitaciones","ok"
"nav_logout","Sign out","Cerrar sesion","ok"
"nav_logs","Logs","Registros","ok"
"nav_my_account","My Account","Mi cuenta","ok"
"nav_settings","Settings","Configuracion","ok"
"nav_theme","Theme","Tema","ok"
"nav_users","Users","Usuarios","ok"
"password_match","Passwords match","Las contrasenas coinciden","ok"
"password_mismatch","Passwords do not match","Las contrasenas no coinciden","ok"
"password_policy_missing","Missing requirements","Faltan requisitos","ok"
"password_policy_ok","Password rules satisfied","Reglas de contrasena cumplidas","ok"
"password_rule_at_least","at least {n} characters","al menos {n} caracteres","ok"
"password_rule_at_most","at most {n} characters","como maximo {n} caracteres","ok"
"password_rule_digit","one digit","un numero","ok"
"password_rule_lower","one lowercase letter","una minuscula","ok"
"password_rule_special","one special character","un caracter especial","ok"
"password_rule_upper","one uppercase letter","una mayuscula","ok"
"password_rules_chars","characters","caracteres","ok"
"password_rules_prefix","Rules:","Reglas:","ok"
"reset_new_heading","New password","Nueva contrasena","ok"
"reset_new_subheading","Choose a new secure password","Elige una nueva contrasena segura","ok"
"reset_request_heading","Forgot password","Olvidaste tu contrasena","ok"
"reset_request_subheading","Enter your identifier to receive a reset link","Introduce tu identificador para recibir un enlace de restablecimiento","ok"
"reset_request_submit","Send reset link","Enviar enlace","ok"
"reset_submit","Reset password","Restablecer contrasena","ok"
"reset_title","Password Reset","Restablecer contrasena","ok"
"role_admin","Administrator","Administrador","ok"
"role_user","User","Usuario","ok"
"settings_backup_action_delete","Delete","Eliminar","ok"
"settings_backup_action_export","Export","Exportar","ok"
"settings_backup_action_restore","Restore","Restaurar","ok"
"settings_backup_archives_desc","Restoration is prepared then applied on next JellyGate restart.","Backup Archives Desc","ok"
"settings_backup_archives_title","Available archives","Backup Archives Title","ok"
"settings_backup_col_actions","Actions","Backup Col Actions","ok"
"settings_backup_col_archive","Archive","Backup Col Archive","ok"
"settings_backup_col_date","Date","Backup Col Date","ok"
"settings_backup_col_size","Size","Backup Col Size","ok"
"settings_backup_create_now","Create backup now","Backup Create Now","ok"
"settings_backup_created","Backup created","Copia creada","ok"
"settings_backup_daily_time","Daily execution time","Backup Daily Time","ok"
"settings_backup_delete_confirm_prefix","Delete permanently","Eliminar definitivamente","ok"
"settings_backup_delete_error","Delete failed","Error al eliminar","ok"
"settings_backup_deleted","Backup deleted","Copia eliminada","ok"
"settings_backup_desc","Configure automatic backups, create manual backups, import archives, and prepare a restoration.","Backup Desc","ok"
"settings_backup_enable_auto","Enable automatic backups","Backup Enable Auto","ok"
"settings_backup_error","Backup error","Error de copia de seguridad","ok"
"settings_backup_import_btn","Import","Backup Import Btn","ok"
"settings_backup_import_desc","Import a ZIP archive into JellyGate for later restoration. Export/Delete actions remain available below.","Backup Import Desc","ok"
"settings_backup_import_error","Import failed","Error al importar","ok"
"settings_backup_import_title","Import a backup","Backup Import Title","ok"
"settings_backup_imported","Backup imported","Copia importada","ok"
"settings_backup_list_empty","No backup available.","Backup List Empty","ok"
"settings_backup_list_load_error","Unable to load backups.","Backup List Load Error","ok"
"settings_backup_list_pg_unavailable","PostgreSQL mode: SQLite archives are unavailable. Use pg_dump/pg_restore.","Backup List Pg Unavailable","ok"
"settings_backup_manual_desc","Create an exportable ZIP archive (SQLite DB + settings + templates).","Backup Manual Desc","ok"
"settings_backup_manual_title","Manual backup","Backup Manual Title","ok"
"settings_backup_pg_mode_desc_1","Native JellyGate ZIP backups (SQLite) are disabled.","Backup Pg Mode Desc 1","ok"
"settings_backup_pg_mode_desc_2","Use pg_dump and pg_restore for PostgreSQL.","Backup Pg Mode Desc 2","ok"
"settings_backup_pg_mode_title","PostgreSQL mode detected","Backup Pg Mode Title","ok"
"settings_backup_pg_not_supported","Action not supported in PostgreSQL mode","Accion no compatible en modo PostgreSQL","ok"
"settings_backup_pg_plan_unavailable","Local backup scheduler unavailable in PostgreSQL mode (use pg_dump/pg_restore)","Backup Pg Plan Unavailable","ok"
"settings_backup_restore_confirm_prefix","Prepare restoration for","Preparar restauracion para","ok"
"settings_backup_restore_confirm_suffix","A restart is required.","Se requiere reiniciar.","ok"
"settings_backup_restore_error","Restore failed","Error al restaurar","ok"
"settings_backup_restore_ready","Restoration prepared. Restart JellyGate.","Restauracion preparada. Reinicia JellyGate.","ok"
"settings_backup_retention_fixed","Backups kept (fixed)","Backup Retention Fixed","ok"
"settings_backup_retention_help","JellyGate automatically keeps the latest 7 backups (including imports).","Backup Retention Help","ok"
"settings_backup_save_schedule","Save backup schedule","Backup Save Schedule","ok"
"settings_backup_select_zip","Select a .zip file","Selecciona un archivo .zip","ok"
"settings_backup_title","Backups and restoration","Backup Title","ok"
"settings_default_lang","Server default language","Idioma predeterminado del servidor","ok"
"settings_default_lang_help","Language used when the user has no preference set","Idioma usado cuando el usuario no tiene ninguna preferencia definida","ok"
"settings_default_none","Default (none)","Predeterminado (ninguno)","ok"
"settings_email_base_desc","This shared shell contains the HTML used by all emails. Simple message content is inserted automatically between these two blocks.","This shared shell contains the HTML used by all emails. Simple message content is inserted automatically between these two blocks.","untranslated"
"settings_email_base_footer","Base template: HTML footer","Base template: HTML footer","untranslated"
"settings_email_base_header","Base template: HTML header","Base template: HTML header","untranslated"
"settings_email_base_live_preview_desc","The render updates automatically while you edit the header or footer.","The render updates automatically while you edit the header or footer.","untranslated"
"settings_email_base_live_preview_title","Live base preview","Live base preview","untranslated"
"settings_email_base_preview","Preview base template","Preview base template","untranslated"
"settings_email_base_preview_demo","You received an invitation to join the Jellyfin server.

The button and direct link appear automatically below this message.","You received an invitation to join the Jellyfin server.

The button and direct link appear automatically below this message.","untranslated"
"settings_email_base_preview_desc","This preview shows the shared shell with a simple message and the standard automatic blocks.","This preview shows the shared shell with a simple message and the standard automatic blocks.","untranslated"
"settings_email_base_restore","Restore default base","Restore default base","untranslated"
"settings_email_base_title","Shared base template","Shared base template","untranslated"
"settings_email_base_variables_title","Advanced variables for the base template","Advanced variables for the base template","untranslated"
"settings_email_body_mode_desc","The editors below are no-code: plain text only, with support for variables such as {{.Username}}, {{.Email}}, or {{.ExpiryDate}}. Buttons, links, and system dates are added automatically in the final render.","The message editors below are no-code: plain text only. Buttons, links, and system dates are added automatically in the final render.","ok"
"settings_email_body_mode_title","Simple messages without markup","Simple messages without markup","untranslated"
"settings_email_delivery_desc","Enable only the emails or sections that JellyGate should send automatically.","Activa solo los correos o bloques que JellyGate debe enviar automaticamente.","ok"
"settings_email_delivery_title","Optional messages","Mensajes opcionales","ok"
"settings_email_preview_close_aria","Close preview","Email Preview Close Aria","ok"
"settings_email_preview_desc","Preview the final render with the shared email wrapper and demonstration values.","Email Preview Desc","ok"
"settings_email_preview_title","Email template preview","Email Preview Title","ok"
"settings_email_reminder_days","N days before expiry","Email Reminder Days","ok"
"settings_email_reminder_schedule_desc","Define how many days before expiration an automatic reminder is sent.","Email Reminder Schedule Desc","ok"
"settings_email_reminder_schedule_title","Expiry reminder schedule","Email Reminder Schedule Title","ok"
"settings_email_section_lifecycle","Account lifecycle","Ciclo de vida de la cuenta","ok"
"settings_email_section_onboarding","Signup and invitations","Registro e invitaciones","ok"
"settings_email_section_security","Security and recovery","Seguridad y recuperacion","ok"
"settings_email_templates_desc","Write only the message content. JellyGate automatically inserts it into the shared email wrapper, and you can personalize the text with the available variables.","Edita solo los mensajes que realmente uses. Las secciones de la derecha mantienen la pagina clara.","ok"
"settings_email_templates_title","Email templates","Plantillas de correo","ok"
"settings_email_tpl_confirmation","Confirmation email","Correo de confirmacion","ok"
"settings_email_tpl_confirmation_desc","Sent to confirm signup.","Email Tpl Confirmation Desc","ok"
"settings_email_tpl_email_verification","Email verification","Verificacion de correo","ok"
"settings_email_tpl_email_verification_desc","Sent to confirm a new or existing email address before account recovery and notifications.","Se envia para confirmar una direccion de correo nueva o existente antes de la recuperacion de cuenta y las notificaciones.","ok"
"settings_email_tpl_email_verification_subject","Email verification subject","Asunto de verificacion de correo","ok"
"settings_email_tpl_email_verification_subject_desc","Subject line for email verification messages. Variables are supported.","Asunto de los correos de verificacion. Se admiten variables.","ok"
"settings_email_tpl_expiry_adjusted","Expiry adjusted","Expiracion actualizada","ok"
"settings_email_tpl_expiry_adjusted_desc","Sent when account expiry date is modified.","Email Tpl Expiry Adjusted Desc","ok"
"settings_email_tpl_expiry_reminder","Expiry reminder","Recordatorio de expiracion","ok"
"settings_email_tpl_expiry_reminder_1","Expiry reminder D-1","Recordatorio de expiracion D-1","ok"
"settings_email_tpl_expiry_reminder_14","Expiry reminder D-14","Recordatorio de expiracion D-14","ok"
"settings_email_tpl_expiry_reminder_14_desc","Template sent 14 days before expiration.","Email Tpl Expiry Reminder 14 Desc","ok"
"settings_email_tpl_expiry_reminder_1_desc","Template sent 1 day before expiration.","Email Tpl Expiry Reminder 1 Desc","ok"
"settings_email_tpl_expiry_reminder_7","Expiry reminder D-7","Recordatorio de expiracion D-7","ok"
"settings_email_tpl_expiry_reminder_7_desc","Template sent 7 days before expiration.","Email Tpl Expiry Reminder 7 Desc","ok"
"settings_email_tpl_expiry_reminder_desc","Automatic notification before account expiry.","Email Tpl Expiry Reminder Desc","ok"
"settings_email_tpl_invitation","Invitation email","Correo de invitacion","ok"
"settings_email_tpl_invitation_desc","Main message guiding users to Jellyfin access.","Email Tpl Invitation Desc","ok"
"settings_email_tpl_invite_expiry","Invitation expiry","Vencimiento de invitacion","ok"
"settings_email_tpl_invite_expiry_desc","Reminder that an invitation link will expire soon.","Email Tpl Invite Expiry Desc","ok"
"settings_email_tpl_password_reset","Password reset","Restablecimiento de contrasena","ok"
"settings_email_tpl_password_reset_desc","Contains reset link/code sent to user.","Email Tpl Password Reset Desc","ok"
"settings_email_tpl_post_signup_help","Post-signup help","Ayuda despues del registro","ok"
"settings_email_tpl_post_signup_help_desc","Instructions after account creation.","Email Tpl Post Signup Help Desc","ok"
"settings_email_tpl_pre_signup_help","Pre-signup help","Ayuda antes del registro","ok"
"settings_email_tpl_pre_signup_help_desc","Guidance before creating the account.","Email Tpl Pre Signup Help Desc","ok"
"settings_email_tpl_user_creation","User creation","Cuenta creada","ok"
"settings_email_tpl_user_creation_desc","Confirms account creation by an administrator.","Email Tpl User Creation Desc","ok"
"settings_email_tpl_user_deletion","User deletion","Cuenta eliminada","ok"
"settings_email_tpl_user_deletion_desc","Notification that an account was deleted.","Email Tpl User Deletion Desc","ok"
"settings_email_tpl_user_deletion_disable_notice","Do not send this email on user deletion","Email Tpl User Deletion Disable Notice","ok"
"settings_email_tpl_user_disabled","User disabled","Cuenta desactivada","ok"
"settings_email_tpl_user_disabled_desc","Sent when an account is disabled.","Email Tpl User Disabled Desc","ok"
"settings_email_tpl_user_enabled","User enabled","Cuenta reactivada","ok"
"settings_email_tpl_user_enabled_desc","Sent when an account is re-enabled.","Email Tpl User Enabled Desc","ok"
"settings_email_tpl_user_expired","User expired","Cuenta expirada","ok"
"settings_email_tpl_user_expired_desc","Sent when an account expires automatically.","Email Tpl User Expired Desc","ok"
"settings_email_tpl_welcome","Welcome","Bienvenida","ok"
"settings_email_tpl_welcome_desc","Global post-signup welcome message.","Email Tpl Welcome Desc","ok"
"settings_email_var_email","email address","Email Var Email","ok"
"settings_email_var_expires_in","validity duration","Email Var Expires In","ok"
"settings_email_var_expiry_date","expiry date","Email Var Expiry Date","ok"
"settings_email_var_help_url","support / onboarding URL","Email Var Help Url","ok"
"settings_email_var_invite_code","invitation code","Email Var Invite Code","ok"
"settings_email_var_invite_link","invitation link","Email Var Invite Link","ok"
"settings_email_var_jellyfin_url","Jellyfin login URL","Email Var Jellyfin Url","ok"
"settings_email_var_jellygate_url","public JellyGate URL","Email Var Jellygate Url","ok"
"settings_email_var_jellyseerr_url","Jellyseerr URL","Email Var Jellyseerr Url","ok"
"settings_email_var_message","custom message (admin invitation)","Email Var Message","ok"
"settings_email_var_reset_code","reset code","Email Var Reset Code","ok"
"settings_email_var_reset_link","reset link","Email Var Reset Link","ok"
"settings_email_var_username","username","Email Var Username","ok"
"settings_email_var_verification_code","email verification code","codigo de verificacion de correo","ok"
"settings_email_var_verification_link","email verification link","enlace de verificacion de correo","ok"
"settings_email_variable_insert","Insert","Insertar","ok"
"settings_email_variable_picker_label","Variable to insert","Variable para insertar","ok"
"settings_email_variable_picker_placeholder","Choose a variable","Elegir una variable","ok"
"settings_email_variables_title","Available variables","Email Variables Title","ok"
"settings_expiry_action_delete","Delete","Expiry Action Delete","ok"
"settings_expiry_action_disable","Disable","Expiry Action Disable","ok"
"settings_expiry_action_disable_then_delete","Disable then delete","Expiry Action Disable Then Delete","ok"
"settings_general_desc","Configure JellyGate global settings","Configura los ajustes globales de JellyGate","ok"
"settings_general_title","General Settings","Configuracion general","ok"
"settings_host_required","Host *","Servidor *","ok"
"settings_invite_allow_inviter_grant","Allow inviters to let the new account create invitations","Allow inviters to let the new account create invitations","untranslated"
"settings_invite_allow_inviter_user_expiry","Allow inviters to customize user expiry","Invite Allow Inviter User Expiry","ok"
"settings_invite_delete_after_days","Delete account after (days)","Invite Delete After Days","ok"
"settings_invite_disable_after_days","Disable account after (days)","Invite Disable After Days","ok"
"settings_invite_enable_downloads","Allow direct downloads","Invite Enable Downloads","ok"
"settings_invite_expiry_action","Action on expiry","Invite Expiry Action","ok"
"settings_invite_inviter_max_link_hours","Max link TTL (hours, non-admin inviters)","Invite Inviter Max Link Hours","ok"
"settings_invite_inviter_max_uses","Max uses (non-admin inviters)","Invite Inviter Max Uses","ok"
"settings_invite_inviter_quota_day","Invite links quota / day (inviter)","Invite Inviter Quota Day","ok"
"settings_invite_inviter_quota_month","Invite links quota / month (inviter)","Invite Inviter Quota Month","ok"
"settings_invite_inviter_quota_week","Invite links quota / week (inviter)","Invite Inviter Quota Week","ok"
"settings_invite_password_max","Password max","Invite Password Max","ok"
"settings_invite_password_min","Password min","Invite Password Min","ok"
"settings_invite_profile_clone_user","Clone Jellyfin profile","Invite Profile Clone User","ok"
"settings_invite_profile_desc","These rules are automatically applied to each new invitation. Non-admin users cannot modify them from invitation creation.","Invite Profile Desc","ok"
"settings_invite_profile_preset","Jellyfin preset","Invite Profile Preset","ok"
"settings_invite_profile_title","Invitation profile","Invite Profile Title","ok"
"settings_invite_require_email","Email required at signup","Correo obligatorio al registrarse","ok"
"settings_invite_require_email_verification","Verify email before account creation","Verificar el correo antes de crear la cuenta","ok"
"settings_invite_username_max","Username max","Invite Username Max","ok"
"settings_invite_username_min","Username min","Invite Username Min","ok"
"settings_ldap_base_dn","Base DN *","DN base *","ok"
"settings_ldap_bind_dn","Bind DN *","DN de enlace *","ok"
"settings_ldap_bind_password","Bind password *","Contrasena de enlace *","ok"
"settings_ldap_desc","Connect JellyGate to your directory via LDAP/LDAPS","Conecta JellyGate a tu directorio mediante LDAP o LDAPS","ok"
"settings_ldap_domain","AD domain *","Dominio AD *","ok"
"settings_ldap_group_admin","LDAP administrators group","Grupo LDAP de administradores","ok"
"settings_ldap_group_admin_help","This group targets full-control accounts.","Este grupo se usa para cuentas con control total.","ok"
"settings_ldap_group_inviter","LDAP inviter group","Grupo LDAP de invitadores","ok"
"settings_ldap_group_inviter_help","This group grants normal access and invite rights.","Este grupo otorga acceso normal y permiso para invitar.","ok"
"settings_ldap_group_member_attr","Group member attribute","Atributo miembro de grupo","ok"
"settings_ldap_group_member_attr_help","Set to member (AD/groupOfNames) or memberUid (posixGroup).","Usa member (AD/groupOfNames) o memberUid (posixGroup).","ok"
"settings_ldap_group_users","LDAP users group","Grupo LDAP de usuarios","ok"
"settings_ldap_group_users_help","Automatically assigned to standard users.","Se asigna automaticamente a usuarios estandar.","ok"
"settings_ldap_mode_hybrid","Hybrid (LDAP + Jellyfin)","Hibrido (LDAP + Jellyfin)","ok"
"settings_ldap_mode_ldap_only","LDAP only (no Jellyfin API user creation)","Solo LDAP (sin creacion de usuarios por API de Jellyfin)","ok"
"settings_ldap_provision_mode","Provisioning mode","Modo de aprovisionamiento","ok"
"settings_ldap_skip_verify","Skip TLS certificate verification","Omitir verificacion del certificado TLS","ok"
"settings_ldap_test_connection_btn","Test LDAP connection","Probar conexion LDAP","ok"
"settings_ldap_test_credentials_required","Enter test username and password for Jellyfin LDAP plugin validation.","Introduce usuario y contrasena de prueba para validar el plugin LDAP de Jellyfin.","ok"
"settings_ldap_test_failed","Test failed","Prueba fallida","ok"
"settings_ldap_test_jellyfin_btn","Test Jellyfin login (LDAP plugin)","Probar inicio de sesion en Jellyfin (plugin LDAP)","ok"
"settings_ldap_test_password","Test password","Contrasena de prueba","ok"
"settings_ldap_test_running","Test in progress...","Prueba en curso...","ok"
"settings_ldap_test_success","Test succeeded","Prueba correcta","ok"
"settings_ldap_test_user_btn","Test user lookup","Probar busqueda de usuario","ok"
"settings_ldap_test_username","Test user identifier","Identificador de usuario de prueba","ok"
"settings_ldap_test_username_required","Enter a test user identifier.","Introduce un identificador de usuario de prueba.","ok"
"settings_ldap_tests_desc","These tests do not save configuration. They validate LDAP connection, user lookup with the configured login attribute, then Jellyfin LDAP plugin authentication.","Estas pruebas no guardan la configuracion. Validan la conexion LDAP, la busqueda de usuario con el atributo de login configurado y luego la autenticacion mediante el plugin LDAP de Jellyfin.","ok"
"settings_ldap_tests_title","LDAP tests and Jellyfin LDAP plugin","Pruebas LDAP y plugin LDAP de Jellyfin","ok"
"settings_ldap_title","Active Directory / LDAP","Active Directory / LDAP","untranslated"
"settings_ldap_tls","LDAPS (TLS)","LDAPS (TLS)","untranslated"
"settings_ldap_user_object_class","User objectClass","objectClass de usuario","ok"
"settings_ldap_user_object_class_help","Set to auto for detection, or force values like user, person, inetOrgPerson, posixAccount.","Usa auto para deteccion o fuerza user, person, inetOrgPerson, posixAccount.","ok"
"settings_ldap_user_ou","User OU","OU de usuarios","ok"
"settings_ldap_username_attr_ad","sAMAccountName (Active Directory)","sAMAccountName (Active Directory)","untranslated"
"settings_ldap_username_attr_auto","Auto-detect (AD/OpenLDAP)","Deteccion automatica (AD/OpenLDAP)","ok"
"settings_ldap_username_attr_cn","cn (common name)","cn (nombre comun)","ok"
"settings_ldap_username_attr_uid","uid (OpenLDAP / Synology)","uid (OpenLDAP / Synology)","untranslated"
"settings_ldap_username_attr_upn","userPrincipalName (UPN)","userPrincipalName (UPN)","untranslated"
"settings_ldap_username_attribute","User login attribute","Atributo de inicio de sesion","ok"
"settings_ldap_username_attribute_help","Pick the LDAP attribute used to identify users (uid on Synology/OpenLDAP, sAMAccountName on Active Directory).","Elige el atributo LDAP usado para identificar usuarios (uid en Synology/OpenLDAP, sAMAccountName en Active Directory).","ok"
"settings_loading","Loading...","Cargando...","ok"
"settings_matrix_access_token","Access token","Matrix Access Token","ok"
"settings_matrix_homeserver_url","Homeserver URL","Matrix Homeserver Url","ok"
"settings_matrix_room_id","Room ID","Matrix Room Id","ok"
"settings_open_jellyfin","Open Jellyfin","Abrir Jellyfin","ok"
"settings_open_jellygate_public","Open public JellyGate","Abrir JellyGate publico","ok"
"settings_open_jellyseerr","Open Jellyseerr","Abrir Jellyseerr","ok"
"settings_open_jellytrack","Open jellytrack","Abrir jellytrack","ok"
"settings_overview_backup_desc","Plan backups, import archives, and prepare a safe restoration.","Programa copias de seguridad, importa archivos y prepara una restauraciÃ³n segura.","ok"
"settings_overview_desc","Move quickly between language defaults, identity, delivery channels, templates, and recovery workflows.","Cambia rÃ¡pidamente entre idioma predeterminado, identidad, canales de envÃ­o, plantillas y recuperaciÃ³n.","ok"
"settings_overview_general_desc","Public URLs, default language, and invitation defaults.","URLs pÃºblicas, idioma predeterminado y reglas base de invitaciÃ³n.","ok"
"settings_overview_ldap_desc","Directory connection, provisioning mode, groups, and validation tests.","ConexiÃ³n al directorio, modo de aprovisionamiento, grupos y pruebas de validaciÃ³n.","ok"
"settings_overview_smtp_desc","Outgoing email transport used for invitations and password recovery.","Transporte de correo para invitaciones y recuperaciÃ³n de contraseÃ±a.","ok"
"settings_overview_templates_desc","Edit every email scenario and preview the rendered message.","Edita cada escenario de correo y revisa la vista previa renderizada.","ok"
"settings_overview_title","Service control","Centro de servicios","ok"
"settings_overview_webhooks_desc","Discord, Telegram, and Matrix notifications for registration activity.","Notificaciones de Discord, Telegram y Matrix para nuevas inscripciones.","ok"
"settings_password_digit_required","Digit required","Password Digit Required","ok"
"settings_password_lower_required","Lowercase required","Password Lower Required","ok"
"settings_password_special_required","Special character required","Password Special Required","ok"
"settings_password_upper_required","Uppercase required","Password Upper Required","ok"
"settings_port","Port","Puerto","ok"
"settings_preset_fallback","Preset","Preajuste","ok"
"settings_preview_button","Preview","Vista previa","ok"
"settings_preview_impossible","Preview unavailable","Vista previa no disponible","ok"
"settings_preview_loading","Loading preview...","Cargando vista previa...","ok"
"settings_public_jellyfin_help","Used in buttons and email templates via","Public Jellyfin Help","ok"
"settings_public_jellyfin_url","Public Jellyfin URL","URL publica de Jellyfin","ok"
"settings_public_jellygate_help","Used for invitation links and templates via","Public Jellygate Help","ok"
"settings_public_jellygate_url","Public JellyGate URL","URL publica de JellyGate","ok"
"settings_public_jellyseerr_help","Available in templates via","Public Jellyseerr Help","ok"
"settings_public_jellyseerr_url","Public Jellyseerr URL","URL publica de Jellyseerr","ok"
"settings_public_jellytrack_help","Available in templates via","Public jellytrack Help","ok"
"settings_public_jellytrack_url","Public jellytrack URL","URL publica de jellytrack","ok"
"settings_quick_links","Quick links","Accesos rÃ¡pidos","ok"
"settings_save_error","Save failed","Error al guardar","ok"
"settings_save_invite_profile","Save invitation profile","Guardar perfil de invitacion","ok"
"settings_save_ldap","Save LDAP settings","Guardar configuraciÃ³n LDAP","ok"
"settings_save_smtp","Save SMTP","Guardar SMTP","ok"
"settings_save_templates","Save templates","Guardar plantillas","ok"
"settings_save_webhooks","Save Webhooks","Guardar webhooks","ok"
"settings_saved","Settings saved","Configuracion guardada","ok"
"settings_smtp_desc","Configure email sending (invitations, password reset)","Configura el envio de correos para invitaciones y restablecimiento de contrasena","ok"
"settings_smtp_from","Sender address *","Smtp From","ok"
"settings_smtp_password","Password *","Smtp Password","ok"
"settings_smtp_starttls","STARTTLS / TLS","Smtp Starttls","ok"
"settings_smtp_title","SMTP server","Servidor SMTP","ok"
"settings_smtp_username","Username *","Smtp Username","ok"
"settings_subheading","Configure external services from this interface","Configura los servicios externos desde esta interfaz","ok"
"settings_tab_backup","Backups","Copias de seguridad","ok"
"settings_tab_email_templates","Email Templates","Plantillas de correo","ok"
"settings_tab_general","General","General","untranslated"
"settings_tab_ldap","LDAP","LDAP","untranslated"
"settings_tab_smtp","SMTP","SMTP","untranslated"
"settings_tab_webhooks","Webhooks","Webhooks","untranslated"
"settings_telegram_bot_token","Bot token","Telegram Bot Token","ok"
"settings_telegram_chat_id","Chat ID","Telegram Chat Id","ok"
"settings_template_empty","Template is empty.","La plantilla esta vacia.","ok"
"settings_webhook_url","Webhook URL","URL del webhook","ok"
"settings_webhooks_desc","Receive notifications when a user registers","Recibe notificaciones cuando un usuario se registra","ok"
"settings_webhooks_title","Webhook notifications","Notificaciones por webhook","ok"
"settings_zero_no_extra_limit","0 = no extra limit.","Zero No Extra Limit","ok"
"settings_zero_unlimited","0 = unlimited.","Zero Unlimited","ok"
"stat_active_users","Active","Activos","ok"
"stat_banned_users","Banned","Bloqueados","ok"
"stat_invitations","Invitations","Invitaciones","ok"
"stat_total_users","Users","Usuarios","ok"
"status_active","Active","Activo","ok"
"status_banned","Banned","Bloqueado","ok"
"status_inactive","Inactive","Inactivo","ok"
"submitting","Creating account...","Creando cuenta...","ok"
"success","Success","Exito","ok"
"users_action_activate","Activate account","Activar cuenta","ok"
"users_action_activate_help","Re-enable the selected accounts without changing their other settings.","Vuelve a activar las cuentas seleccionadas sin cambiar el resto de sus ajustes.","ok"
"users_action_apply_preset","Apply Jellyfin preset","Aplicar preset de Jellyfin","ok"
"users_action_apply_preset_help","Push a predefined Jellyfin policy preset to every selected account.","Aplica una polÃ­tica predefinida de Jellyfin a todas las cuentas seleccionadas.","ok"
"users_action_deactivate","Disable account","Desactivar cuenta","ok"
"users_action_deactivate_help","Temporarily block access for the selected accounts.","Bloquea temporalmente el acceso de las cuentas seleccionadas.","ok"
"users_action_delete","Delete account","Eliminar cuenta","ok"
"users_action_delete_help","Permanently remove the selected accounts from every configured backend.","Elimina definitivamente las cuentas seleccionadas de todos los backends configurados.","ok"
"users_action_jellyfin_policy","Adjust Jellyfin policy","Ajustar polÃ­tica de Jellyfin","ok"
"users_action_jellyfin_policy_help","Override downloads, remote access, sessions, or bitrate limits in bulk.","Modifica en lote descargas, acceso remoto, sesiones o lÃ­mites de bitrate.","ok"
"users_action_send_email","Send email","Enviar correo","ok"
"users_action_send_email_help","Write a one-off message and deliver it to the selected users.","Redacta un mensaje puntual y envÃ­alo a los usuarios seleccionados.","ok"
"users_action_send_password_reset","Send password reset","Enviar restablecimiento de contraseÃ±a","ok"
"users_action_send_password_reset_help","Trigger a password reset email for every selected account.","Dispara un correo de restablecimiento para cada cuenta seleccionada.","ok"
"users_action_set_expiry","Set access expiry","Definir caducidad","ok"
"users_action_set_expiry_help","Define or clear the access expiration date on the selected users.","Configura o limpia la fecha de expiraciÃ³n de acceso de los usuarios seleccionados.","ok"
"users_action_set_invite","Update invite rights","Actualizar permisos de invitaciÃ³n","ok"
"users_action_set_invite_help","Grant or remove invitation rights on the selected accounts.","Concede o retira permisos de invitaciÃ³n a las cuentas seleccionadas.","ok"
"users_allow_invite","Can invite","Puede invitar","ok"
"users_apply","Apply","Aplicar","ok"
"users_bulk_action_failed","Bulk action failed","La accion masiva fallo","ok"
"users_bulk_action_generic","Bulk action","AcciÃ³n en lote","ok"
"users_bulk_action_on","for","para","ok"
"users_bulk_action_placeholder","Choose a bulk action","Elige una acciÃ³n en lote","ok"
"users_bulk_assistant_desc","Select the right users first, then configure the action with as little rework as possible.","Selecciona primero los usuarios adecuados y configura despuÃ©s la acciÃ³n con el menor riesgo de error.","ok"
"users_bulk_blocked_prefix","Blocked","Bloqueado","ok"
"users_bulk_choose_action","Choose an action","Elegir acciÃ³n","ok"
"users_bulk_complete_required","Complete the required parameters","Completa los campos obligatorios","ok"
"users_bulk_config_ready","Configuration looks valid","La configuraciÃ³n es vÃ¡lida","ok"
"users_bulk_confirm_template","{action}`n`nTarget users: {count}`nConfirm execution?","{action}`n`nUsuarios objetivo: {count}`nConfirmar ejecucion?","ok"
"users_bulk_desc","Select users, choose an action, then validate the required parameters before execution.","Selecciona usuarios, elige una acciÃ³n y valida los parÃ¡metros obligatorios antes de ejecutar.","ok"
"users_bulk_done","Action completed: {success}/{total} success","Accion completada: {success}/{total} correctas","ok"
"users_bulk_email","Bulk email","Correo masivo","ok"
"users_bulk_email_body","Message body","Cuerpo del mensaje","ok"
"users_bulk_email_open","Open the bulk email assistant","Abrir el asistente de correo masivo","ok"
"users_bulk_email_subject","Email subject","Asunto del correo","ok"
"users_bulk_email_variables","Available variables","Variables disponibles","ok"
"users_bulk_instructions","The assistant prevents incomplete actions before execution. Select users, choose the action, then finish the required fields.","El asistente evita acciones incompletas antes de ejecutarlas. Selecciona usuarios, elige la acciÃ³n y completa los campos requeridos.","ok"
"users_bulk_jellyfin_invalid","One or more Jellyfin policy values are invalid.","Uno o varios valores de la polÃ­tica de Jellyfin no son vÃ¡lidos.","ok"
"users_bulk_need_email_body","Enter both the email subject and message body.","Debes indicar tanto el asunto como el contenido del mensaje.","ok"
"users_bulk_need_expiry","Set an expiry date or choose to clear the existing one.","Define una fecha de expiraciÃ³n o elige borrar la existente.","ok"
"users_bulk_need_jellyfin_param","Change at least one Jellyfin policy setting.","Cambia al menos un parÃ¡metro de la polÃ­tica de Jellyfin.","ok"
"users_bulk_need_preset","Choose a Jellyfin preset before continuing.","Elige un preset de Jellyfin antes de continuar.","ok"
"users_bulk_no_extra_params","This action does not need extra parameters.","Esta acciÃ³n no requiere parÃ¡metros adicionales.","ok"
"users_bulk_none","none","ninguno","ok"
"users_bulk_ready_suffix","ready to apply","listo para aplicar","ok"
"users_bulk_select_one","Select at least one user.","Selecciona al menos un usuario.","ok"
"users_bulk_select_preset","Choose a preset","Elegir preset","ok"
"users_bulk_selected_suffix","users selected","usuarios seleccionados","ok"
"users_bulk_step_action","Choose action","Elegir acciÃ³n","ok"
"users_bulk_step_select","Select users","Seleccionar usuarios","ok"
"users_bulk_step_verify","Validate config","Validar configuraciÃ³n","ok"
"users_bulk_summary_placeholder","Your action summary will appear here.","AquÃ­ aparecerÃ¡ el resumen de la acciÃ³n.","ok"
"users_bulk_title","Bulk assistant","Asistente en lote","ok"
"users_bulk_valid_prefix","Valid","Valido","ok"
"users_clear_expiry","Clear expiry","Quitar vencimiento","ok"
"users_close","Close","Cerrar","ok"
"users_col_expiry","Expiry","Caducidad","ok"
"users_col_group","Group","Grupo","ok"
"users_col_invite","Invite","InvitaciÃ³n","ok"
"users_delete_confirm","Delete permanently","Eliminar definitivamente","ok"
"users_delete_confirm_template","User ""{username}"" will be deleted from AD, Jellyfin, and the local database. This action is irreversible.","El usuario ""{username}"" se eliminara de AD, Jellyfin y de la base de datos local. Esta accion es irreversible.","ok"
"users_delete_confirm_title","Confirm deletion","Confirmar eliminacion","ok"
"users_delete_error","Unable to delete this user.","No se pudo eliminar el usuario.","ok"
"users_delete_title","Delete user","Eliminar usuario","ok"
"users_deleted","User deleted","Usuario eliminado","ok"
"users_displayed_count","displayed /","mostrados /","ok"
"users_edit","Edit","Editar","ok"
"users_edit_title","Edit account","Editar cuenta","ok"
"users_filter_expiry_active","With expiry date","Con fecha de caducidad","ok"
"users_filter_expiry_expired","Already expired","Ya caducadas","ok"
"users_filter_expiry_none","No expiry date","Sin fecha de caducidad","ok"
"users_filter_extra_all","Any extra signal","Cualquier seÃ±al adicional","ok"
"users_filter_invite_all","Any invite state","Cualquier estado de invitaciÃ³n","ok"
"users_filter_invite_disabled","Invite disabled","InvitaciÃ³n desactivada","ok"
"users_filter_invite_enabled","Invite enabled","InvitaciÃ³n activada","ok"
"users_filter_jellyfin_all","Any Jellyfin state","Cualquier estado de Jellyfin","ok"
"users_filter_jellyfin_disabled","Jellyfin disabled","Jellyfin desactivado","ok"
"users_filter_jellyfin_missing","Missing in Jellyfin","Ausente en Jellyfin","ok"
"users_filter_jellyfin_ok","Healthy in Jellyfin","Jellyfin correcto","ok"
"users_filter_status_all","Any account status","Cualquier estado de cuenta","ok"
"users_filter_with_email","Has email address","Con correo electrÃ³nico","ok"
"users_filter_without_email","No email address","Sin correo electrÃ³nico","ok"
"users_filters_clear","Clear filters","Limpiar filtros","ok"
"users_filters_desc","Combine search, state, Jellyfin sync, invitation rights, and expiry signals.","Combina bÃºsqueda, estado, sincronizaciÃ³n con Jellyfin, permisos de invitaciÃ³n y seÃ±ales de caducidad.","ok"
"users_filters_none","No active filters.","No hay filtros activos.","ok"
"users_filters_title","Find the right accounts","Encuentra las cuentas correctas","ok"
"users_heading","User Management","Gestion de usuarios","ok"
"users_jellyfin_disabled","Jellyfin disabled","Jellyfin deshabilitado","ok"
"users_jellyfin_missing","Jellyfin missing","Falta en Jellyfin","ok"
"users_jf_bitrate_placeholder","Remote bitrate limit (kbps)","LÃ­mite de bitrate remoto (kbps)","ok"
"users_jf_download_allowed","Downloads allowed","Descargas permitidas","ok"
"users_jf_download_blocked","Downloads blocked","Descargas bloqueadas","ok"
"users_jf_download_unchanged","Keep current download policy","Mantener polÃ­tica actual de descargas","ok"
"users_jf_remote_allowed","Remote access allowed","Acceso remoto permitido","ok"
"users_jf_remote_blocked","Remote access blocked","Acceso remoto bloqueado","ok"
"users_jf_remote_unchanged","Keep current remote policy","Mantener polÃ­tica actual de acceso remoto","ok"
"users_jf_sessions_placeholder","Max active sessions","Sesiones activas mÃ¡ximas","ok"
"users_live_filters_desc","See the active constraints before applying a bulk action.","Consulta las restricciones activas antes de aplicar una acciÃ³n masiva.","ok"
"users_live_filters_title","Filter snapshot","Resumen de filtros","ok"
"users_load_error","Unable to load users","No se pudieron cargar los usuarios","ok"
"users_load_error_details","The users list could not be loaded.","No se pudo cargar la lista de usuarios.","ok"
"users_no","No","No","untranslated"
"users_no_filter_match","No account matches the current filters.","Ninguna cuenta coincide con los filtros actuales.","ok"
"users_no_local","No local accounts found yet.","TodavÃ­a no hay cuentas locales.","ok"
"users_overview_expiring","Expired access","Accesos caducados","ok"
"users_overview_filtered","Visible now","Visibles ahora","ok"
"users_overview_inviters","Can invite","Pueden invitar","ok"
"users_overview_total","Total accounts","Cuentas totales","ok"
"users_reset","Reset","Restablecer","ok"
"users_reset_error","Unable to send the password reset message.","No se pudo enviar el mensaje de restablecimiento de contraseÃ±a.","ok"
"users_reset_sent","Password reset link sent to {username}","Enlace de restablecimiento enviado a {username}","ok"
"users_search_placeholder","Search...","Buscar...","ok"
"users_segment_access","Access policy","PolÃ­tica de acceso","ok"
"users_segment_accounts","Account state","Estado de cuenta","ok"
"users_segment_delivery","Communication","ComunicaciÃ³n","ok"
"users_select_filtered","Select filtered","Seleccionar filtrados","ok"
"users_selection_clear","Clear selection","Limpiar selecciÃ³n","ok"
"users_selection_desc","Review the exact accounts that will be affected next.","Revisa exactamente quÃ© cuentas se verÃ¡n afectadas a continuaciÃ³n.","ok"
"users_selection_empty","No users selected yet.","TodavÃ­a no hay usuarios seleccionados.","ok"
"users_selection_more","+{count} more","+{count} mÃ¡s","ok"
"users_selection_title","Selection snapshot","Resumen de selecciÃ³n","ok"
"users_subheading","Manage accounts, enable or delete users","Administra cuentas, activa o elimina usuarios","ok"
"users_subheading_extended","Manage local accounts, Jellyfin sync state, invitation rights, and expiry rules from one control room.","Gestiona cuentas locales, estado de sincronizaciÃ³n con Jellyfin, permisos de invitaciÃ³n y reglas de caducidad desde un Ãºnico panel.","ok"
"users_sync_confirm","Launch a synchronization against Jellyfin now?","Â¿Lanzar ahora una sincronizaciÃ³n con Jellyfin?","ok"
"users_sync_done","Jellyfin sync completed","SincronizaciÃ³n con Jellyfin completada","ok"
"users_sync_error","Jellyfin sync failed","La sincronizaciÃ³n con Jellyfin ha fallado","ok"
"users_sync_jellyfin","Sync Jellyfin","Sincronizar Jellyfin","ok"
"users_sync_jellyfin_title","Refresh local data from Jellyfin","Actualizar los datos locales desde Jellyfin","ok"
"users_sync_network_error","Network error during Jellyfin synchronization","Error de red durante la sincronizaciÃ³n con Jellyfin","ok"
"users_table_desc","Inspect each local account, then edit, reset, trace, enable, or delete in one click.","Revisa cada cuenta local y despuÃ©s edita, reinicia, consulta la cronologÃ­a, activa o elimina con un clic.","ok"
"users_table_title","Accounts list","Lista de cuentas","ok"
"users_timeline_critical","Critical","CrÃ­tico","ok"
"users_timeline_empty","No timeline events found for this user.","No se encontraron eventos en la cronologÃ­a de este usuario.","ok"
"users_timeline_important","Important","Importante","ok"
"users_timeline_info","Info","InformaciÃ³n","ok"
"users_timeline_load_error","Unable to load the user timeline.","No se pudo cargar la cronologÃ­a del usuario.","ok"
"users_timeline_subtitle","{username} ({email})","{username} ({email})","untranslated"
"users_timeline_title","User timeline","CronologÃ­a del usuario","ok"
"users_timeline_trace","Trace","Trazado","ok"
"users_title","Users","Usuarios","ok"
"users_toggle_error","Unable to update the account status.","No se pudo actualizar el estado de la cuenta.","ok"
"users_toggle_updated","Account status updated","Estado de la cuenta actualizado","ok"
"users_toolbar_desc","Start with a filter, then use the bulk assistant or one-click actions on the right accounts.","Empieza con un filtro y luego usa el asistente en lote o las acciones directas sobre las cuentas correctas.","ok"
"users_toolbar_title","User operations","Operaciones de usuario","ok"
"users_update_error","Unable to save account changes.","No se pudieron guardar los cambios de la cuenta.","ok"
"users_updated","Account updated","Cuenta actualizada","ok"
"users_yes","Yes","SÃ­","ok"
"verify_email_invite_expired_heading","Verification link expired","Enlace de verificacion caducado","ok"
"verify_email_invite_expired_message","This signup confirmation link has expired. Submit the invitation form again to receive a new email.","Este enlace de confirmacion de registro ha caducado. Envia de nuevo el formulario de invitacion para recibir un nuevo correo.","ok"
"verify_email_invite_failed_heading","Account creation failed","No se pudo crear la cuenta","ok"
"verify_email_invite_failed_message","We could not finish creating your account from this invitation. Submit the invitation form again or ask for a new invitation.","No pudimos terminar de crear tu cuenta a partir de esta invitacion. Envia de nuevo el formulario o pide una nueva invitacion.","ok"
"verify_email_invite_success_heading","Email verified, account created","Correo verificado, cuenta creada","ok"
"verify_email_invite_success_message","Your email address has been confirmed and your account is now ready. You can sign in to Jellyfin.","Tu direccion de correo ha sido confirmada y tu cuenta ya esta lista. Ahora puedes iniciar sesion en Jellyfin.","ok"
"view_all","View all","Ver todo","ok"