key,english,fr,status
"app_description","Invitation and user manager for Jellyfin","Gestionnaire d'invitations et d'utilisateurs pour Jellyfin","ok"
"automation_add","Add","Ajouter","ok"
"automation_col_bitrate","Bitrate (kbps)","Debit (kbps)","ok"
"automation_col_delete_days","Delete after (days)","Suppression apres (jours)","ok"
"automation_col_disable_days","Disable after (days)","Desactivation apres (jours)","ok"
"automation_col_download","Downloads","Telechargements","ok"
"automation_col_group","Group","Groupe","ok"
"automation_col_id","ID","ID","untranslated"
"automation_col_last_run","Last run","Derniere execution","ok"
"automation_col_ldap_dn_optional","LDAP DN (optional)","DN LDAP (optionnel)","ok"
"automation_col_name","Name","Nom","ok"
"automation_col_payload","Payload","Payload","untranslated"
"automation_col_preset_target","Target preset","Preset cible","ok"
"automation_col_remote","Remote access","Acces distant","ok"
"automation_col_schedule","Schedule","Planification","ok"
"automation_col_sessions","Sessions","Sessions","untranslated"
"automation_col_source","Source","Source","untranslated"
"automation_col_type","Type","Type","untranslated"
"automation_create","Create","Creer","ok"
"automation_delete","Delete","Supprimer","ok"
"automation_disable","Disable","Desactiver","ok"
"automation_enable","Enable","Activer","ok"
"automation_error_group_mappings","Unable to load group mappings.","Impossible de charger les mappings de groupes.","ok"
"automation_error_presets","Unable to load presets.","Impossible de charger les presets.","ok"
"automation_error_tasks","Unable to load tasks.","Impossible de charger les taches.","ok"
"automation_group_mappings_desc","Map LDAP or application groups to Jellyfin presets.","Associez les groupes LDAP ou applicatifs a des presets Jellyfin.","ok"
"automation_group_mappings_title","Group mappings","Mappings de groupes","ok"
"automation_guidance_desc","Start with Jellyfin access presets, attach them to groups, then schedule the recurring jobs that keep everything in sync.","Commencez par les presets Jellyfin, reliez-les aux groupes, puis planifiez les actions recurrentes qui gardent la plateforme propre.","ok"
"automation_guidance_title","Keep presets, groups, and schedules aligned.","Alignez les presets, les groupes et les taches planifiees.","ok"
"automation_kicker","Automation control room","Pilotage de l'automatisation","ok"
"automation_mappings_saved","Group mappings saved.","Mappings de groupes enregistres.","ok"
"automation_new_preset","New preset","Nouveau preset","ok"
"automation_no_group_mappings","No group mappings configured.","Aucun mapping de groupe configure.","ok"
"automation_no_presets","No presets configured.","Aucun preset configure.","ok"
"automation_no_tasks","No scheduled tasks.","Aucune tache planifiee.","ok"
"automation_presets_desc","Define the reusable Jellyfin access baseline that can be applied manually or through group mappings.","Definissez la base d'acces Jellyfin reutilisable a la main ou via les mappings de groupes.","ok"
"automation_presets_saved","Presets saved.","Presets enregistres.","ok"
"automation_presets_title","Jellyfin presets","Presets Jellyfin","ok"
"automation_run_now","Run now","Executer maintenant","ok"
"automation_save","Save","Enregistrer","ok"
"automation_save_mappings_failed","Unable to save group mappings.","Impossible d'enregistrer les mappings de groupes.","ok"
"automation_save_presets_failed","Unable to save presets.","Impossible d'enregistrer les presets.","ok"
"automation_select_preset","Select a preset","Choisir un preset","ok"
"automation_subheading","Manage presets, mappings, and scheduled tasks.","Gerez les presets, mappings et taches planifiees.","ok"
"automation_task_builder_desc","Use clear names and a stable hour/minute so the job remains easy to audit later.","Choisissez un nom clair et un horaire stable pour faciliter le suivi ensuite.","ok"
"automation_task_builder_title","Build a scheduled task","Composer une tache planifiee","ok"
"automation_task_create_failed","Unable to create task.","Impossible de creer la tache.","ok"
"automation_task_created","Task created.","Tache creee.","ok"
"automation_task_delete_confirm","Delete this task?","Supprimer cette tache ?","ok"
"automation_task_delete_failed","Unable to delete task.","Impossible de supprimer la tache.","ok"
"automation_task_deleted","Task deleted.","Tache supprimee.","ok"
"automation_task_enabled","Enabled","Activee","ok"
"automation_task_hour_placeholder","Hour (0-23)","Heure (0-23)","ok"
"automation_task_minute_placeholder","Minute (0-59)","Minute (0-59)","untranslated"
"automation_task_name_placeholder","Task name","Nom de la tache","ok"
"automation_task_payload_empty","No payload","Aucun payload","ok"
"automation_task_payload_placeholder","JSON payload (optional)","Payload JSON (optionnel)","ok"
"automation_task_payload_ready","Payload ready","Payload pret","ok"
"automation_task_preview_empty","Fill the form to preview the schedule and execution state.","Remplissez le formulaire pour voir l'horaire et l'etat d'execution.","ok"
"automation_task_preview_title","Task preview","Apercu de la tache","ok"
"automation_task_run_failed","Task execution failed.","Echec de l'execution de la tache.","ok"
"automation_task_run_success","Task started.","Execution de la tache lancee.","ok"
"automation_task_update_failed","Unable to update task.","Impossible de mettre a jour la tache.","ok"
"automation_tasks_desc","Create recurring jobs, then verify the schedule and payload before saving.","Creez des taches recurrentes puis verifiez l'horaire et le payload avant enregistrement.","ok"
"automation_tasks_title","Scheduled tasks","Taches planifiees","ok"
"automation_type_cleanup_resets_desc","Remove expired password reset requests to keep the recovery flow clean.","Nettoie les demandes de reinitialisation expirees pour garder un flux de recuperation propre.","ok"
"automation_type_create_backup_desc","Create a fresh backup snapshot for restore or audit purposes.","Cree un nouveau snapshot de sauvegarde pour la restauration ou l'audit.","ok"
"automation_type_sync_users_desc","Sync local users with Jellyfin or directory state to keep access consistent.","Synchronise les utilisateurs locaux avec Jellyfin ou l'annuaire pour garder les acces coherents.","ok"
"back_to_login","Back to login","Retour a la connexion","ok"
"base_language_label","Language","Langue","ok"
"btn_save","Save","Enregistrer","ok"
"cancel","Cancel","Annuler","ok"
"col_actions","Actions","Actions","untranslated"
"col_created_at","Date","Date","untranslated"
"col_email","Email","E-mail","ok"
"col_invited_by","Invited by","Invite par","ok"
"col_jellyfin","Jellyfin","Jellyfin","untranslated"
"col_status","Status","Statut","ok"
"col_username","User","Utilisateur","ok"
"common_bad_request","Invalid request","Requete invalide","ok"
"common_next","Next","Suivant","ok"
"common_previous","Previous","Precedent","ok"
"common_server_error","Server error","Erreur serveur","ok"
"dashboard_heading","Dashboard","Tableau de bord","ok"
"dashboard_intro_title","Jellyfin Access Manager","Gestionnaire d'accès Jellyfin","ok"
"dashboard_my_account_title","Account","Mon compte","ok"
"dashboard_no_users","No users yet","Aucun utilisateur pour le moment","ok"
"dashboard_open_my_account","Open My Account","Ouvrir mon compte","ok"
"dashboard_panel_invites_title","Invitations","Invitations","untranslated"
"dashboard_panel_settings_title","Settings","Configuration","ok"
"dashboard_panel_users_title","Users","Utilisateurs","ok"
"dashboard_recent_users","Recent users","Utilisateurs recents","ok"
"dashboard_stats_title","Pulse","Activité","ok"
"dashboard_title","Dashboard","Tableau de bord","ok"
"dashboard_welcome","Welcome","Bienvenue","ok"
"failure","Failure","Echec","ok"
"field_display_name","Display name","Nom affiche","ok"
"field_display_name_placeholder","E.g. John Doe","Ex: John Doe","ok"
"field_email","Email","Email","untranslated"
"field_email_placeholder","E.g. john@example.com","Ex: john@example.com","ok"
"field_email_required","Email","Email","untranslated"
"field_identifier","Email or username","Email ou nom d'utilisateur","ok"
"field_identifier_placeholder","E.g. john_doe or john@example.com","Ex: john_doe ou john@example.com","ok"
"field_new_password","New password","Nouveau mot de passe","ok"
"field_password","Password","Mot de passe","ok"
"field_password_confirm","Confirm password","Confirmer le mot de passe","ok"
"field_password_confirm_placeholder","Re-enter your password","Retapez votre mot de passe","ok"
"field_password_placeholder","Minimum 8 characters","Minimum 8 caracteres","ok"
"field_username","Username","Nom d'utilisateur","ok"
"field_username_help","3-32 characters: letters, numbers, dashes, underscores","3-32 caracteres : lettres, chiffres, tirets, underscores","ok"
"field_username_placeholder","E.g. john_doe","Ex: john_doe","ok"
"i18n_report_back_settings","Back to settings","Retour aux parametres","ok"
"i18n_report_col_fallback","Fallback values","Valeurs fallback","ok"
"i18n_report_col_locale","Locale","Langue","ok"
"i18n_report_col_missing_base","Missing vs base","Cles manquantes vs base","ok"
"i18n_report_col_missing_template","Missing template keys","Cles template manquantes","ok"
"i18n_report_col_placeholder","Placeholder mismatches","Placeholders incoherents","ok"
"i18n_report_col_total_keys","Total keys","Total des cles","ok"
"i18n_report_intro","Checks template key coverage, placeholder consistency, and fallback values by locale.","Verifie la couverture des cles de templates, la coherence des placeholders et les valeurs de fallback par langue.","ok"
"i18n_report_load_error","Unable to load the i18n report.","Impossible de charger le rapport i18n.","ok"
"i18n_report_no_data","No data.","Aucune donnee.","ok"
"i18n_report_title","i18n Report","Rapport i18n","ok"
"invitations_badge_active","Active","Active","untranslated"
"invitations_badge_expired","Expired","Expiree","ok"
"invitations_col_email","Delivery","Envoi","ok"
"invitations_col_link_code","Invitation link","Lien d invitation","ok"
"invitations_col_link_expiry","Link expiry","Expiration du lien","ok"
"invitations_col_profile_expiry","Account policy","Politique du compte","ok"
"invitations_conversion_rate","Conversion rate","Taux de conversion","ok"
"invitations_conversions","Conversions","Conversions","untranslated"
"invitations_copy","Copy","Copier","ok"
"invitations_copy_full_link","Copy full link","Copier le lien complet","ok"
"invitations_copy_unavailable","Clipboard access is unavailable","Le presse-papiers est indisponible","ok"
"invitations_create_desc","Generate a reusable signup link, prefill account rules, and optionally send it by email.","Generez un lien d inscription reutilisable, preconfigurez les regles du compte et envoyez-le par e-mail si besoin.","ok"
"invitations_create_link","Create invitation","Creer l invitation","ok"
"invitations_create_title","Invitation flow","Flux d invitation","ok"
"invitations_created","Invitation created","Invitation creee","ok"
"invitations_default_policy","Default policy","Politique par defaut","ok"
"invitations_delete","Delete","Supprimer","ok"
"invitations_delete_after_days","Delete account after {n} days","Supprimer le compte apres {n} jours","ok"
"invitations_delete_desc","This invitation will be removed permanently. Existing users created from it are not affected.","Cette invitation sera supprimee definitivement. Les utilisateurs deja crees a partir d elle ne sont pas affectes.","ok"
"invitations_delete_title","Delete invitation","Supprimer l invitation","ok"
"invitations_deleted","Invitation deleted","Invitation supprimee","ok"
"invitations_disable_after_days","Disable account after {n} days","Desactiver le compte apres {n} jours","ok"
"invitations_email_manual","Email delivery","Envoi par e-mail","ok"
"invitations_error_loading","Unable to load invitations","Impossible de charger les invitations","ok"
"invitations_expires_on","Expires on {date}","Expire le {date}","ok"
"invitations_forced_username","Reserved username","Nom d utilisateur reserve","ok"
"invitations_forced_username_help","Optional. Lock the signup to a single username when you need a pre-assigned account.","Optionnel. Verrouillez l inscription sur un seul identifiant quand vous preparez un compte attribue a l avance.","ok"
"invitations_forced_username_placeholder","Leave blank to let the user choose","Laisser vide pour laisser l utilisateur choisir","ok"
"invitations_group_default","Default group","Groupe par defaut","ok"
"invitations_group_prefix","Group: {group}","Groupe : {group}","ok"
"invitations_invalid_max_uses","Your current policy allows between 1 and {n} uses per link.","Votre politique actuelle autorise entre 1 et {n} utilisations par lien.","ok"
"invitations_invalid_user_expiry","Choose a relative or absolute expiry before creating the invitation.","Choisissez une expiration relative ou absolue avant de creer l invitation.","ok"
"invitations_invite_option_enabled_help","The invited account will be allowed to create invitations after signup.","Le compte invite pourra a son tour creer des invitations apres son inscription.","ok"
"invitations_invite_option_policy_limited","Your role cannot grant invite rights on new accounts.","Votre role ne peut pas accorder de droits d invitation aux nouveaux comptes.","ok"
"invitations_last_link_label","Latest generated link","Dernier lien genere","ok"
"invitations_last_link_placeholder","The newest invitation URL will appear here","La derniere URL d invitation apparaitra ici","ok"
"invitations_link_copied","Invitation link copied","Lien d invitation copie","ok"
"invitations_link_expires_label","Link expiry","Expiration du lien","ok"
"invitations_link_help_default","Leave empty to keep the link valid until it is used or revoked.","Laissez vide pour conserver le lien valide jusqu a son utilisation ou sa revocation.","ok"
"invitations_link_help_limited","Your current policy recommends an expiry within the next {n} hours.","Votre politique actuelle recommande une expiration dans les {n} prochaines heures.","ok"
"invitations_links_active","Active links","Liens actifs","ok"
"invitations_links_closed","Closed links","Liens clos","ok"
"invitations_links_created","Links created","Liens crees","ok"
"invitations_max_uses_label","Maximum uses","Nombre maximal d utilisations","ok"
"invitations_new_invitation","New invitation","Nouvelle invitation","ok"
"invitations_new_user_can_invite","Grant invite rights to the new account","Autoriser le nouveau compte a inviter","ok"
"invitations_no_link_to_copy","There is no invitation link to copy yet.","Aucun lien d invitation a copier pour le moment.","ok"
"invitations_no_planned_delete","No deletion planned","Aucune suppression planifiee","ok"
"invitations_none_active","No active invitations found.","Aucune invitation active trouvee.","ok"
"invitations_policy_base_links","Base URL: {url}","URL de base : {url}","ok"
"invitations_policy_expiry_locked","User expiry is locked by the active invitation policy.","L expiration utilisateur est verrouillee par la politique d invitation active.","ok"
"invitations_policy_grant_locked","Invite rights are locked by the active invitation policy.","Les droits d invitation sont verrouilles par la politique d invitation active.","ok"
"invitations_policy_loading","Loading invitation policy...","Chargement de la politique d invitation...","ok"
"invitations_policy_max_ttl","Max link lifetime: {n}h","Duree de vie max du lien : {n}h","ok"
"invitations_policy_max_uses","Max uses per link: {n}","Utilisations max par lien : {n}","ok"
"invitations_policy_quota_day","Daily quota: {n}","Quota quotidien : {n}","ok"
"invitations_policy_quota_month","Monthly quota: {n}","Quota mensuel : {n}","ok"
"invitations_policy_quota_week","Weekly quota: {n}","Quota hebdomadaire : {n}","ok"
"invitations_rate","Rate","Taux","ok"
"invitations_role_can_invite","can invite others","peut inviter","ok"
"invitations_role_standard","standard account","compte standard","ok"
"invitations_section_link_settings","Link settings","Regles du lien","ok"
"invitations_section_smtp_notification","Email delivery","Envoi par e-mail","ok"
"invitations_section_user_profile","Future account rules","Regles du futur compte","ok"
"invitations_send_to_email_help","Optional. If SMTP is configured, JellyGate sends the invitation immediately.","Optionnel. Si SMTP est configure, JellyGate envoie l invitation immediatement.","ok"
"invitations_send_to_email_label","Send invitation to","Envoyer l invitation a","ok"
"invitations_sponsor","Sponsor","Parrain","ok"
"invitations_sponsor_dashboard","Sponsor activity","Activite des parrains","ok"
"invitations_sponsor_no_data","No sponsor activity available yet.","Aucune activite de parrain disponible pour le moment.","ok"
"invitations_stats_error","Unable to load sponsor statistics","Impossible de charger les statistiques des parrains","ok"
"invitations_stats_loading","Loading sponsor statistics...","Chargement des statistiques des parrains...","ok"
"invitations_stats_updated_at","Updated {at}","Mise a jour {at}","ok"
"invitations_subheading","Create invitation links, monitor sponsor activity, and keep onboarding rules consistent.","Creez des liens d invitation, suivez l activite des parrains et gardez des regles d arrivee coherentes.","ok"
"invitations_unknown_error","An unexpected error occurred","Une erreur inattendue est survenue","ok"
"invitations_unknown_sponsor","(unknown)","(inconnu)","ok"
"invitations_unlimited","Unlimited","Illimite","ok"
"invitations_user_expiry_absolute","Absolute account expiry","Expiration absolue du compte","ok"
"invitations_user_expiry_absolute_help","Optional. Set a fixed expiry date instead of a relative delay.","Optionnel. Definissez une date fixe d expiration au lieu d un delai relatif.","ok"
"invitations_user_expiry_days_help","Apply a relative expiry window once the invited account is created.","Appliquez une fenetre d expiration relative une fois le compte cree.","ok"
"invitations_user_expiry_enable","Set an expiry policy for the invited account","Definir une politique d expiration pour le compte invite","ok"
"invitations_user_expiry_future","The absolute expiry must be in the future.","La date d expiration absolue doit etre dans le futur.","ok"
"invitations_uses","Uses","Utilisations","ok"
"invitations_uses_help_default","Use 0 for unlimited redemptions.","Utilisez 0 pour un nombre illimite d inscriptions.","ok"
"invitations_uses_help_limited","Your current policy allows between 1 and {n} redemptions.","Votre politique actuelle autorise entre 1 et {n} utilisations.","ok"
"invite_error_config","Invitation configuration error","Erreur de configuration de l'invitation","ok"
"invite_error_email_verification_unavailable","Email verification is enabled, but email sending is unavailable right now.","La verification par email est activee, mais l'envoi d'emails est indisponible pour le moment.","ok"
"invite_error_invalid_or_expired","Invalid or expired invitation","Invitation invalide ou expiree","ok"
"invite_error_jellyfin_create","Error while creating the account (Jellyfin)","Erreur lors de la creation du compte (Jellyfin)","ok"
"invite_error_ldap_create","Error while creating the account (LDAP)","Erreur lors de la creation du compte (LDAP)","ok"
"invite_error_persist","Error while saving the account","Erreur lors de l'enregistrement du compte","ok"
"invite_footer","Powered by JellyGate","Propulse par JellyGate","ok"
"invite_heading","Create your account","Creer votre compte","ok"
"invite_login_jellyfin","Sign in to Jellyfin","Se connecter a Jellyfin","ok"
"invite_open_jellyseerr","Open Jellyseerr","Ouvrir Jellyseerr","ok"
"invite_open_jellytrack","Open jellytrack","Ouvrir jellytrack","ok"
"invite_quick_links","Quick links","Raccourcis rapides","ok"
"invite_subheading","Fill in the form to join the media library","Remplissez le formulaire pour rejoindre la bibliotheque","ok"
"invite_submit","Create my account","Creer mon compte","ok"
"invite_success_hybrid","Welcome {username}! Your account was created in Jellyfin and in LDAP.","Bienvenue {username} ! Votre compte a ete cree dans Jellyfin et dans l'annuaire LDAP.","ok"
"invite_success_ldap_only","Welcome {username}! Your account was created in LDAP. Jellyfin access will use your LDAP integration.","Bienvenue {username} ! Votre compte a ete cree dans l'annuaire LDAP. L'acces Jellyfin utilisera votre integration LDAP.","ok"
"invite_success_pending_verification","Check your email to confirm the creation of account {username}. Your account will be created only after this confirmation.","Verifiez votre email pour confirmer la creation du compte {username}. Le compte sera cree uniquement apres cette confirmation.","ok"
"invite_title","Sign Up","Inscription","ok"
"login_error_forbidden","You are not an administrator","Vous n etes pas administrateur","ok"
"login_error_invalid","Invalid credentials","Identifiants invalides","ok"
"login_error_required","Enter both your username and password.","Renseignez votre nom d utilisateur et votre mot de passe.","ok"
"login_forgot_password","Forgot password?","Mot de passe oublie ?","ok"
"login_jellyfin_desc","Media library access","Accès à la bibliothèque","ok"
"login_jellyseerr_desc","Browse and request content","Demander du contenu","ok"
"login_jellytrack_desc","Playback statistics tracking","Statistiques de lecture","ok"
"login_shortcuts","Shortcuts","Raccourcis","ok"
"login_subheading","Administration","Administration","untranslated"
"login_submit","Sign in","Se connecter","ok"
"login_title","Login","Connexion","ok"
"logs_col_action","Action","Action","untranslated"
"logs_col_actor","Actor","Acteur","ok"
"logs_col_details","Details","Details","untranslated"
"logs_col_target","Target","Cible","ok"
"logs_load_error","Unable to load audit logs","Impossible de charger le journal d audit","ok"
"logs_loading","Loading audit logs...","Chargement du journal d audit...","ok"
"logs_network_error","Network error while loading audit logs","Erreur reseau lors du chargement du journal d audit","ok"
"logs_no_results","No audit events match the current filters.","Aucun evenement d audit ne correspond aux filtres actuels.","ok"
"logs_no_results_short","No matching events","Aucun evenement correspondant","ok"
"logs_of_label","of","sur","ok"
"logs_page_label","Page","Page","untranslated"
"logs_pagination_loading","Loading pagination...","Chargement de la pagination...","ok"
"logs_per_page_suffix","per page","par page","ok"
"logs_search_placeholder","Search actions, actors, targets, details, or request IDs","Rechercher des actions, acteurs, cibles, details ou request_id","ok"
"logs_system_actor","System","Systeme","ok"
"logs_total_label","Total","Total","untranslated"
"my_account_channel_discord","Discord","Discord","untranslated"
"my_account_channel_email","Email","E-mail","ok"
"my_account_channel_optin","Delivery channels","Canaux de diffusion","ok"
"my_account_channel_telegram","Telegram","Telegram","untranslated"
"my_account_contact_help","Update contact information and notification preferences.","Mettez à jour vos coordonnées et préférences de notification.","ok"
"my_account_default_server_lang","Use the server default language","Utiliser la langue par defaut du serveur","ok"
"my_account_edit_profile","Edit profile","Modifier le profil","ok"
"my_account_email_pending_label","Pending email:","E-mail en attente :","ok"
"my_account_email_status_missing","No email configured","Aucun e-mail configure","ok"
"my_account_email_status_pending","Pending verification","Verification en attente","ok"
"my_account_email_status_unverified","Verification required","Verification requise","ok"
"my_account_email_status_verified","Verified","Verifie","ok"
"my_account_email_verification_help","Confirm this email address to receive account messages and recovery links.","Confirme cet e-mail pour recevoir les messages du compte et les liens de recuperation.","ok"
"my_account_email_verification_label","Email verification","Verification de l e-mail","ok"
"my_account_email_verification_missing","Add an email address to enable verification and password recovery.","Ajoutez une adresse e-mail pour activer la verification et la recuperation du mot de passe.","ok"
"my_account_email_verification_ok","Your current email address is verified.","Votre adresse e-mail actuelle est verifiee.","ok"
"my_account_email_verification_pending","Check your inbox and click the confirmation link sent to the pending address.","Consultez votre boite mail et cliquez sur le lien envoye a l adresse en attente.","ok"
"my_account_email_verification_resend","Resend verification email","Renvoyer l e-mail de verification","ok"
"my_account_email_verification_send_error","Unable to send a verification email","Impossible d envoyer l e-mail de verification","ok"
"my_account_email_verification_sent","A verification email has been sent.","Un e-mail de verification a ete envoye.","ok"
"my_account_label_access_expiry","Access expiry","Expiration d acces","ok"
"my_account_label_confirm_password","Confirm new password","Confirmer le nouveau mot de passe","ok"
"my_account_label_discord","Discord handle","Identifiant Discord","ok"
"my_account_label_email","Email address","Adresse e-mail","ok"
"my_account_label_new_password","New password","Nouveau mot de passe","ok"
"my_account_label_preferred_lang","Preferred language","Langue preferee","ok"
"my_account_label_role","Role","Role","untranslated"
"my_account_label_telegram","Telegram handle","Identifiant Telegram","ok"
"my_account_label_user","Username","Nom d utilisateur","ok"
"my_account_load_error","Unable to load your account","Impossible de charger votre compte","ok"
"my_account_no_expiry","No expiry configured","Aucune expiration definie","ok"
"my_account_notify_events","Notify me about account events","Me notifier des evenements du compte","ok"
"my_account_notify_expiry","Notify me before access expires","Me prevenir avant l expiration de l acces","ok"
"my_account_password_help","Change your password. Choose a strong password (min. 8 characters).","Changez votre mot de passe. Choisissez un mot de passe robuste (min. 8 caractères).","ok"
"my_account_password_min_hint","At least 8 characters","Au moins 8 caracteres","ok"
"my_account_password_mismatch","The passwords do not match","Les mots de passe ne correspondent pas","ok"
"my_account_password_too_short","The password must contain at least 8 characters","Le mot de passe doit contenir au moins 8 caracteres","ok"
"my_account_password_update_error","Unable to update the password","Impossible de mettre a jour le mot de passe","ok"
"my_account_password_updated","Password updated","Mot de passe mis a jour","ok"
"my_account_save_error","Unable to save your preferences","Impossible d enregistrer vos preferences","ok"
"my_account_save_preferences","Save preferences","Enregistrer les preferences","ok"
"my_account_saved","Preferences saved","Preferences enregistrees","ok"
"my_account_section_contact","Contact and preferences","Contact et preferences","ok"
"my_account_section_password","Password","Mot de passe","ok"
"my_account_section_profile","Profile summary","Resume du profil","ok"
"my_account_subheading","Keep your contact details, delivery channels, language, and password up to date.","Gardez vos coordonnees, canaux de diffusion, langue et mot de passe a jour.","ok"
"my_account_subtitle","Manage your profile and preferences","Gérez votre profil et vos préférences","ok"
"my_account_update_password","Update password","Mettre a jour le mot de passe","ok"
"nav_automation","Automation","Automatisation","ok"
"nav_dashboard","Dashboard","Tableau de bord","ok"
"nav_invitations","Invitations","Invitations","untranslated"
"nav_logout","Sign out","Se deconnecter","ok"
"nav_logs","Logs","Journaux","ok"
"nav_my_account","My Account","Mon compte","ok"
"nav_settings","Settings","Parametres","ok"
"nav_theme","Theme","Thème","ok"
"nav_users","Users","Utilisateurs","ok"
"password_match","Passwords match","Les mots de passe correspondent","ok"
"password_mismatch","Passwords do not match","Les mots de passe ne correspondent pas","ok"
"password_policy_missing","Missing requirements","Exigences manquantes","ok"
"password_policy_ok","Password rules satisfied","Regles du mot de passe respectees","ok"
"password_rule_at_least","at least {n} characters","au moins {n} caracteres","ok"
"password_rule_at_most","at most {n} characters","au maximum {n} caracteres","ok"
"password_rule_digit","one digit","1 chiffre","ok"
"password_rule_lower","one lowercase letter","1 minuscule","ok"
"password_rule_special","one special character","1 caractere special","ok"
"password_rule_upper","one uppercase letter","1 majuscule","ok"
"password_rules_chars","characters","caracteres","ok"
"password_rules_prefix","Rules:","Regles:","ok"
"reset_new_heading","New password","Nouveau mot de passe","ok"
"reset_new_subheading","Choose a new secure password","Choisissez un nouveau mot de passe securise","ok"
"reset_request_heading","Forgot password","Mot de passe oublie","ok"
"reset_request_subheading","Enter your identifier to receive a reset link","Saisissez votre identifiant pour recevoir un lien de reinitialisation","ok"
"reset_request_submit","Send reset link","Envoyer le lien","ok"
"reset_submit","Reset password","Reinitialiser le mot de passe","ok"
"reset_title","Password Reset","Reinitialisation du mot de passe","ok"
"role_admin","Administrator","Administrateur","ok"
"role_user","User","Utilisateur","ok"
"settings_backup_action_delete","Delete","Supprimer","ok"
"settings_backup_action_export","Export","Exporter","ok"
"settings_backup_action_restore","Restore","Restaurer","ok"
"settings_backup_archives_desc","Restoration is prepared then applied on next JellyGate restart.","La restauration est preparee puis appliquee au prochain redemarrage de JellyGate.","ok"
"settings_backup_archives_title","Available archives","Archives disponibles","ok"
"settings_backup_col_actions","Actions","Actions","untranslated"
"settings_backup_col_archive","Archive","Archive","untranslated"
"settings_backup_col_date","Date","Date","untranslated"
"settings_backup_col_size","Size","Taille","ok"
"settings_backup_create_now","Create backup now","Creer une sauvegarde maintenant","ok"
"settings_backup_created","Backup created","Sauvegarde creee","ok"
"settings_backup_daily_time","Daily execution time","Heure d execution quotidienne","ok"
"settings_backup_delete_confirm_prefix","Delete permanently","Supprimer definitivement","ok"
"settings_backup_delete_error","Delete failed","Echec de la suppression","ok"
"settings_backup_deleted","Backup deleted","Sauvegarde supprimee","ok"
"settings_backup_desc","Configure automatic backups, create manual backups, import archives, and prepare a restoration.","Configurez les sauvegardes automatiques, creez des sauvegardes manuelles, importez des archives et preparez une restauration.","ok"
"settings_backup_enable_auto","Enable automatic backups","Activer les sauvegardes automatiques","ok"
"settings_backup_error","Backup error","Erreur de sauvegarde","ok"
"settings_backup_import_btn","Import","Importer","ok"
"settings_backup_import_desc","Import a ZIP archive into JellyGate for later restoration. Export/Delete actions remain available below.","Importez une archive ZIP dans JellyGate pour une restauration ulterieure. Les actions Exporter et Supprimer restent disponibles ci-dessous.","ok"
"settings_backup_import_error","Import failed","Echec de l import","ok"
"settings_backup_import_title","Import a backup","Importer une sauvegarde","ok"
"settings_backup_imported","Backup imported","Sauvegarde importee","ok"
"settings_backup_list_empty","No backup available.","Aucune sauvegarde disponible.","ok"
"settings_backup_list_load_error","Unable to load backups.","Impossible de charger les sauvegardes.","ok"
"settings_backup_list_pg_unavailable","PostgreSQL mode: SQLite archives are unavailable. Use pg_dump/pg_restore.","Mode PostgreSQL : les archives SQLite ne sont pas disponibles. Utilisez pg_dump et pg_restore.","ok"
"settings_backup_manual_desc","Create an exportable ZIP archive (SQLite DB + settings + templates).","Creez une archive ZIP exportable (base SQLite + parametres + modeles).","ok"
"settings_backup_manual_title","Manual backup","Sauvegarde manuelle","ok"
"settings_backup_pg_mode_desc_1","Native JellyGate ZIP backups (SQLite) are disabled.","Les sauvegardes ZIP natives de JellyGate (SQLite) sont desactivees.","ok"
"settings_backup_pg_mode_desc_2","Use pg_dump and pg_restore for PostgreSQL.","Utilisez pg_dump et pg_restore pour PostgreSQL.","ok"
"settings_backup_pg_mode_title","PostgreSQL mode detected","Mode PostgreSQL detecte","ok"
"settings_backup_pg_not_supported","Action not supported in PostgreSQL mode","Action non prise en charge en mode PostgreSQL","ok"
"settings_backup_pg_plan_unavailable","Local backup scheduler unavailable in PostgreSQL mode (use pg_dump/pg_restore)","Le planificateur local de sauvegarde est indisponible en mode PostgreSQL (utilisez pg_dump et pg_restore)","ok"
"settings_backup_restore_confirm_prefix","Prepare restoration for","Preparer la restauration de","ok"
"settings_backup_restore_confirm_suffix","A restart is required.","Un redemarrage est requis.","ok"
"settings_backup_restore_error","Restore failed","Echec de la restauration","ok"
"settings_backup_restore_ready","Restoration prepared. Restart JellyGate.","Restauration preparee. Redemarrez JellyGate.","ok"
"settings_backup_retention_fixed","Backups kept (fixed)","Sauvegardes conservees (fixe)","ok"
"settings_backup_retention_help","JellyGate automatically keeps the latest 7 backups (including imports).","JellyGate conserve automatiquement les 7 sauvegardes les plus recentes, imports compris.","ok"
"settings_backup_save_schedule","Save backup schedule","Enregistrer la planification des sauvegardes","ok"
"settings_backup_select_zip","Select a .zip file","Selectionner un fichier .zip","ok"
"settings_backup_title","Backups and restoration","Sauvegardes et restauration","ok"
"settings_default_lang","Server default language","Langue par defaut du serveur","ok"
"settings_default_lang_help","Language used when the user has no preference set","Langue utilisee lorsqu un utilisateur n a aucune preference definie","ok"
"settings_default_none","Default (none)","Par defaut (aucun)","ok"
"settings_email_base_desc","This shared shell contains the HTML used by all emails. Simple message content is inserted automatically between these two blocks.","Cette enveloppe commune contient le HTML partage par tous les e-mails. Le contenu simple des messages est insere automatiquement entre ces deux blocs.","ok"
"settings_email_base_footer","Base template: HTML footer","Template de base : pied de page HTML","ok"
"settings_email_base_header","Base template: HTML header","Template de base : entete HTML","ok"
"settings_email_base_live_preview_desc","The render updates automatically while you edit the header or footer.","Le rendu se met a jour automatiquement pendant que tu modifies l entete ou le pied de page.","ok"
"settings_email_base_live_preview_title","Live base preview","Apercu live de la base","ok"
"settings_email_base_preview","Preview base template","Apercu de la base","ok"
"settings_email_base_preview_demo","You received an invitation to join the Jellyfin server.

The button and direct link appear automatically below this message.","Tu as recu une invitation pour rejoindre le serveur Jellyfin.

Le bouton et le lien apparaissent automatiquement sous ce message.","ok"
"settings_email_base_preview_desc","This preview shows the shared shell with a simple message and the standard automatic blocks.","Cet apercu montre l enveloppe de base avec un message simple et les blocs automatiques standard.","ok"
"settings_email_base_restore","Restore default base","Restaurer la base par defaut","ok"
"settings_email_base_title","Shared base template","Template de base partagee","ok"
"settings_email_base_variables_title","Advanced variables for the base template","Variables avancees pour la template de base","ok"
"settings_email_body_mode_desc","The editors below are no-code: plain text only, with support for variables such as {{.Username}}, {{.Email}}, or {{.ExpiryDate}}. Buttons, links, and system dates are added automatically in the final render.","Les zones de message ci-dessous sont en mode no code : texte simple uniquement, avec prise en charge des variables comme {{.Username}}, {{.Email}} ou {{.ExpiryDate}}. Les boutons, liens et dates systeme sont ajoutes automatiquement au rendu final.","ok"
"settings_email_body_mode_title","Simple messages without markup","Messages simples sans balises","ok"
"settings_email_delivery_desc","Enable only the emails or sections that JellyGate should send automatically.","Activez seulement les e-mails ou blocs que JellyGate doit envoyer automatiquement.","ok"
"settings_email_delivery_title","Optional messages","Messages optionnels","ok"
"settings_email_preview_close_aria","Close preview","Fermer l apercu","ok"
"settings_email_preview_desc","Preview the final render with the shared email wrapper and demonstration values.","Teste le rendu final avec l habillage e-mail partage et des valeurs de demonstration.","ok"
"settings_email_preview_title","Email template preview","Apercu du modele e-mail","ok"
"settings_email_reminder_days","N days before expiry","N jours avant expiration","ok"
"settings_email_reminder_schedule_desc","Define how many days before expiration an automatic reminder is sent.","Definissez combien de jours avant expiration un rappel automatique est envoye.","ok"
"settings_email_reminder_schedule_title","Expiry reminder schedule","Planification des rappels d expiration","ok"
"settings_email_section_lifecycle","Account lifecycle","Cycle de vie du compte","ok"
"settings_email_section_onboarding","Signup and invitations","Inscription et invitations","ok"
"settings_email_section_security","Security and recovery","Securite et recuperation","ok"
"settings_email_templates_desc","Write only the message content. JellyGate automatically inserts it into the shared email wrapper, and you can personalize the text with the available variables.","Ecrivez seulement le contenu du message. JellyGate reintegre automatiquement ce texte dans le modele e-mail partage, et vous pouvez personnaliser le contenu avec les variables disponibles.","ok"
"settings_email_templates_title","Email templates","Modeles e-mail","ok"
"settings_email_tpl_confirmation","Confirmation email","E-mail de confirmation","ok"
"settings_email_tpl_confirmation_desc","Sent to confirm signup.","Envoye pour confirmer l inscription.","ok"
"settings_email_tpl_email_verification","Email verification","Verification de l e-mail","ok"
"settings_email_tpl_email_verification_desc","Sent to confirm a new or existing email address before account recovery and notifications.","Envoye pour confirmer une adresse e-mail avant la recuperation du compte et les notifications.","ok"
"settings_email_tpl_email_verification_subject","Email verification subject","Sujet de verification de l e-mail","ok"
"settings_email_tpl_email_verification_subject_desc","Subject line for email verification messages. Variables are supported.","Sujet des messages de verification e-mail. Les variables sont supportees.","ok"
"settings_email_tpl_expiry_adjusted","Expiry adjusted","Expiration modifiee","ok"
"settings_email_tpl_expiry_adjusted_desc","Sent when account expiry date is modified.","Envoye lorsque la date d expiration du compte est modifiee.","ok"
"settings_email_tpl_expiry_reminder","Expiry reminder","Rappel d expiration","ok"
"settings_email_tpl_expiry_reminder_1","Expiry reminder D-1","Rappel d expiration J-1","ok"
"settings_email_tpl_expiry_reminder_14","Expiry reminder D-14","Rappel d expiration J-14","ok"
"settings_email_tpl_expiry_reminder_14_desc","Template sent 14 days before expiration.","Modele envoye 14 jours avant l expiration.","ok"
"settings_email_tpl_expiry_reminder_1_desc","Template sent 1 day before expiration.","Modele envoye 1 jour avant l expiration.","ok"
"settings_email_tpl_expiry_reminder_7","Expiry reminder D-7","Rappel d expiration J-7","ok"
"settings_email_tpl_expiry_reminder_7_desc","Template sent 7 days before expiration.","Modele envoye 7 jours avant l expiration.","ok"
"settings_email_tpl_expiry_reminder_desc","Automatic notification before account expiry.","Notification automatique avant l expiration du compte.","ok"
"settings_email_tpl_invitation","Invitation email","E-mail d invitation","ok"
"settings_email_tpl_invitation_desc","Main message guiding users to Jellyfin access.","Message principal guidant les utilisateurs vers l acces Jellyfin.","ok"
"settings_email_tpl_invite_expiry","Invitation expiry","Expiration d invitation","ok"
"settings_email_tpl_invite_expiry_desc","Reminder that an invitation link will expire soon.","Rappel qu un lien d invitation expirera bientot.","ok"
"settings_email_tpl_password_reset","Password reset","Reinitialisation du mot de passe","ok"
"settings_email_tpl_password_reset_desc","Contains reset link/code sent to user.","Contient le lien ou code de reinitialisation envoye a l utilisateur.","ok"
"settings_email_tpl_post_signup_help","Post-signup help","Aide apres inscription","ok"
"settings_email_tpl_post_signup_help_desc","Instructions after account creation.","Instructions envoyees apres la creation du compte.","ok"
"settings_email_tpl_pre_signup_help","Pre-signup help","Aide avant inscription","ok"
"settings_email_tpl_pre_signup_help_desc","Guidance before creating the account.","Conseils avant la creation du compte.","ok"
"settings_email_tpl_user_creation","User creation","Creation d utilisateur","ok"
"settings_email_tpl_user_creation_desc","Confirms account creation by an administrator.","Confirme la creation d un compte par un administrateur.","ok"
"settings_email_tpl_user_deletion","User deletion","Suppression d utilisateur","ok"
"settings_email_tpl_user_deletion_desc","Notification that an account was deleted.","Notification qu un compte a ete supprime.","ok"
"settings_email_tpl_user_deletion_disable_notice","Do not send this email on user deletion","Ne pas envoyer cet e-mail lors de la suppression d un utilisateur","ok"
"settings_email_tpl_user_disabled","User disabled","Utilisateur desactive","ok"
"settings_email_tpl_user_disabled_desc","Sent when an account is disabled.","Envoye lorsqu un compte est desactive.","ok"
"settings_email_tpl_user_enabled","User enabled","Utilisateur reactive","ok"
"settings_email_tpl_user_enabled_desc","Sent when an account is re-enabled.","Envoye lorsqu un compte est reactive.","ok"
"settings_email_tpl_user_expired","User expired","Utilisateur expire","ok"
"settings_email_tpl_user_expired_desc","Sent when an account expires automatically.","Envoye lorsqu un compte expire automatiquement.","ok"
"settings_email_tpl_welcome","Welcome","Bienvenue","ok"
"settings_email_tpl_welcome_desc","Global post-signup welcome message.","Message global de bienvenue apres l inscription.","ok"
"settings_email_var_email","email address","adresse e-mail","ok"
"settings_email_var_expires_in","validity duration","duree de validite","ok"
"settings_email_var_expiry_date","expiry date","date d expiration","ok"
"settings_email_var_help_url","support / onboarding URL","URL d aide / onboarding","ok"
"settings_email_var_invite_code","invitation code","code d invitation","ok"
"settings_email_var_invite_link","invitation link","lien d invitation","ok"
"settings_email_var_jellyfin_url","Jellyfin login URL","URL de connexion Jellyfin","ok"
"settings_email_var_jellygate_url","public JellyGate URL","URL publique JellyGate","ok"
"settings_email_var_jellyseerr_url","Jellyseerr URL","URL Jellyseerr","ok"
"settings_email_var_message","custom message (admin invitation)","message personnalise (invitation admin)","ok"
"settings_email_var_reset_code","reset code","code de reinitialisation","ok"
"settings_email_var_reset_link","reset link","lien de reinitialisation","ok"
"settings_email_var_username","username","nom d utilisateur","ok"
"settings_email_var_verification_code","email verification code","code de verification e-mail","ok"
"settings_email_var_verification_link","email verification link","lien de verification e-mail","ok"
"settings_email_variable_insert","Insert","Inserer","ok"
"settings_email_variable_picker_label","Variable to insert","Variable a inserer","ok"
"settings_email_variable_picker_placeholder","Choose a variable","Choisir une variable","ok"
"settings_email_variables_title","Available variables","Variables disponibles","ok"
"settings_expiry_action_delete","Delete","Supprimer","ok"
"settings_expiry_action_disable","Disable","Desactiver","ok"
"settings_expiry_action_disable_then_delete","Disable then delete","Desactiver puis supprimer","ok"
"settings_general_desc","Configure JellyGate global settings","Configurez les reglages globaux de JellyGate","ok"
"settings_general_title","General Settings","Parametres generaux","ok"
"settings_host_required","Host *","Hote *","ok"
"settings_invite_allow_inviter_grant","Allow inviters to let the new account create invitations","Autoriser les parrains a donner au nouveau compte le droit de creer des invitations","ok"
"settings_invite_allow_inviter_user_expiry","Allow inviters to customize user expiry","Autoriser les parrains a personnaliser l expiration utilisateur","ok"
"settings_invite_delete_after_days","Delete account after (days)","Supprimer le compte apres (jours)","ok"
"settings_invite_disable_after_days","Disable account after (days)","Desactiver le compte apres (jours)","ok"
"settings_invite_enable_downloads","Allow direct downloads","Autoriser les telechargements directs","ok"
"settings_invite_expiry_action","Action on expiry","Action a l expiration","ok"
"settings_invite_inviter_max_link_hours","Max link TTL (hours, non-admin inviters)","TTL max du lien (heures, parrains non-admin)","ok"
"settings_invite_inviter_max_uses","Max uses (non-admin inviters)","Limite d utilisations (parrains non-admin)","ok"
"settings_invite_inviter_quota_day","Invite links quota / day (inviter)","Quota liens / jour (parrain)","ok"
"settings_invite_inviter_quota_month","Invite links quota / month (inviter)","Quota liens / mois (parrain)","ok"
"settings_invite_inviter_quota_week","Invite links quota / week (inviter)","Quota liens / semaine (parrain)","ok"
"settings_invite_password_max","Password max","Mot de passe max","ok"
"settings_invite_password_min","Password min","Mot de passe min","ok"
"settings_invite_profile_clone_user","Clone Jellyfin profile","Cloner un profil Jellyfin","ok"
"settings_invite_profile_desc","These rules are automatically applied to each new invitation. Non-admin users cannot modify them from invitation creation.","Ces regles sont appliquees automatiquement a toute nouvelle invitation. Les utilisateurs non-admin ne peuvent plus les modifier depuis la creation d invitation.","ok"
"settings_invite_profile_preset","Jellyfin preset","Preset Jellyfin","ok"
"settings_invite_profile_title","Invitation profile","Profil invitation","ok"
"settings_invite_require_email","Email required at signup","E-mail obligatoire a l inscription","ok"
"settings_invite_require_email_verification","Verify email before account creation","Verifier l email avant la creation du compte","ok"
"settings_invite_username_max","Username max","Nom utilisateur max","ok"
"settings_invite_username_min","Username min","Nom utilisateur min","ok"
"settings_ldap_base_dn","Base DN *","Base DN *","untranslated"
"settings_ldap_bind_dn","Bind DN *","Bind DN *","untranslated"
"settings_ldap_bind_password","Bind password *","Bind Password *","ok"
"settings_ldap_desc","Connect JellyGate to your directory via LDAP/LDAPS","Connectez JellyGate a votre annuaire via LDAP ou LDAPS","ok"
"settings_ldap_domain","AD domain *","Domaine AD *","ok"
"settings_ldap_group_admin","LDAP administrators group","Groupe LDAP administrateurs","ok"
"settings_ldap_group_admin_help","This group targets full-control accounts.","Ce groupe cible les comptes a controle complet.","ok"
"settings_ldap_group_inviter","LDAP inviter group","Groupe LDAP parrainage","ok"
"settings_ldap_group_inviter_help","This group grants normal access and invite rights.","Ce groupe donne l acces normal + droits d invitation.","ok"
"settings_ldap_group_member_attr","Group member attribute","Attribut membre de groupe","ok"
"settings_ldap_group_member_attr_help","Set to member (AD/groupOfNames) or memberUid (posixGroup).","Utilisez member (AD/groupOfNames) ou memberUid (posixGroup).","ok"
"settings_ldap_group_users","LDAP users group","Groupe LDAP utilisateurs","ok"
"settings_ldap_group_users_help","Automatically assigned to standard users.","Affecte automatiquement les utilisateurs standards.","ok"
"settings_ldap_mode_hybrid","Hybrid (LDAP + Jellyfin)","Hybride (LDAP + Jellyfin)","ok"
"settings_ldap_mode_ldap_only","LDAP only (no Jellyfin API user creation)","LDAP only (pas de creation API Jellyfin)","ok"
"settings_ldap_provision_mode","Provisioning mode","Mode de provisioning","ok"
"settings_ldap_skip_verify","Skip TLS certificate verification","Ignorer cert. TLS","ok"
"settings_ldap_test_connection_btn","Test LDAP connection","Tester connexion LDAP","ok"
"settings_ldap_test_credentials_required","Enter test username and password for Jellyfin LDAP plugin validation.","Renseigne utilisateur + mot de passe de test pour valider le plugin LDAP Jellyfin.","ok"
"settings_ldap_test_failed","Test failed","Test echoue","ok"
"settings_ldap_test_jellyfin_btn","Test Jellyfin login (LDAP plugin)","Tester login Jellyfin (plugin LDAP)","ok"
"settings_ldap_test_password","Test password","Mot de passe de test","ok"
"settings_ldap_test_running","Test in progress...","Test en cours...","ok"
"settings_ldap_test_success","Test succeeded","Test reussi","ok"
"settings_ldap_test_user_btn","Test user lookup","Tester recherche utilisateur","ok"
"settings_ldap_test_username","Test user identifier","Identifiant utilisateur de test","ok"
"settings_ldap_test_username_required","Enter a test user identifier.","Renseigne un identifiant utilisateur de test.","ok"
"settings_ldap_tests_desc","These tests do not save configuration. They validate LDAP connection, user lookup with the configured login attribute, then Jellyfin LDAP plugin authentication.","Ces tests n enregistrent pas la configuration. Ils valident la connexion LDAP, la recherche utilisateur avec l attribut de login configure, puis l authentification via le plugin LDAP de Jellyfin.","ok"
"settings_ldap_tests_title","LDAP tests and Jellyfin LDAP plugin","Tests LDAP et plugin Jellyfin LDAP","ok"
"settings_ldap_title","Active Directory / LDAP","Active Directory / LDAP","untranslated"
"settings_ldap_tls","LDAPS (TLS)","LDAPS (TLS)","untranslated"
"settings_ldap_user_object_class","User objectClass","objectClass utilisateur","ok"
"settings_ldap_user_object_class_help","Set to auto for detection, or force values like user, person, inetOrgPerson, posixAccount.","Laissez auto pour detection, ou forcez une valeur comme user, person, inetOrgPerson, posixAccount.","ok"
"settings_ldap_user_ou","User OU","OU utilisateurs","ok"
"settings_ldap_username_attr_ad","sAMAccountName (Active Directory)","sAMAccountName (Active Directory)","untranslated"
"settings_ldap_username_attr_auto","Auto-detect (AD/OpenLDAP)","Auto-detection (AD/OpenLDAP)","ok"
"settings_ldap_username_attr_cn","cn (common name)","cn (nom commun)","ok"
"settings_ldap_username_attr_uid","uid (OpenLDAP / Synology)","uid (OpenLDAP / Synology)","untranslated"
"settings_ldap_username_attr_upn","userPrincipalName (UPN)","userPrincipalName (UPN)","untranslated"
"settings_ldap_username_attribute","User login attribute","Attribut de login utilisateur","ok"
"settings_ldap_username_attribute_help","Pick the LDAP attribute used to identify users (uid on Synology/OpenLDAP, sAMAccountName on Active Directory).","Choisissez l attribut LDAP utilise pour identifier les utilisateurs (uid sur Synology/OpenLDAP, sAMAccountName sur Active Directory).","ok"
"settings_loading","Loading...","Chargement...","ok"
"settings_matrix_access_token","Access token","Access Token","ok"
"settings_matrix_homeserver_url","Homeserver URL","Homeserver URL","untranslated"
"settings_matrix_room_id","Room ID","Room ID","untranslated"
"settings_open_jellyfin","Open Jellyfin","Ouvrir Jellyfin","ok"
"settings_open_jellygate_public","Open public JellyGate","Ouvrir JellyGate public","ok"
"settings_open_jellyseerr","Open Jellyseerr","Ouvrir Jellyseerr","ok"
"settings_open_jellytrack","Open jellytrack","Ouvrir jellytrack","ok"
"settings_overview_backup_desc","Plan backups, import archives, and prepare a safe restoration.","Planifiez les sauvegardes, importez des archives et preparez une restauration sure.","ok"
"settings_overview_desc","Move quickly between language defaults, identity, delivery channels, templates, and recovery workflows.","Passez rapidement entre la langue par defaut, l identite, les canaux d envoi, les modeles et la restauration.","ok"
"settings_overview_general_desc","Public URLs, default language, and invitation defaults.","URLs publiques, langue par defaut et regles de base des invitations.","ok"
"settings_overview_ldap_desc","Directory connection, provisioning mode, groups, and validation tests.","Connexion a l annuaire, mode de provisionnement, groupes et tests de validation.","ok"
"settings_overview_smtp_desc","Outgoing email transport used for invitations and password recovery.","Transport e-mail utilise pour les invitations et la recuperation de mot de passe.","ok"
"settings_overview_templates_desc","Edit every email scenario and preview the rendered message.","Modifiez chaque scenario e-mail et verifiez le rendu final.","ok"
"settings_overview_title","Service control","Centre de services","ok"
"settings_overview_webhooks_desc","Discord, Telegram, and Matrix notifications for registration activity.","Notifications Discord, Telegram et Matrix lors des nouvelles inscriptions.","ok"
"settings_password_digit_required","Digit required","Chiffre requis","ok"
"settings_password_lower_required","Lowercase required","Minuscule requise","ok"
"settings_password_special_required","Special character required","Caractere special requis","ok"
"settings_password_upper_required","Uppercase required","Majuscule requise","ok"
"settings_port","Port","Port","untranslated"
"settings_preset_fallback","Preset","Preset","untranslated"
"settings_preview_button","Preview","Apercu","ok"
"settings_preview_impossible","Preview unavailable","Apercu impossible","ok"
"settings_preview_loading","Loading preview...","Chargement de l apercu...","ok"
"settings_public_jellyfin_help","Used in buttons and email templates via","Utilisee dans les boutons et templates emails","ok"
"settings_public_jellyfin_url","Public Jellyfin URL","URL publique Jellyfin","ok"
"settings_public_jellygate_help","Used for invitation links and templates via","Utilisee pour les liens d invitation et les templates via","ok"
"settings_public_jellygate_url","Public JellyGate URL","URL publique JellyGate","ok"
"settings_public_jellyseerr_help","Available in templates via","Disponible dans les templates via","ok"
"settings_public_jellyseerr_url","Public Jellyseerr URL","URL publique Jellyseerr","ok"
"settings_public_jellytrack_help","Available in templates via","Disponible dans les templates via","ok"
"settings_public_jellytrack_url","Public jellytrack URL","URL publique jellytrack","ok"
"settings_quick_links","Quick links","Raccourcis rapides","ok"
"settings_save_error","Save failed","Erreur de sauvegarde","ok"
"settings_save_invite_profile","Save invitation profile","Sauvegarder profil invitation","ok"
"settings_save_ldap","Save LDAP settings","Sauvegarder LDAP","ok"
"settings_save_smtp","Save SMTP","Sauvegarder SMTP","ok"
"settings_save_templates","Save templates","Sauvegarder les modeles","ok"
"settings_save_webhooks","Save Webhooks","Sauvegarder Webhooks","ok"
"settings_saved","Settings saved","Configuration sauvegardee","ok"
"settings_smtp_desc","Configure email sending (invitations, password reset)","Configurez l envoi d e-mails pour les invitations et la reinitialisation de mot de passe","ok"
"settings_smtp_from","Sender address *","Adresse expediteur *","ok"
"settings_smtp_password","Password *","Mot de passe *","ok"
"settings_smtp_starttls","STARTTLS / TLS","STARTTLS / TLS","untranslated"
"settings_smtp_title","SMTP server","Serveur SMTP","ok"
"settings_smtp_username","Username *","Utilisateur *","ok"
"settings_subheading","Configure external services from this interface","Configurez les services externes depuis cette interface","ok"
"settings_tab_backup","Backups","Sauvegardes","ok"
"settings_tab_email_templates","Email Templates","Modeles e-mail","ok"
"settings_tab_general","General","General","untranslated"
"settings_tab_ldap","LDAP","LDAP","untranslated"
"settings_tab_smtp","SMTP","SMTP","untranslated"
"settings_tab_webhooks","Webhooks","Webhooks","untranslated"
"settings_telegram_bot_token","Bot token","Bot Token","ok"
"settings_telegram_chat_id","Chat ID","Chat ID","untranslated"
"settings_template_empty","Template is empty.","Le template est vide.","ok"
"settings_webhook_url","Webhook URL","Webhook URL","untranslated"
"settings_webhooks_desc","Receive notifications when a user registers","Recevez des notifications lorsqu un utilisateur s inscrit","ok"
"settings_webhooks_title","Webhook notifications","Notifications Webhooks","ok"
"settings_zero_no_extra_limit","0 = no extra limit.","0 = pas de limite supplementaire.","ok"
"settings_zero_unlimited","0 = unlimited.","0 = illimite.","ok"
"stat_active_users","Active","Actifs","ok"
"stat_banned_users","Banned","Bannis","ok"
"stat_invitations","Invitations","Invitations","untranslated"
"stat_total_users","Users","Utilisateurs","ok"
"status_active","Active","Actif","ok"
"status_banned","Banned","Banni","ok"
"status_inactive","Inactive","Inactif","ok"
"submitting","Creating account...","Creation du compte...","ok"
"success","Success","Succes","ok"
"users_action_activate","Activate account","Activer le compte","ok"
"users_action_activate_help","Re-enable the selected accounts without changing their other settings.","Reactive les comptes selectionnes sans modifier les autres parametres.","ok"
"users_action_apply_preset","Apply Jellyfin preset","Appliquer un preset Jellyfin","ok"
"users_action_apply_preset_help","Push a predefined Jellyfin policy preset to every selected account.","Applique un preset de politique Jellyfin a tous les comptes selectionnes.","ok"
"users_action_deactivate","Disable account","Desactiver le compte","ok"
"users_action_deactivate_help","Temporarily block access for the selected accounts.","Bloque temporairement l'acces des comptes selectionnes.","ok"
"users_action_delete","Delete account","Supprimer le compte","ok"
"users_action_delete_help","Permanently remove the selected accounts from every configured backend.","Supprime definitivement les comptes selectionnes sur tous les backends configures.","ok"
"users_action_jellyfin_policy","Adjust Jellyfin policy","Ajuster la politique Jellyfin","ok"
"users_action_jellyfin_policy_help","Override downloads, remote access, sessions, or bitrate limits in bulk.","Modifier en masse les options de telechargement, acces distant, sessions et debit.","ok"
"users_action_send_email","Send email","Envoyer un e-mail","ok"
"users_action_send_email_help","Write a one-off message and deliver it to the selected users.","Rediger un message ponctuel et l'envoyer aux utilisateurs selectionnes.","ok"
"users_action_send_password_reset","Send password reset","Envoyer un reset mot de passe","ok"
"users_action_send_password_reset_help","Trigger a password reset email for every selected account.","Declencher l'e-mail de reinitialisation pour tous les comptes selectionnes.","ok"
"users_action_set_expiry","Set access expiry","Definir l'expiration d'acces","ok"
"users_action_set_expiry_help","Define or clear the access expiration date on the selected users.","Definir ou supprimer la date d'expiration des comptes selectionnes.","ok"
"users_action_set_invite","Update invite rights","Mettre a jour le droit d'inviter","ok"
"users_action_set_invite_help","Grant or remove invitation rights on the selected accounts.","Activer ou retirer le droit d'inviter pour les comptes selectionnes.","ok"
"users_allow_invite","Can invite","Peut inviter","ok"
"users_apply","Apply","Appliquer","ok"
"users_bulk_action_failed","Bulk action failed","L'action en lot a echoue","ok"
"users_bulk_action_generic","Bulk action","Action en lot","ok"
"users_bulk_action_on","for","pour","ok"
"users_bulk_action_placeholder","Choose a bulk action","Choisir une action en lot","ok"
"users_bulk_assistant_desc","Select the right users first, then configure the action with as little rework as possible.","Selectionne les utilisateurs, choisis l'action, puis verifie les champs obligatoires.","ok"
"users_bulk_blocked_prefix","Blocked","Bloque","ok"
"users_bulk_choose_action","Choose an action","Choisis une action","ok"
"users_bulk_complete_required","Complete the required parameters","Complete les parametres obligatoires","ok"
"users_bulk_config_ready","Configuration looks valid","Configuration valide","ok"
"users_bulk_confirm_template","{action}`n`nTarget users: {count}`nConfirm execution?","{action}`n`nUtilisateurs cibles: {count}`nConfirmer l'execution ?","ok"
"users_bulk_desc","Select users, choose an action, then validate the required parameters before execution.","Selectionnez des utilisateurs, choisissez une action puis validez les parametres requis avant execution.","ok"
"users_bulk_done","Action completed: {success}/{total} success","Action terminee : {success}/{total} reussies","ok"
"users_bulk_email","Bulk email","E-mail en lot","ok"
"users_bulk_email_body","Message body","Corps du message","ok"
"users_bulk_email_open","Open the bulk email assistant","Ouvrir l'assistant d'e-mail en lot","ok"
"users_bulk_email_subject","Email subject","Sujet de l'e-mail","ok"
"users_bulk_email_variables","Available variables","Variables disponibles","ok"
"users_bulk_instructions","The assistant prevents incomplete actions before execution. Select users, choose the action, then finish the required fields.","L'assistant evite les actions incompletes. Selectionne les utilisateurs, choisis l'action, puis complete les champs requis.","ok"
"users_bulk_jellyfin_invalid","One or more Jellyfin policy values are invalid.","Un ou plusieurs parametres Jellyfin sont invalides.","ok"
"users_bulk_need_email_body","Enter both the email subject and message body.","Renseigne le sujet et le contenu du message.","ok"
"users_bulk_need_expiry","Set an expiry date or choose to clear the existing one.","Definis une date d'expiration ou choisis de supprimer l'existante.","ok"
"users_bulk_need_jellyfin_param","Change at least one Jellyfin policy setting.","Modifie au moins un parametre de politique Jellyfin.","ok"
"users_bulk_need_preset","Choose a Jellyfin preset before continuing.","Choisis un preset Jellyfin avant de continuer.","ok"
"users_bulk_no_extra_params","This action does not need extra parameters.","Cette action ne demande aucun parametre supplementaire.","ok"
"users_bulk_none","none","aucun","ok"
"users_bulk_ready_suffix","ready to apply","pret a appliquer","ok"
"users_bulk_select_one","Select at least one user.","Selectionne au moins un utilisateur.","ok"
"users_bulk_select_preset","Choose a preset","Choisir un preset","ok"
"users_bulk_selected_suffix","users selected","utilisateurs selectionnes","ok"
"users_bulk_step_action","Choose action","Choisir l'action","ok"
"users_bulk_step_select","Select users","Selectionner les utilisateurs","ok"
"users_bulk_step_verify","Validate config","Verifier la configuration","ok"
"users_bulk_summary_placeholder","Your action summary will appear here.","Le resume de l'action s'affichera ici.","ok"
"users_bulk_title","Bulk assistant","Assistant en lot","ok"
"users_bulk_valid_prefix","Valid","Valide","ok"
"users_clear_expiry","Clear expiry","Supprimer l'expiration","ok"
"users_close","Close","Fermer","ok"
"users_col_expiry","Expiry","Expiration","ok"
"users_col_group","Group","Groupe","ok"
"users_col_invite","Invite","Invitation","ok"
"users_delete_confirm","Delete permanently","Supprimer definitivement","ok"
"users_delete_confirm_template","User ""{username}"" will be deleted from AD, Jellyfin, and the local database. This action is irreversible.","L'utilisateur ""{username}"" sera supprime d'AD, de Jellyfin et de la base locale. Cette action est irreversible.","ok"
"users_delete_confirm_title","Confirm deletion","Confirmer la suppression","ok"
"users_delete_error","Unable to delete this user.","Impossible de supprimer cet utilisateur.","ok"
"users_delete_title","Delete user","Supprimer l'utilisateur","ok"
"users_deleted","User deleted","Utilisateur supprime","ok"
"users_displayed_count","displayed /","affiches /","ok"
"users_edit","Edit","Modifier","ok"
"users_edit_title","Edit account","Modifier le compte","ok"
"users_filter_expiry_active","With expiry date","Avec date d'expiration","ok"
"users_filter_expiry_expired","Already expired","Deja expire","ok"
"users_filter_expiry_none","No expiry date","Sans date d'expiration","ok"
"users_filter_extra_all","Any extra signal","Tous les signaux","ok"
"users_filter_invite_all","Any invite state","Tous les etats d'invitation","ok"
"users_filter_invite_disabled","Invite disabled","Invitation desactivee","ok"
"users_filter_invite_enabled","Invite enabled","Invitation active","ok"
"users_filter_jellyfin_all","Any Jellyfin state","Tous les etats Jellyfin","ok"
"users_filter_jellyfin_disabled","Jellyfin disabled","Jellyfin desactive","ok"
"users_filter_jellyfin_missing","Missing in Jellyfin","Absent de Jellyfin","ok"
"users_filter_jellyfin_ok","Healthy in Jellyfin","Jellyfin OK","ok"
"users_filter_status_all","Any account status","Tous les statuts","ok"
"users_filter_with_email","Has email address","Avec e-mail","ok"
"users_filter_without_email","No email address","Sans e-mail","ok"
"users_filters_clear","Clear filters","Reinitialiser les filtres","ok"
"users_filters_desc","Combine search, state, Jellyfin sync, invitation rights, and expiry signals.","Combinez recherche, etat, synchro Jellyfin, droits d invitation et signaux d expiration.","ok"
"users_filters_none","No active filters.","Aucun filtre actif.","ok"
"users_filters_title","Find the right accounts","Trouver les bons comptes","ok"
"users_heading","User Management","Gestion des utilisateurs","ok"
"users_jellyfin_disabled","Jellyfin disabled","Jellyfin disabled","untranslated"
"users_jellyfin_missing","Jellyfin missing","Jellyfin missing","untranslated"
"users_jf_bitrate_placeholder","Remote bitrate limit (kbps)","Debit distant max (kbps)","ok"
"users_jf_download_allowed","Downloads allowed","Telechargement autorise","ok"
"users_jf_download_blocked","Downloads blocked","Telechargement bloque","ok"
"users_jf_download_unchanged","Keep current download policy","Telechargement inchange","ok"
"users_jf_remote_allowed","Remote access allowed","Acces distant autorise","ok"
"users_jf_remote_blocked","Remote access blocked","Acces distant bloque","ok"
"users_jf_remote_unchanged","Keep current remote policy","Acces distant inchange","ok"
"users_jf_sessions_placeholder","Max active sessions","Sessions simultanees max","ok"
"users_live_filters_desc","See the active constraints before applying a bulk action.","Verifiez les contraintes actives avant d'appliquer une action en lot.","ok"
"users_live_filters_title","Filter snapshot","Resume des filtres","ok"
"users_load_error","Unable to load users","Impossible de charger les utilisateurs","ok"
"users_load_error_details","The users list could not be loaded.","La liste des utilisateurs n'a pas pu etre chargee.","ok"
"users_no","No","No","untranslated"
"users_no_filter_match","No account matches the current filters.","Aucun compte ne correspond aux filtres actuels.","ok"
"users_no_local","No local accounts found yet.","Aucun compte local trouve pour le moment.","ok"
"users_overview_expiring","Expired access","Acces expires","ok"
"users_overview_filtered","Visible now","Visibles maintenant","ok"
"users_overview_inviters","Can invite","Peuvent inviter","ok"
"users_overview_total","Total accounts","Comptes totaux","ok"
"users_reset","Reset","Reset","untranslated"
"users_reset_error","Unable to send the password reset message.","Impossible d'envoyer le lien de reinitialisation.","ok"
"users_reset_sent","Password reset link sent to {username}","Password reset link sent to {username}","untranslated"
"users_search_placeholder","Search...","Rechercher...","ok"
"users_segment_access","Access policy","Politique d acces","ok"
"users_segment_accounts","Account state","Etat du compte","ok"
"users_segment_delivery","Communication","Communication","untranslated"
"users_select_filtered","Select filtered","Select filtered","untranslated"
"users_selection_clear","Clear selection","Vider la selection","ok"
"users_selection_desc","Review the exact accounts that will be affected next.","Verifiez exactement quels comptes seront touches ensuite.","ok"
"users_selection_empty","No users selected yet.","Aucun utilisateur selectionne.","ok"
"users_selection_more","+{count} more","+{count} autres","ok"
"users_selection_title","Selection snapshot","Resume de la selection","ok"
"users_subheading","Manage accounts, enable or delete users","Gerez les comptes, activez ou supprimez les utilisateurs","ok"
"users_subheading_extended","Manage local accounts, Jellyfin sync state, invitation rights, and expiry rules from one control room.","Gere les comptes locaux, l'etat de synchronisation Jellyfin, les droits d'invitation et les regles d'expiration depuis un seul ecran.","ok"
"users_sync_confirm","Launch a synchronization against Jellyfin now?","Lancer la synchronisation avec Jellyfin maintenant ?","ok"
"users_sync_done","Jellyfin sync completed","Synchronisation Jellyfin terminee","ok"
"users_sync_error","Jellyfin sync failed","Echec de la synchronisation Jellyfin","ok"
"users_sync_jellyfin","Sync Jellyfin","Synchroniser Jellyfin","ok"
"users_sync_jellyfin_title","Refresh local data from Jellyfin","Rafraichir les donnees locales depuis Jellyfin","ok"
"users_sync_network_error","Network error during Jellyfin synchronization","Erreur reseau pendant la synchronisation Jellyfin","ok"
"users_table_desc","Inspect each local account, then edit, reset, trace, enable, or delete in one click.","Inspectez chaque compte local puis modifiez, reinitialisez, tracez, activez ou supprimez en un clic.","ok"
"users_table_title","Accounts list","Liste des comptes","ok"
"users_timeline_critical","Critical","Critique","ok"
"users_timeline_empty","No timeline events found for this user.","Aucun evenement de timeline pour cet utilisateur.","ok"
"users_timeline_important","Important","Important","untranslated"
"users_timeline_info","Info","Information","ok"
"users_timeline_load_error","Unable to load the user timeline.","Impossible de charger la timeline utilisateur.","ok"
"users_timeline_subtitle","{username} ({email})","{username} ({email})","untranslated"
"users_timeline_title","User timeline","Timeline utilisateur","ok"
"users_timeline_trace","Trace","Trace","untranslated"
"users_title","Users","Utilisateurs","ok"
"users_toggle_error","Unable to update the account status.","Impossible de mettre a jour le statut du compte.","ok"
"users_toggle_updated","Account status updated","Statut du compte mis a jour","ok"
"users_toolbar_desc","Start with a filter, then use the bulk assistant or one-click actions on the right accounts.","Commencez par un filtre, puis utilisez l assistant en lot ou les actions rapides sur les bons comptes.","ok"
"users_toolbar_title","User operations","Operations utilisateurs","ok"
"users_update_error","Unable to save account changes.","Impossible d'enregistrer les modifications du compte.","ok"
"users_updated","Account updated","Compte mis a jour","ok"
"users_yes","Yes","Oui","ok"
"verify_email_invite_expired_heading","Verification link expired","Lien de verification expire","ok"
"verify_email_invite_expired_message","This signup confirmation link has expired. Submit the invitation form again to receive a new email.","Ce lien de confirmation d'inscription a expire. Soumettez a nouveau le formulaire d'invitation pour recevoir un nouvel email.","ok"
"verify_email_invite_failed_heading","Account creation failed","Creation du compte impossible","ok"
"verify_email_invite_failed_message","We could not finish creating your account from this invitation. Submit the invitation form again or ask for a new invitation.","Nous n'avons pas pu terminer la creation de votre compte a partir de cette invitation. Soumettez a nouveau le formulaire ou demandez une nouvelle invitation.","ok"
"verify_email_invite_success_heading","Email verified, account created","Email verifie, compte cree","ok"
"verify_email_invite_success_message","Your email address has been confirmed and your account is now ready. You can sign in to Jellyfin.","Votre adresse email a ete confirmee et votre compte est maintenant pret. Vous pouvez vous connecter a Jellyfin.","ok"
"view_all","View all","Voir tout","ok"