key,english,it,status
"app_description","Invitation and user manager for Jellyfin","Gestore di inviti e utenti per Jellyfin","ok"
"automation_add","Add","Aggiungi","ok"
"automation_col_bitrate","Bitrate (kbps)","Colonna bitrate","ok"
"automation_col_delete_days","Delete after (days)","Colonna elimina giorni","ok"
"automation_col_disable_days","Disable after (days)","Colonna disabilita giorni","ok"
"automation_col_download","Downloads","Colonna download","ok"
"automation_col_group","Group","Colonna gruppo","ok"
"automation_col_id","ID","Colonna id","ok"
"automation_col_last_run","Last run","Colonna ultima esecuzione","ok"
"automation_col_ldap_dn_optional","LDAP DN (optional)","Colonna ldap dn opzionale","ok"
"automation_col_name","Name","Colonna nome","ok"
"automation_col_payload","Payload","Colonna payload","ok"
"automation_col_preset_target","Target preset","Colonna preset destinazione","ok"
"automation_col_remote","Remote access","Colonna remoto","ok"
"automation_col_schedule","Schedule","Colonna pianificazione","ok"
"automation_col_sessions","Sessions","Colonna sessioni","ok"
"automation_col_source","Source","Colonna sorgente","ok"
"automation_col_type","Type","Colonna tipo","ok"
"automation_create","Create","Crea","ok"
"automation_delete","Delete","Elimina","ok"
"automation_disable","Disable","Disabilita","ok"
"automation_enable","Enable","Abilita","ok"
"automation_error_group_mappings","Unable to load group mappings.","Errore gruppo mappature","ok"
"automation_error_presets","Unable to load presets.","Errore presets","ok"
"automation_error_tasks","Unable to load tasks.","Errore attivita","ok"
"automation_group_mappings_desc","Map LDAP or application groups to Jellyfin presets.","Associa i gruppi a un preset Jellyfin.","ok"
"automation_group_mappings_title","Group mappings","Associazioni gruppi","ok"
"automation_guidance_desc","Start with Jellyfin access presets, attach them to groups, then schedule the recurring jobs that keep everything in sync.","Inizia dai preset di accesso Jellyfin, collegali ai gruppi e poi pianifica le attivitÃ  ricorrenti che mantengono tutto sincronizzato.","ok"
"automation_guidance_title","Keep presets, groups, and schedules aligned.","Mantieni allineati preset, gruppi e pianificazioni.","ok"
"automation_kicker","Automation control room","Centro di controllo automazioni","ok"
"automation_mappings_saved","Group mappings saved.","Mappature salvato","ok"
"automation_new_preset","New preset","Nuovo preset","ok"
"automation_no_group_mappings","No group mappings configured.","Nessun gruppo mappature","ok"
"automation_no_presets","No presets configured.","Nessun presets","ok"
"automation_no_tasks","No scheduled tasks.","Nessun attivita","ok"
"automation_presets_desc","Define the reusable Jellyfin access baseline that can be applied manually or through group mappings.","Definisci la base riutilizzabile di accesso a Jellyfin da applicare manualmente o tramite assegnazioni di gruppo.","ok"
"automation_presets_saved","Presets saved.","Presets salvato","ok"
"automation_presets_title","Jellyfin presets","Preset","ok"
"automation_run_now","Run now","Esecuzione ora","ok"
"automation_save","Save","Salva","ok"
"automation_save_mappings_failed","Unable to save group mappings.","Salva mappature fallito","ok"
"automation_save_presets_failed","Unable to save presets.","Salva presets fallito","ok"
"automation_select_preset","Select a preset","Seleziona preset","ok"
"automation_subheading","Manage presets, mappings, and scheduled tasks.","Sottotitolo","ok"
"automation_task_builder_desc","Use clear names and a stable hour/minute so the job remains easy to audit later.","Usa nomi chiari e un'ora/minuto stabile cosÃ¬ l'attivitÃ  resterÃ  facile da verificare in seguito.","ok"
"automation_task_builder_title","Build a scheduled task","Crea un'attivitÃ  pianificata","ok"
"automation_task_create_failed","Unable to create task.","Attivita crea fallito","ok"
"automation_task_created","Task created.","Attivita creato","ok"
"automation_task_delete_confirm","Delete this task?","Attivita elimina conferma","ok"
"automation_task_delete_failed","Unable to delete task.","Attivita elimina fallito","ok"
"automation_task_deleted","Task deleted.","Attivita eliminato","ok"
"automation_task_enabled","Enabled","Attivita abilitato","ok"
"automation_task_hour_placeholder","Hour (0-23)","Attivita ora segnaposto","ok"
"automation_task_minute_placeholder","Minute (0-59)","Attivita minuto segnaposto","ok"
"automation_task_name_placeholder","Task name","Attivita nome segnaposto","ok"
"automation_task_payload_empty","No payload","Nessun payload","ok"
"automation_task_payload_placeholder","JSON payload (optional)","Attivita payload segnaposto","ok"
"automation_task_payload_ready","Payload ready","Payload pronto","ok"
"automation_task_preview_empty","Fill the form to preview the schedule and execution state.","Compila il modulo per visualizzare in anteprima pianificazione e stato di esecuzione.","ok"
"automation_task_preview_title","Task preview","Anteprima attivitÃ ","ok"
"automation_task_run_failed","Task execution failed.","Attivita esecuzione fallito","ok"
"automation_task_run_success","Task started.","Attivita esecuzione successo","ok"
"automation_task_update_failed","Unable to update task.","Attivita aggiornamento fallito","ok"
"automation_tasks_desc","Create recurring jobs, then verify the schedule and payload before saving.","Crea attivitÃ  ricorrenti e verifica pianificazione e payload prima di salvare.","ok"
"automation_tasks_title","Scheduled tasks","Attivita pianificate","ok"
"automation_type_cleanup_resets_desc","Remove expired password reset requests to keep the recovery flow clean.","Rimuovi le richieste di reimpostazione password scadute per mantenere pulito il flusso di recupero.","ok"
"automation_type_create_backup_desc","Create a fresh backup snapshot for restore or audit purposes.","Crea una nuova istantanea di backup per ripristino o verifica.","ok"
"automation_type_sync_users_desc","Sync local users with Jellyfin or directory state to keep access consistent.","Sincronizza gli utenti locali con Jellyfin o con lo stato della directory per mantenere coerente l'accesso.","ok"
"back_to_login","Back to login","Torna al login","ok"
"base_language_label","Language","Lingua","ok"
"btn_save","Save","Salva","ok"
"cancel","Cancel","Annulla","ok"
"col_actions","Actions","Azioni","ok"
"col_created_at","Date","Data","ok"
"col_email","Email","E-mail","ok"
"col_invited_by","Invited by","Invitato da","ok"
"col_jellyfin","Jellyfin","Jellyfin","untranslated"
"col_status","Status","Stato","ok"
"col_username","User","Utente","ok"
"common_bad_request","Invalid request","Richiesta non valida","ok"
"common_next","Next","Avanti","ok"
"common_previous","Previous","Precedente","ok"
"common_server_error","Server error","Errore del server","ok"
"dashboard_heading","Dashboard","Panoramica","ok"
"dashboard_intro_title","Jellyfin Access Manager","Gestore accesso Jellyfin","ok"
"dashboard_my_account_title","Account","Il mio account","ok"
"dashboard_no_users","No users yet","Nessun utente presente","ok"
"dashboard_open_my_account","Open My Account","Apri il mio account","ok"
"dashboard_panel_invites_title","Invitations","Inviti","ok"
"dashboard_panel_settings_title","Settings","Impostazioni","ok"
"dashboard_panel_users_title","Users","Utenti","ok"
"dashboard_recent_users","Recent users","Utenti recenti","ok"
"dashboard_stats_title","Pulse","Attività","ok"
"dashboard_title","Dashboard","Panoramica","ok"
"dashboard_welcome","Welcome","Benvenuto","ok"
"failure","Failure","Errore","ok"
"field_display_name","Display name","Nome visualizzato","ok"
"field_display_name_placeholder","E.g. John Doe","Es.: John Doe","ok"
"field_email","Email","E-mail","ok"
"field_email_placeholder","E.g. john@example.com","Es.: john@example.com","ok"
"field_email_required","Email","E-mail","ok"
"field_identifier","Email or username","E-mail o nome utente","ok"
"field_identifier_placeholder","E.g. john_doe or john@example.com","Es.: john_doe o john@example.com","ok"
"field_new_password","New password","Nuova password","ok"
"field_password","Password","Password","untranslated"
"field_password_confirm","Confirm password","Conferma password","ok"
"field_password_confirm_placeholder","Re-enter your password","Inserisci di nuovo la password","ok"
"field_password_placeholder","Minimum 8 characters","Minimo 8 caratteri","ok"
"field_username","Username","Nome utente","ok"
"field_username_help","3-32 characters: letters, numbers, dashes, underscores","3-32 caratteri: lettere, numeri, trattini e underscore","ok"
"field_username_placeholder","E.g. john_doe","Es.: john_doe","ok"
"i18n_report_back_settings","Back to settings","Torna alle impostazioni","ok"
"i18n_report_col_fallback","Fallback values","Valori di fallback","ok"
"i18n_report_col_locale","Locale","Lingua","ok"
"i18n_report_col_missing_base","Missing vs base","Mancanti rispetto alla base","ok"
"i18n_report_col_missing_template","Missing template keys","Chiavi template mancanti","ok"
"i18n_report_col_placeholder","Placeholder mismatches","Segnaposto non coerenti","ok"
"i18n_report_col_total_keys","Total keys","Chiavi totali","ok"
"i18n_report_intro","Checks template key coverage, placeholder consistency, and fallback values by locale.","Controlla la copertura delle chiavi dei template, la coerenza dei segnaposto e i valori di fallback per ogni lingua.","ok"
"i18n_report_load_error","Unable to load the i18n report.","Impossibile caricare il rapporto i18n.","ok"
"i18n_report_no_data","No data.","Nessun dato.","ok"
"i18n_report_title","i18n Report","Rapporto i18n","ok"
"invitations_badge_active","Active","Attivo","ok"
"invitations_badge_expired","Expired","Scaduto","ok"
"invitations_col_email","Delivery","Invio","ok"
"invitations_col_link_code","Invitation link","Link di invito","ok"
"invitations_col_link_expiry","Link expiry","Scadenza del link","ok"
"invitations_col_profile_expiry","Account policy","Politica account","ok"
"invitations_conversion_rate","Conversion rate","Tasso di conversione","ok"
"invitations_conversions","Conversions","Conversioni","ok"
"invitations_copy","Copy","Copia","ok"
"invitations_copy_full_link","Copy full link","Copia link completo","ok"
"invitations_copy_unavailable","Clipboard access is unavailable","Appunti non disponibili","ok"
"invitations_create_desc","Generate a reusable signup link, prefill account rules, and optionally send it by email.","Genera un link di registrazione riutilizzabile, preconfigura le regole dell account e invialo via e-mail se necessario.","ok"
"invitations_create_link","Create invitation","Crea invito","ok"
"invitations_create_title","Invitation flow","Flusso inviti","ok"
"invitations_created","Invitation created","Invito creato","ok"
"invitations_default_policy","Default policy","Politica predefinita","ok"
"invitations_delete","Delete","Elimina","ok"
"invitations_delete_after_days","Delete account after {n} days","Elimina l account dopo {n} giorni","ok"
"invitations_delete_desc","This invitation will be removed permanently. Existing users created from it are not affected.","Questo invito verra rimosso definitivamente. Gli utenti gia creati da esso non saranno interessati.","ok"
"invitations_delete_title","Delete invitation","Elimina invito","ok"
"invitations_deleted","Invitation deleted","Invito eliminato","ok"
"invitations_disable_after_days","Disable account after {n} days","Disattiva l account dopo {n} giorni","ok"
"invitations_email_manual","Email delivery","Invio e-mail","ok"
"invitations_error_loading","Unable to load invitations","Impossibile caricare gli inviti","ok"
"invitations_expires_on","Expires on {date}","Scade il {date}","ok"
"invitations_forced_username","Reserved username","Nome utente riservato","ok"
"invitations_forced_username_help","Optional. Lock the signup to a single username when you need a pre-assigned account.","Opzionale. Blocca la registrazione su un solo nome utente quando devi preparare un account gia assegnato.","ok"
"invitations_forced_username_placeholder","Leave blank to let the user choose","Lascia vuoto per lasciare scegliere l utente","ok"
"invitations_group_default","Default group","Gruppo predefinito","ok"
"invitations_group_prefix","Group: {group}","Gruppo: {group}","ok"
"invitations_invalid_max_uses","Your current policy allows between 1 and {n} uses per link.","La tua politica attuale consente tra 1 e {n} utilizzi per link.","ok"
"invitations_invalid_user_expiry","Choose a relative or absolute expiry before creating the invitation.","Scegli una scadenza relativa o assoluta prima di creare l invito.","ok"
"invitations_invite_option_enabled_help","The invited account will be allowed to create invitations after signup.","L account invitato potra creare inviti dopo la registrazione.","ok"
"invitations_invite_option_policy_limited","Your role cannot grant invite rights on new accounts.","Il tuo ruolo non puo concedere diritti di invito ai nuovi account.","ok"
"invitations_last_link_label","Latest generated link","Ultimo link generato","ok"
"invitations_last_link_placeholder","The newest invitation URL will appear here","L ultima URL di invito apparira qui","ok"
"invitations_link_copied","Invitation link copied","Link di invito copiato","ok"
"invitations_link_expires_label","Link expiry","Scadenza del link","ok"
"invitations_link_help_default","Leave empty to keep the link valid until it is used or revoked.","Lascialo vuoto per mantenere valido il link fino all uso o alla revoca.","ok"
"invitations_link_help_limited","Your current policy recommends an expiry within the next {n} hours.","La tua politica attuale consiglia una scadenza entro le prossime {n} ore.","ok"
"invitations_links_active","Active links","Link attivi","ok"
"invitations_links_closed","Closed links","Link chiusi","ok"
"invitations_links_created","Links created","Link creati","ok"
"invitations_max_uses_label","Maximum uses","Numero massimo di utilizzi","ok"
"invitations_new_invitation","New invitation","Nuovo invito","ok"
"invitations_new_user_can_invite","Grant invite rights to the new account","Consenti al nuovo account di invitare","ok"
"invitations_no_link_to_copy","There is no invitation link to copy yet.","Nessun link di invito da copiare al momento.","ok"
"invitations_no_planned_delete","No deletion planned","Nessuna eliminazione pianificata","ok"
"invitations_none_active","No active invitations found.","Nessun invito attivo trovato.","ok"
"invitations_policy_base_links","Base URL: {url}","URL di base: {url}","ok"
"invitations_policy_expiry_locked","User expiry is locked by the active invitation policy.","La scadenza dell utente e bloccata dalla politica di invito attiva.","ok"
"invitations_policy_grant_locked","Invite rights are locked by the active invitation policy.","I diritti di invito sono bloccati dalla politica di invito attiva.","ok"
"invitations_policy_loading","Loading invitation policy...","Caricamento della politica di invito...","ok"
"invitations_policy_max_ttl","Max link lifetime: {n}h","Durata massima del link: {n}h","ok"
"invitations_policy_max_uses","Max uses per link: {n}","Utilizzi massimi per link: {n}","ok"
"invitations_policy_quota_day","Daily quota: {n}","Quota giornaliera: {n}","ok"
"invitations_policy_quota_month","Monthly quota: {n}","Quota mensile: {n}","ok"
"invitations_policy_quota_week","Weekly quota: {n}","Quota settimanale: {n}","ok"
"invitations_rate","Rate","Tasso","ok"
"invitations_role_can_invite","can invite others","puo invitare","ok"
"invitations_role_standard","standard account","account standard","ok"
"invitations_section_link_settings","Link settings","Impostazioni del link","ok"
"invitations_section_smtp_notification","Email delivery","Invio e-mail","ok"
"invitations_section_user_profile","Future account rules","Regole del futuro account","ok"
"invitations_send_to_email_help","Optional. If SMTP is configured, JellyGate sends the invitation immediately.","Opzionale. Se SMTP e configurato, JellyGate invia subito l invito.","ok"
"invitations_send_to_email_label","Send invitation to","Invia invito a","ok"
"invitations_sponsor","Sponsor","Sponsor","untranslated"
"invitations_sponsor_dashboard","Sponsor activity","Attivita sponsor","ok"
"invitations_sponsor_no_data","No sponsor activity available yet.","Nessuna attivita sponsor disponibile al momento.","ok"
"invitations_stats_error","Unable to load sponsor statistics","Impossibile caricare le statistiche sponsor","ok"
"invitations_stats_loading","Loading sponsor statistics...","Caricamento delle statistiche sponsor...","ok"
"invitations_stats_updated_at","Updated {at}","Aggiornato {at}","ok"
"invitations_subheading","Create invitation links, monitor sponsor activity, and keep onboarding rules consistent.","Crea link di invito, monitora l attivita degli sponsor e mantieni coerenti le regole di onboarding.","ok"
"invitations_unknown_error","An unexpected error occurred","Si e verificato un errore imprevisto","ok"
"invitations_unknown_sponsor","(unknown)","(sconosciuto)","ok"
"invitations_unlimited","Unlimited","Illimitato","ok"
"invitations_user_expiry_absolute","Absolute account expiry","Scadenza assoluta dell account","ok"
"invitations_user_expiry_absolute_help","Optional. Set a fixed expiry date instead of a relative delay.","Opzionale. Imposta una data di scadenza fissa invece di un ritardo relativo.","ok"
"invitations_user_expiry_days_help","Apply a relative expiry window once the invited account is created.","Applica una finestra di scadenza relativa una volta creato l account invitato.","ok"
"invitations_user_expiry_enable","Set an expiry policy for the invited account","Definisci una politica di scadenza per l account invitato","ok"
"invitations_user_expiry_future","The absolute expiry must be in the future.","La data di scadenza assoluta deve essere nel futuro.","ok"
"invitations_uses","Uses","Utilizzi","ok"
"invitations_uses_help_default","Use 0 for unlimited redemptions.","Usa 0 per riscatti illimitati.","ok"
"invitations_uses_help_limited","Your current policy allows between 1 and {n} redemptions.","La tua politica attuale consente tra 1 e {n} riscatti.","ok"
"invite_error_config","Invitation configuration error","Errore di configurazione dell invito","ok"
"invite_error_email_verification_unavailable","Email verification is enabled, but email sending is unavailable right now.","La verifica email e attiva, ma l invio delle email non e disponibile al momento.","ok"
"invite_error_invalid_or_expired","Invalid or expired invitation","Invito non valido o scaduto","ok"
"invite_error_jellyfin_create","Error while creating the account (Jellyfin)","Errore durante la creazione dell account (Jellyfin)","ok"
"invite_error_ldap_create","Error while creating the account (LDAP)","Errore durante la creazione dell account (LDAP)","ok"
"invite_error_persist","Error while saving the account","Errore durante il salvataggio dell account","ok"
"invite_footer","Powered by JellyGate","Offerto da JellyGate","ok"
"invite_heading","Create your account","Crea il tuo account","ok"
"invite_login_jellyfin","Sign in to Jellyfin","Accedi a Jellyfin","ok"
"invite_open_jellyseerr","Open Jellyseerr","Apri Jellyseerr","ok"
"invite_open_jellytrack","Open jellytrack","Apri jellytrack","ok"
"invite_quick_links","Quick links","Collegamenti rapidi","ok"
"invite_subheading","Fill in the form to join the media library","Compila il modulo per unirti alla libreria multimediale","ok"
"invite_submit","Create my account","Crea il mio account","ok"
"invite_success_hybrid","Welcome {username}! Your account was created in Jellyfin and in LDAP.","Benvenuto {username}. Il tuo account e stato creato in Jellyfin e in LDAP.","ok"
"invite_success_ldap_only","Welcome {username}! Your account was created in LDAP. Jellyfin access will use your LDAP integration.","Benvenuto {username}. Il tuo account e stato creato in LDAP. L accesso a Jellyfin usera la tua integrazione LDAP.","ok"
"invite_success_pending_verification","Check your email to confirm the creation of account {username}. Your account will be created only after this confirmation.","Controlla la tua email per confermare la creazione dell account {username}. L account verra creato solo dopo questa conferma.","ok"
"invite_title","Sign Up","Registrazione","ok"
"login_error_forbidden","You are not an administrator","Non sei un amministratore","ok"
"login_error_invalid","Invalid credentials","Credenziali non valide","ok"
"login_error_required","Enter both your username and password.","Inserisci sia il nome utente sia la password.","ok"
"login_forgot_password","Forgot password?","Password dimenticata?","ok"
"login_jellyfin_desc","Media library access","Accesso libreria","ok"
"login_jellyseerr_desc","Browse and request content","Richiedi contenuto","ok"
"login_jellytrack_desc","Playback statistics tracking","Statistiche","ok"
"login_shortcuts","Shortcuts","Scorciatoie","ok"
"login_subheading","Administration","Amministrazione","ok"
"login_submit","Sign in","Accedi","ok"
"login_title","Login","Accesso","ok"
"logs_col_action","Action","Azione","ok"
"logs_col_actor","Actor","Autore","ok"
"logs_col_details","Details","Dettagli","ok"
"logs_col_target","Target","Destinazione","ok"
"logs_load_error","Unable to load audit logs","Impossibile caricare i log di audit","ok"
"logs_loading","Loading audit logs...","Caricamento dei log di audit...","ok"
"logs_network_error","Network error while loading audit logs","Errore di rete durante il caricamento dei log di audit","ok"
"logs_no_results","No audit events match the current filters.","Nessun evento di audit corrisponde ai filtri correnti.","ok"
"logs_no_results_short","No matching events","Nessun evento corrispondente","ok"
"logs_of_label","of","di","ok"
"logs_page_label","Page","Pagina","ok"
"logs_pagination_loading","Loading pagination...","Caricamento della paginazione...","ok"
"logs_per_page_suffix","per page","per pagina","ok"
"logs_search_placeholder","Search actions, actors, targets, details, or request IDs","Cerca azioni, autori, destinazioni, dettagli o request_id","ok"
"logs_system_actor","System","Sistema","ok"
"logs_total_label","Total","Totale","ok"
"my_account_channel_discord","Discord","Discord","untranslated"
"my_account_channel_email","Email","E-mail","ok"
"my_account_channel_optin","Delivery channels","Canali di consegna","ok"
"my_account_channel_telegram","Telegram","Telegram","untranslated"
"my_account_contact_help","Update contact information and notification preferences.","Aggiorna le informazioni di contatto e le preferenze di notifica.","ok"
"my_account_default_server_lang","Use the server default language","Usa la lingua predefinita del server","ok"
"my_account_edit_profile","Edit profile","Modifica profilo","ok"
"my_account_email_pending_label","Pending email:","E-mail in attesa:","ok"
"my_account_email_status_missing","No email configured","Nessuna e-mail configurata","ok"
"my_account_email_status_pending","Pending verification","Verifica in attesa","ok"
"my_account_email_status_unverified","Verification required","Verifica richiesta","ok"
"my_account_email_status_verified","Verified","Verificata","ok"
"my_account_email_verification_help","Confirm this email address to receive account messages and recovery links.","Conferma questa e-mail per ricevere i messaggi dell account e i link di recupero.","ok"
"my_account_email_verification_label","Email verification","Verifica e-mail","ok"
"my_account_email_verification_missing","Add an email address to enable verification and password recovery.","Aggiungi un indirizzo e-mail per attivare la verifica e il recupero password.","ok"
"my_account_email_verification_ok","Your current email address is verified.","Il tuo indirizzo e-mail attuale e verificato.","ok"
"my_account_email_verification_pending","Check your inbox and click the confirmation link sent to the pending address.","Controlla la posta in arrivo e apri il link inviato all indirizzo in attesa.","ok"
"my_account_email_verification_resend","Resend verification email","Invia di nuovo l e-mail di verifica","ok"
"my_account_email_verification_send_error","Unable to send a verification email","Impossibile inviare l e-mail di verifica","ok"
"my_account_email_verification_sent","A verification email has been sent.","E stata inviata un e-mail di verifica.","ok"
"my_account_label_access_expiry","Access expiry","Scadenza accesso","ok"
"my_account_label_confirm_password","Confirm new password","Conferma nuova password","ok"
"my_account_label_discord","Discord handle","Handle Discord","ok"
"my_account_label_email","Email address","Indirizzo e-mail","ok"
"my_account_label_new_password","New password","Nuova password","ok"
"my_account_label_preferred_lang","Preferred language","Lingua preferita","ok"
"my_account_label_role","Role","Ruolo","ok"
"my_account_label_telegram","Telegram handle","Handle Telegram","ok"
"my_account_label_user","Username","Nome utente","ok"
"my_account_load_error","Unable to load your account","Impossibile caricare il tuo account","ok"
"my_account_no_expiry","No expiry configured","Nessuna scadenza configurata","ok"
"my_account_notify_events","Notify me about account events","Avvisami degli eventi dell account","ok"
"my_account_notify_expiry","Notify me before access expires","Avvisami prima della scadenza dell accesso","ok"
"my_account_password_help","Change your password. Choose a strong password (min. 8 characters).","Cambia la password. Scegli una password sicura (min. 8 caratteri).","ok"
"my_account_password_min_hint","At least 8 characters","Almeno 8 caratteri","ok"
"my_account_password_mismatch","The passwords do not match","Le password non corrispondono","ok"
"my_account_password_too_short","The password must contain at least 8 characters","La password deve contenere almeno 8 caratteri","ok"
"my_account_password_update_error","Unable to update the password","Impossibile aggiornare la password","ok"
"my_account_password_updated","Password updated","Password aggiornata","ok"
"my_account_save_error","Unable to save your preferences","Impossibile salvare le tue preferenze","ok"
"my_account_save_preferences","Save preferences","Salva preferenze","ok"
"my_account_saved","Preferences saved","Preferenze salvate","ok"
"my_account_section_contact","Contact and preferences","Contatti e preferenze","ok"
"my_account_section_password","Password","Password","untranslated"
"my_account_section_profile","Profile summary","Riepilogo profilo","ok"
"my_account_subheading","Keep your contact details, delivery channels, language, and password up to date.","Mantieni aggiornati contatti, canali di consegna, lingua e password.","ok"
"my_account_subtitle","Manage your profile and preferences","Gestisci il tuo profilo e le preferenze","ok"
"my_account_update_password","Update password","Aggiorna password","ok"
"nav_automation","Automation","Automazione","ok"
"nav_dashboard","Dashboard","Panoramica","ok"
"nav_invitations","Invitations","Inviti","ok"
"nav_logout","Sign out","Esci","ok"
"nav_logs","Logs","Log","ok"
"nav_my_account","My Account","Il mio account","ok"
"nav_settings","Settings","Impostazioni","ok"
"nav_theme","Theme","Tema","ok"
"nav_users","Users","Utenti","ok"
"password_match","Passwords match","Le password corrispondono","ok"
"password_mismatch","Passwords do not match","Le password non corrispondono","ok"
"password_policy_missing","Missing requirements","Requisiti mancanti","ok"
"password_policy_ok","Password rules satisfied","Regole della password rispettate","ok"
"password_rule_at_least","at least {n} characters","almeno {n} caratteri","ok"
"password_rule_at_most","at most {n} characters","al massimo {n} caratteri","ok"
"password_rule_digit","one digit","una cifra","ok"
"password_rule_lower","one lowercase letter","una lettera minuscola","ok"
"password_rule_special","one special character","un carattere speciale","ok"
"password_rule_upper","one uppercase letter","una lettera maiuscola","ok"
"password_rules_chars","characters","caratteri","ok"
"password_rules_prefix","Rules:","Regole:","ok"
"reset_new_heading","New password","Nuova password","ok"
"reset_new_subheading","Choose a new secure password","Scegli una nuova password sicura","ok"
"reset_request_heading","Forgot password","Password dimenticata","ok"
"reset_request_subheading","Enter your identifier to receive a reset link","Inserisci il tuo identificatore per ricevere un link di reimpostazione","ok"
"reset_request_submit","Send reset link","Invia il link","ok"
"reset_submit","Reset password","Reimposta password","ok"
"reset_title","Password Reset","Reimposta password","ok"
"role_admin","Administrator","Amministratore","ok"
"role_user","User","Utente","ok"
"settings_backup_action_delete","Delete","Elimina","ok"
"settings_backup_action_export","Export","Esporta","ok"
"settings_backup_action_restore","Restore","Ripristina","ok"
"settings_backup_archives_desc","Restoration is prepared then applied on next JellyGate restart.","Backup Archives Desc","ok"
"settings_backup_archives_title","Available archives","Backup Archives Title","ok"
"settings_backup_col_actions","Actions","Backup Col Actions","ok"
"settings_backup_col_archive","Archive","Backup Col Archive","ok"
"settings_backup_col_date","Date","Backup Col Date","ok"
"settings_backup_col_size","Size","Backup Col Size","ok"
"settings_backup_create_now","Create backup now","Backup Create Now","ok"
"settings_backup_created","Backup created","Backup creato","ok"
"settings_backup_daily_time","Daily execution time","Backup Daily Time","ok"
"settings_backup_delete_confirm_prefix","Delete permanently","Elimina definitivamente","ok"
"settings_backup_delete_error","Delete failed","Eliminazione non riuscita","ok"
"settings_backup_deleted","Backup deleted","Backup eliminato","ok"
"settings_backup_desc","Configure automatic backups, create manual backups, import archives, and prepare a restoration.","Backup Desc","ok"
"settings_backup_enable_auto","Enable automatic backups","Backup Enable Auto","ok"
"settings_backup_error","Backup error","Errore di backup","ok"
"settings_backup_import_btn","Import","Backup Import Btn","ok"
"settings_backup_import_desc","Import a ZIP archive into JellyGate for later restoration. Export/Delete actions remain available below.","Backup Import Desc","ok"
"settings_backup_import_error","Import failed","Importazione non riuscita","ok"
"settings_backup_import_title","Import a backup","Backup Import Title","ok"
"settings_backup_imported","Backup imported","Backup importato","ok"
"settings_backup_list_empty","No backup available.","Backup List Empty","ok"
"settings_backup_list_load_error","Unable to load backups.","Backup List Load Error","ok"
"settings_backup_list_pg_unavailable","PostgreSQL mode: SQLite archives are unavailable. Use pg_dump/pg_restore.","Backup List Pg Unavailable","ok"
"settings_backup_manual_desc","Create an exportable ZIP archive (SQLite DB + settings + templates).","Backup Manual Desc","ok"
"settings_backup_manual_title","Manual backup","Backup Manual Title","ok"
"settings_backup_pg_mode_desc_1","Native JellyGate ZIP backups (SQLite) are disabled.","Backup Pg Mode Desc 1","ok"
"settings_backup_pg_mode_desc_2","Use pg_dump and pg_restore for PostgreSQL.","Backup Pg Mode Desc 2","ok"
"settings_backup_pg_mode_title","PostgreSQL mode detected","Backup Pg Mode Title","ok"
"settings_backup_pg_not_supported","Action not supported in PostgreSQL mode","Azione non supportata in modalita PostgreSQL","ok"
"settings_backup_pg_plan_unavailable","Local backup scheduler unavailable in PostgreSQL mode (use pg_dump/pg_restore)","Backup Pg Plan Unavailable","ok"
"settings_backup_restore_confirm_prefix","Prepare restoration for","Prepara il ripristino per","ok"
"settings_backup_restore_confirm_suffix","A restart is required.","E necessario un riavvio.","ok"
"settings_backup_restore_error","Restore failed","Ripristino non riuscito","ok"
"settings_backup_restore_ready","Restoration prepared. Restart JellyGate.","Ripristino pronto. Riavvia JellyGate.","ok"
"settings_backup_retention_fixed","Backups kept (fixed)","Backup Retention Fixed","ok"
"settings_backup_retention_help","JellyGate automatically keeps the latest 7 backups (including imports).","Backup Retention Help","ok"
"settings_backup_save_schedule","Save backup schedule","Backup Save Schedule","ok"
"settings_backup_select_zip","Select a .zip file","Seleziona un file .zip","ok"
"settings_backup_title","Backups and restoration","Backup Title","ok"
"settings_default_lang","Server default language","Lingua predefinita del server","ok"
"settings_default_lang_help","Language used when the user has no preference set","Lingua usata quando l utente non ha impostato preferenze","ok"
"settings_default_none","Default (none)","Predefinito (nessuno)","ok"
"settings_email_base_desc","This shared shell contains the HTML used by all emails. Simple message content is inserted automatically between these two blocks.","This shared shell contains the HTML used by all emails. Simple message content is inserted automatically between these two blocks.","untranslated"
"settings_email_base_footer","Base template: HTML footer","Base template: HTML footer","untranslated"
"settings_email_base_header","Base template: HTML header","Base template: HTML header","untranslated"
"settings_email_base_live_preview_desc","The render updates automatically while you edit the header or footer.","The render updates automatically while you edit the header or footer.","untranslated"
"settings_email_base_live_preview_title","Live base preview","Live base preview","untranslated"
"settings_email_base_preview","Preview base template","Preview base template","untranslated"
"settings_email_base_preview_demo","You received an invitation to join the Jellyfin server.

The button and direct link appear automatically below this message.","You received an invitation to join the Jellyfin server.

The button and direct link appear automatically below this message.","untranslated"
"settings_email_base_preview_desc","This preview shows the shared shell with a simple message and the standard automatic blocks.","This preview shows the shared shell with a simple message and the standard automatic blocks.","untranslated"
"settings_email_base_restore","Restore default base","Restore default base","untranslated"
"settings_email_base_title","Shared base template","Shared base template","untranslated"
"settings_email_base_variables_title","Advanced variables for the base template","Advanced variables for the base template","untranslated"
"settings_email_body_mode_desc","The editors below are no-code: plain text only, with support for variables such as {{.Username}}, {{.Email}}, or {{.ExpiryDate}}. Buttons, links, and system dates are added automatically in the final render.","The message editors below are no-code: plain text only. Buttons, links, and system dates are added automatically in the final render.","ok"
"settings_email_body_mode_title","Simple messages without markup","Simple messages without markup","untranslated"
"settings_email_delivery_desc","Enable only the emails or sections that JellyGate should send automatically.","Attiva solo le e-mail o le sezioni che JellyGate deve inviare automaticamente.","ok"
"settings_email_delivery_title","Optional messages","Messaggi opzionali","ok"
"settings_email_preview_close_aria","Close preview","Email Preview Close Aria","ok"
"settings_email_preview_desc","Preview the final render with the shared email wrapper and demonstration values.","Email Preview Desc","ok"
"settings_email_preview_title","Email template preview","Email Preview Title","ok"
"settings_email_reminder_days","N days before expiry","Email Reminder Days","ok"
"settings_email_reminder_schedule_desc","Define how many days before expiration an automatic reminder is sent.","Email Reminder Schedule Desc","ok"
"settings_email_reminder_schedule_title","Expiry reminder schedule","Email Reminder Schedule Title","ok"
"settings_email_section_lifecycle","Account lifecycle","Ciclo di vita dell account","ok"
"settings_email_section_onboarding","Signup and invitations","Registrazione e inviti","ok"
"settings_email_section_security","Security and recovery","Sicurezza e recupero","ok"
"settings_email_templates_desc","Write only the message content. JellyGate automatically inserts it into the shared email wrapper, and you can personalize the text with the available variables.","Modifica solo i messaggi che usi davvero. Le sezioni a destra rendono la pagina piu semplice.","ok"
"settings_email_templates_title","Email templates","Modelli e-mail","ok"
"settings_email_tpl_confirmation","Confirmation email","E-mail di conferma","ok"
"settings_email_tpl_confirmation_desc","Sent to confirm signup.","Email Tpl Confirmation Desc","ok"
"settings_email_tpl_email_verification","Email verification","Verifica e-mail","ok"
"settings_email_tpl_email_verification_desc","Sent to confirm a new or existing email address before account recovery and notifications.","Inviato per confermare un indirizzo e-mail nuovo o esistente prima del recupero account e delle notifiche.","ok"
"settings_email_tpl_email_verification_subject","Email verification subject","Oggetto verifica e-mail","ok"
"settings_email_tpl_email_verification_subject_desc","Subject line for email verification messages. Variables are supported.","Oggetto dei messaggi di verifica e-mail. Le variabili sono supportate.","ok"
"settings_email_tpl_expiry_adjusted","Expiry adjusted","Scadenza aggiornata","ok"
"settings_email_tpl_expiry_adjusted_desc","Sent when account expiry date is modified.","Email Tpl Expiry Adjusted Desc","ok"
"settings_email_tpl_expiry_reminder","Expiry reminder","Promemoria di scadenza","ok"
"settings_email_tpl_expiry_reminder_1","Expiry reminder D-1","Promemoria di scadenza G-1","ok"
"settings_email_tpl_expiry_reminder_14","Expiry reminder D-14","Promemoria di scadenza G-14","ok"
"settings_email_tpl_expiry_reminder_14_desc","Template sent 14 days before expiration.","Email Tpl Expiry Reminder 14 Desc","ok"
"settings_email_tpl_expiry_reminder_1_desc","Template sent 1 day before expiration.","Email Tpl Expiry Reminder 1 Desc","ok"
"settings_email_tpl_expiry_reminder_7","Expiry reminder D-7","Promemoria di scadenza G-7","ok"
"settings_email_tpl_expiry_reminder_7_desc","Template sent 7 days before expiration.","Email Tpl Expiry Reminder 7 Desc","ok"
"settings_email_tpl_expiry_reminder_desc","Automatic notification before account expiry.","Email Tpl Expiry Reminder Desc","ok"
"settings_email_tpl_invitation","Invitation email","E-mail di invito","ok"
"settings_email_tpl_invitation_desc","Main message guiding users to Jellyfin access.","Email Tpl Invitation Desc","ok"
"settings_email_tpl_invite_expiry","Invitation expiry","Scadenza invito","ok"
"settings_email_tpl_invite_expiry_desc","Reminder that an invitation link will expire soon.","Email Tpl Invite Expiry Desc","ok"
"settings_email_tpl_password_reset","Password reset","Reimpostazione password","ok"
"settings_email_tpl_password_reset_desc","Contains reset link/code sent to user.","Email Tpl Password Reset Desc","ok"
"settings_email_tpl_post_signup_help","Post-signup help","Aiuto dopo l iscrizione","ok"
"settings_email_tpl_post_signup_help_desc","Instructions after account creation.","Email Tpl Post Signup Help Desc","ok"
"settings_email_tpl_pre_signup_help","Pre-signup help","Aiuto prima dell iscrizione","ok"
"settings_email_tpl_pre_signup_help_desc","Guidance before creating the account.","Email Tpl Pre Signup Help Desc","ok"
"settings_email_tpl_user_creation","User creation","Account creato","ok"
"settings_email_tpl_user_creation_desc","Confirms account creation by an administrator.","Email Tpl User Creation Desc","ok"
"settings_email_tpl_user_deletion","User deletion","Account eliminato","ok"
"settings_email_tpl_user_deletion_desc","Notification that an account was deleted.","Email Tpl User Deletion Desc","ok"
"settings_email_tpl_user_deletion_disable_notice","Do not send this email on user deletion","Email Tpl User Deletion Disable Notice","ok"
"settings_email_tpl_user_disabled","User disabled","Account disattivato","ok"
"settings_email_tpl_user_disabled_desc","Sent when an account is disabled.","Email Tpl User Disabled Desc","ok"
"settings_email_tpl_user_enabled","User enabled","Account riattivato","ok"
"settings_email_tpl_user_enabled_desc","Sent when an account is re-enabled.","Email Tpl User Enabled Desc","ok"
"settings_email_tpl_user_expired","User expired","Account scaduto","ok"
"settings_email_tpl_user_expired_desc","Sent when an account expires automatically.","Email Tpl User Expired Desc","ok"
"settings_email_tpl_welcome","Welcome","Benvenuto","ok"
"settings_email_tpl_welcome_desc","Global post-signup welcome message.","Email Tpl Welcome Desc","ok"
"settings_email_var_email","email address","Email Var Email","ok"
"settings_email_var_expires_in","validity duration","Email Var Expires In","ok"
"settings_email_var_expiry_date","expiry date","Email Var Expiry Date","ok"
"settings_email_var_help_url","support / onboarding URL","Email Var Help Url","ok"
"settings_email_var_invite_code","invitation code","Email Var Invite Code","ok"
"settings_email_var_invite_link","invitation link","Email Var Invite Link","ok"
"settings_email_var_jellyfin_url","Jellyfin login URL","Email Var Jellyfin Url","ok"
"settings_email_var_jellygate_url","public JellyGate URL","Email Var Jellygate Url","ok"
"settings_email_var_jellyseerr_url","Jellyseerr URL","Email Var Jellyseerr Url","ok"
"settings_email_var_message","custom message (admin invitation)","Email Var Message","ok"
"settings_email_var_reset_code","reset code","Email Var Reset Code","ok"
"settings_email_var_reset_link","reset link","Email Var Reset Link","ok"
"settings_email_var_username","username","Email Var Username","ok"
"settings_email_var_verification_code","email verification code","codice di verifica e-mail","ok"
"settings_email_var_verification_link","email verification link","link di verifica e-mail","ok"
"settings_email_variable_insert","Insert","Inserisci","ok"
"settings_email_variable_picker_label","Variable to insert","Variabile da inserire","ok"
"settings_email_variable_picker_placeholder","Choose a variable","Scegli una variabile","ok"
"settings_email_variables_title","Available variables","Email Variables Title","ok"
"settings_expiry_action_delete","Delete","Expiry Action Delete","ok"
"settings_expiry_action_disable","Disable","Expiry Action Disable","ok"
"settings_expiry_action_disable_then_delete","Disable then delete","Expiry Action Disable Then Delete","ok"
"settings_general_desc","Configure JellyGate global settings","Configura le impostazioni globali di JellyGate","ok"
"settings_general_title","General Settings","Impostazioni generali","ok"
"settings_host_required","Host *","Server *","ok"
"settings_invite_allow_inviter_grant","Allow inviters to let the new account create invitations","Allow inviters to let the new account create invitations","untranslated"
"settings_invite_allow_inviter_user_expiry","Allow inviters to customize user expiry","Invite Allow Inviter User Expiry","ok"
"settings_invite_delete_after_days","Delete account after (days)","Invite Delete After Days","ok"
"settings_invite_disable_after_days","Disable account after (days)","Invite Disable After Days","ok"
"settings_invite_enable_downloads","Allow direct downloads","Invite Enable Downloads","ok"
"settings_invite_expiry_action","Action on expiry","Invite Expiry Action","ok"
"settings_invite_inviter_max_link_hours","Max link TTL (hours, non-admin inviters)","Invite Inviter Max Link Hours","ok"
"settings_invite_inviter_max_uses","Max uses (non-admin inviters)","Invite Inviter Max Uses","ok"
"settings_invite_inviter_quota_day","Invite links quota / day (inviter)","Invite Inviter Quota Day","ok"
"settings_invite_inviter_quota_month","Invite links quota / month (inviter)","Invite Inviter Quota Month","ok"
"settings_invite_inviter_quota_week","Invite links quota / week (inviter)","Invite Inviter Quota Week","ok"
"settings_invite_password_max","Password max","Invite Password Max","ok"
"settings_invite_password_min","Password min","Invite Password Min","ok"
"settings_invite_profile_clone_user","Clone Jellyfin profile","Invite Profile Clone User","ok"
"settings_invite_profile_desc","These rules are automatically applied to each new invitation. Non-admin users cannot modify them from invitation creation.","Invite Profile Desc","ok"
"settings_invite_profile_preset","Jellyfin preset","Invite Profile Preset","ok"
"settings_invite_profile_title","Invitation profile","Invite Profile Title","ok"
"settings_invite_require_email","Email required at signup","E-mail obbligatoria alla registrazione","ok"
"settings_invite_require_email_verification","Verify email before account creation","Verificare l email prima di creare l account","ok"
"settings_invite_username_max","Username max","Invite Username Max","ok"
"settings_invite_username_min","Username min","Invite Username Min","ok"
"settings_ldap_base_dn","Base DN *","DN base *","ok"
"settings_ldap_bind_dn","Bind DN *","DN bind *","ok"
"settings_ldap_bind_password","Bind password *","Password bind *","ok"
"settings_ldap_desc","Connect JellyGate to your directory via LDAP/LDAPS","Collega JellyGate alla directory tramite LDAP o LDAPS","ok"
"settings_ldap_domain","AD domain *","Dominio AD *","ok"
"settings_ldap_group_admin","LDAP administrators group","Gruppo LDAP amministratori","ok"
"settings_ldap_group_admin_help","This group targets full-control accounts.","Questo gruppo e destinato agli account con controllo completo.","ok"
"settings_ldap_group_inviter","LDAP inviter group","Gruppo LDAP invitatori","ok"
"settings_ldap_group_inviter_help","This group grants normal access and invite rights.","Questo gruppo concede accesso normale e permessi di invito.","ok"
"settings_ldap_group_member_attr","Group member attribute","Attributo membro gruppo","ok"
"settings_ldap_group_member_attr_help","Set to member (AD/groupOfNames) or memberUid (posixGroup).","Usa member (AD/groupOfNames) o memberUid (posixGroup).","ok"
"settings_ldap_group_users","LDAP users group","Gruppo LDAP utenti","ok"
"settings_ldap_group_users_help","Automatically assigned to standard users.","Assegnato automaticamente agli utenti standard.","ok"
"settings_ldap_mode_hybrid","Hybrid (LDAP + Jellyfin)","Ibrido (LDAP + Jellyfin)","ok"
"settings_ldap_mode_ldap_only","LDAP only (no Jellyfin API user creation)","Solo LDAP (nessuna creazione utenti via API Jellyfin)","ok"
"settings_ldap_provision_mode","Provisioning mode","Modalita di provisioning","ok"
"settings_ldap_skip_verify","Skip TLS certificate verification","Ignora verifica certificato TLS","ok"
"settings_ldap_test_connection_btn","Test LDAP connection","Testa connessione LDAP","ok"
"settings_ldap_test_credentials_required","Enter test username and password for Jellyfin LDAP plugin validation.","Inserisci utente e password di test per verificare il plugin LDAP di Jellyfin.","ok"
"settings_ldap_test_failed","Test failed","Test non riuscito","ok"
"settings_ldap_test_jellyfin_btn","Test Jellyfin login (LDAP plugin)","Testa login Jellyfin (plugin LDAP)","ok"
"settings_ldap_test_password","Test password","Password di test","ok"
"settings_ldap_test_running","Test in progress...","Test in corso...","ok"
"settings_ldap_test_success","Test succeeded","Test riuscito","ok"
"settings_ldap_test_user_btn","Test user lookup","Testa ricerca utente","ok"
"settings_ldap_test_username","Test user identifier","Identificatore utente di test","ok"
"settings_ldap_test_username_required","Enter a test user identifier.","Inserisci un identificatore utente di test.","ok"
"settings_ldap_tests_desc","These tests do not save configuration. They validate LDAP connection, user lookup with the configured login attribute, then Jellyfin LDAP plugin authentication.","Questi test non salvano la configurazione. Verificano connessione LDAP, ricerca utente con attributo di login configurato e poi autenticazione tramite plugin LDAP di Jellyfin.","ok"
"settings_ldap_tests_title","LDAP tests and Jellyfin LDAP plugin","Test LDAP e plugin LDAP Jellyfin","ok"
"settings_ldap_title","Active Directory / LDAP","Active Directory / LDAP","untranslated"
"settings_ldap_tls","LDAPS (TLS)","LDAPS (TLS)","untranslated"
"settings_ldap_user_object_class","User objectClass","objectClass utente","ok"
"settings_ldap_user_object_class_help","Set to auto for detection, or force values like user, person, inetOrgPerson, posixAccount.","Usa auto per il rilevamento oppure forza user, person, inetOrgPerson, posixAccount.","ok"
"settings_ldap_user_ou","User OU","OU utenti","ok"
"settings_ldap_username_attr_ad","sAMAccountName (Active Directory)","sAMAccountName (Active Directory)","untranslated"
"settings_ldap_username_attr_auto","Auto-detect (AD/OpenLDAP)","Rilevamento automatico (AD/OpenLDAP)","ok"
"settings_ldap_username_attr_cn","cn (common name)","cn (nome comune)","ok"
"settings_ldap_username_attr_uid","uid (OpenLDAP / Synology)","uid (OpenLDAP / Synology)","untranslated"
"settings_ldap_username_attr_upn","userPrincipalName (UPN)","userPrincipalName (UPN)","untranslated"
"settings_ldap_username_attribute","User login attribute","Attributo di accesso utente","ok"
"settings_ldap_username_attribute_help","Pick the LDAP attribute used to identify users (uid on Synology/OpenLDAP, sAMAccountName on Active Directory).","Scegli l attributo LDAP usato per identificare gli utenti (uid su Synology/OpenLDAP, sAMAccountName su Active Directory).","ok"
"settings_loading","Loading...","Caricamento...","ok"
"settings_matrix_access_token","Access token","Matrix Access Token","ok"
"settings_matrix_homeserver_url","Homeserver URL","Matrix Homeserver Url","ok"
"settings_matrix_room_id","Room ID","Matrix Room Id","ok"
"settings_open_jellyfin","Open Jellyfin","Apri Jellyfin","ok"
"settings_open_jellygate_public","Open public JellyGate","Apri JellyGate pubblico","ok"
"settings_open_jellyseerr","Open Jellyseerr","Apri Jellyseerr","ok"
"settings_open_jellytrack","Open jellytrack","Apri jellytrack","ok"
"settings_overview_backup_desc","Plan backups, import archives, and prepare a safe restoration.","Pianifica backup, importa archivi e prepara un ripristino sicuro.","ok"
"settings_overview_desc","Move quickly between language defaults, identity, delivery channels, templates, and recovery workflows.","Passa rapidamente tra lingua predefinita, identitÃ , canali di invio, modelli e ripristino.","ok"
"settings_overview_general_desc","Public URLs, default language, and invitation defaults.","URL pubblici, lingua predefinita e regole base degli inviti.","ok"
"settings_overview_ldap_desc","Directory connection, provisioning mode, groups, and validation tests.","Connessione alla directory, modalitÃ  di provisioning, gruppi e test di validazione.","ok"
"settings_overview_smtp_desc","Outgoing email transport used for invitations and password recovery.","Trasporto e-mail usato per inviti e recupero password.","ok"
"settings_overview_templates_desc","Edit every email scenario and preview the rendered message.","Modifica ogni scenario e-mail e controlla l'anteprima renderizzata.","ok"
"settings_overview_title","Service control","Centro servizi","ok"
"settings_overview_webhooks_desc","Discord, Telegram, and Matrix notifications for registration activity.","Notifiche Discord, Telegram e Matrix per nuove registrazioni.","ok"
"settings_password_digit_required","Digit required","Password Digit Required","ok"
"settings_password_lower_required","Lowercase required","Password Lower Required","ok"
"settings_password_special_required","Special character required","Password Special Required","ok"
"settings_password_upper_required","Uppercase required","Password Upper Required","ok"
"settings_port","Port","Porta","ok"
"settings_preset_fallback","Preset","Preset","untranslated"
"settings_preview_button","Preview","Anteprima","ok"
"settings_preview_impossible","Preview unavailable","Anteprima non disponibile","ok"
"settings_preview_loading","Loading preview...","Caricamento anteprima...","ok"
"settings_public_jellyfin_help","Used in buttons and email templates via","Public Jellyfin Help","ok"
"settings_public_jellyfin_url","Public Jellyfin URL","URL pubblico di Jellyfin","ok"
"settings_public_jellygate_help","Used for invitation links and templates via","Public Jellygate Help","ok"
"settings_public_jellygate_url","Public JellyGate URL","URL pubblico di JellyGate","ok"
"settings_public_jellyseerr_help","Available in templates via","Public Jellyseerr Help","ok"
"settings_public_jellyseerr_url","Public Jellyseerr URL","URL pubblico di Jellyseerr","ok"
"settings_public_jellytrack_help","Available in templates via","Public jellytrack Help","ok"
"settings_public_jellytrack_url","Public jellytrack URL","URL pubblico di jellytrack","ok"
"settings_quick_links","Quick links","Collegamenti rapidi","ok"
"settings_save_error","Save failed","Salvataggio non riuscito","ok"
"settings_save_invite_profile","Save invitation profile","Salva profilo invito","ok"
"settings_save_ldap","Save LDAP settings","Salva impostazioni LDAP","ok"
"settings_save_smtp","Save SMTP","Salva SMTP","ok"
"settings_save_templates","Save templates","Salva modelli","ok"
"settings_save_webhooks","Save Webhooks","Salva webhook","ok"
"settings_saved","Settings saved","Impostazioni salvate","ok"
"settings_smtp_desc","Configure email sending (invitations, password reset)","Configura l invio delle e-mail per inviti e reimpostazione password","ok"
"settings_smtp_from","Sender address *","Smtp From","ok"
"settings_smtp_password","Password *","Smtp Password","ok"
"settings_smtp_starttls","STARTTLS / TLS","Smtp Starttls","ok"
"settings_smtp_title","SMTP server","Server SMTP","ok"
"settings_smtp_username","Username *","Smtp Username","ok"
"settings_subheading","Configure external services from this interface","Configura i servizi esterni da questa interfaccia","ok"
"settings_tab_backup","Backups","Backup","ok"
"settings_tab_email_templates","Email Templates","Modelli e-mail","ok"
"settings_tab_general","General","Generale","ok"
"settings_tab_ldap","LDAP","LDAP","untranslated"
"settings_tab_smtp","SMTP","SMTP","untranslated"
"settings_tab_webhooks","Webhooks","Webhooks","untranslated"
"settings_telegram_bot_token","Bot token","Telegram Bot Token","ok"
"settings_telegram_chat_id","Chat ID","Telegram Chat Id","ok"
"settings_template_empty","Template is empty.","Il modello e vuoto.","ok"
"settings_webhook_url","Webhook URL","URL webhook","ok"
"settings_webhooks_desc","Receive notifications when a user registers","Ricevi notifiche quando un utente si registra","ok"
"settings_webhooks_title","Webhook notifications","Notifiche webhook","ok"
"settings_zero_no_extra_limit","0 = no extra limit.","Zero No Extra Limit","ok"
"settings_zero_unlimited","0 = unlimited.","Zero Unlimited","ok"
"stat_active_users","Active","Attivi","ok"
"stat_banned_users","Banned","Bloccati","ok"
"stat_invitations","Invitations","Inviti","ok"
"stat_total_users","Users","Utenti","ok"
"status_active","Active","Attivo","ok"
"status_banned","Banned","Bloccato","ok"
"status_inactive","Inactive","Inattivo","ok"
"submitting","Creating account...","Creazione account...","ok"
"success","Success","Operazione riuscita","ok"
"users_action_activate","Activate account","Attiva account","ok"
"users_action_activate_help","Re-enable the selected accounts without changing their other settings.","Riattiva gli account selezionati senza cambiare le altre impostazioni.","ok"
"users_action_apply_preset","Apply Jellyfin preset","Applica preset Jellyfin","ok"
"users_action_apply_preset_help","Push a predefined Jellyfin policy preset to every selected account.","Applica una policy Jellyfin predefinita a tutti gli account selezionati.","ok"
"users_action_deactivate","Disable account","Disattiva account","ok"
"users_action_deactivate_help","Temporarily block access for the selected accounts.","Blocca temporaneamente l'accesso agli account selezionati.","ok"
"users_action_delete","Delete account","Elimina account","ok"
"users_action_delete_help","Permanently remove the selected accounts from every configured backend.","Rimuove definitivamente gli account selezionati da tutti i backend configurati.","ok"
"users_action_jellyfin_policy","Adjust Jellyfin policy","Modifica policy Jellyfin","ok"
"users_action_jellyfin_policy_help","Override downloads, remote access, sessions, or bitrate limits in bulk.","Aggiorna in blocco download, accesso remoto, sessioni o limiti di bitrate.","ok"
"users_action_send_email","Send email","Invia e-mail","ok"
"users_action_send_email_help","Write a one-off message and deliver it to the selected users.","Scrivi un messaggio una tantum e invialo agli utenti selezionati.","ok"
"users_action_send_password_reset","Send password reset","Invia reset password","ok"
"users_action_send_password_reset_help","Trigger a password reset email for every selected account.","Invia un'e-mail di reset password per ogni account selezionato.","ok"
"users_action_set_expiry","Set access expiry","Imposta scadenza accesso","ok"
"users_action_set_expiry_help","Define or clear the access expiration date on the selected users.","Imposta o rimuove la data di scadenza per gli utenti selezionati.","ok"
"users_action_set_invite","Update invite rights","Aggiorna diritti di invito","ok"
"users_action_set_invite_help","Grant or remove invitation rights on the selected accounts.","Concede o revoca i diritti di invito agli account selezionati.","ok"
"users_allow_invite","Can invite","PuÃ² invitare","ok"
"users_apply","Apply","Applica","ok"
"users_bulk_action_failed","Bulk action failed","Azione massiva non riuscita","ok"
"users_bulk_action_generic","Bulk action","Azione massiva","ok"
"users_bulk_action_on","for","per","ok"
"users_bulk_action_placeholder","Choose a bulk action","Scegli un'azione massiva","ok"
"users_bulk_assistant_desc","Select the right users first, then configure the action with as little rework as possible.","Seleziona prima gli utenti corretti e poi configura l'azione riducendo al minimo gli errori.","ok"
"users_bulk_blocked_prefix","Blocked","Bloccato","ok"
"users_bulk_choose_action","Choose an action","Scegli azione","ok"
"users_bulk_complete_required","Complete the required parameters","Completa i campi obbligatori","ok"
"users_bulk_config_ready","Configuration looks valid","Configurazione valida","ok"
"users_bulk_confirm_template","{action}`n`nTarget users: {count}`nConfirm execution?","{action}`n`nUtenti interessati: {count}`nConfermare l esecuzione?","ok"
"users_bulk_desc","Select users, choose an action, then validate the required parameters before execution.","Seleziona gli utenti, scegli un'azione e valida i parametri obbligatori prima dell'esecuzione.","ok"
"users_bulk_done","Action completed: {success}/{total} success","Azione completata: {success}/{total} riuscite","ok"
"users_bulk_email","Bulk email","E-mail massiva","ok"
"users_bulk_email_body","Message body","Corpo del messaggio","ok"
"users_bulk_email_open","Open the bulk email assistant","Apri l'assistente e-mail massiva","ok"
"users_bulk_email_subject","Email subject","Oggetto e-mail","ok"
"users_bulk_email_variables","Available variables","Variabili disponibili","ok"
"users_bulk_instructions","The assistant prevents incomplete actions before execution. Select users, choose the action, then finish the required fields.","L'assistente blocca le azioni incomplete prima dell'esecuzione. Seleziona utenti, scegli l'azione e completa i campi richiesti.","ok"
"users_bulk_jellyfin_invalid","One or more Jellyfin policy values are invalid.","Uno o piÃ¹ valori della policy Jellyfin non sono validi.","ok"
"users_bulk_need_email_body","Enter both the email subject and message body.","Inserisci sia l'oggetto sia il testo del messaggio.","ok"
"users_bulk_need_expiry","Set an expiry date or choose to clear the existing one.","Imposta una data di scadenza oppure scegli di cancellare quella esistente.","ok"
"users_bulk_need_jellyfin_param","Change at least one Jellyfin policy setting.","Modifica almeno un parametro della policy Jellyfin.","ok"
"users_bulk_need_preset","Choose a Jellyfin preset before continuing.","Seleziona un preset Jellyfin prima di continuare.","ok"
"users_bulk_no_extra_params","This action does not need extra parameters.","Questa azione non richiede parametri aggiuntivi.","ok"
"users_bulk_none","none","nessuna","ok"
"users_bulk_ready_suffix","ready to apply","pronto da applicare","ok"
"users_bulk_select_one","Select at least one user.","Seleziona almeno un utente.","ok"
"users_bulk_select_preset","Choose a preset","Scegli preset","ok"
"users_bulk_selected_suffix","users selected","utenti selezionati","ok"
"users_bulk_step_action","Choose action","Scegli azione","ok"
"users_bulk_step_select","Select users","Seleziona utenti","ok"
"users_bulk_step_verify","Validate config","Verifica configurazione","ok"
"users_bulk_summary_placeholder","Your action summary will appear here.","Qui apparirÃ  il riepilogo dell'azione.","ok"
"users_bulk_title","Bulk assistant","Assistente massivo","ok"
"users_bulk_valid_prefix","Valid","Valido","ok"
"users_clear_expiry","Clear expiry","Rimuovi scadenza","ok"
"users_close","Close","Chiudi","ok"
"users_col_expiry","Expiry","Scadenza","ok"
"users_col_group","Group","Gruppo","ok"
"users_col_invite","Invite","Invito","ok"
"users_delete_confirm","Delete permanently","Elimina definitivamente","ok"
"users_delete_confirm_template","User ""{username}"" will be deleted from AD, Jellyfin, and the local database. This action is irreversible.","L utente ""{username}"" verra eliminato da AD, Jellyfin e dal database locale. Questa azione e irreversibile.","ok"
"users_delete_confirm_title","Confirm deletion","Conferma eliminazione","ok"
"users_delete_error","Unable to delete this user.","Impossibile eliminare l'utente.","ok"
"users_delete_title","Delete user","Elimina utente","ok"
"users_deleted","User deleted","Utente eliminato","ok"
"users_displayed_count","displayed /","visualizzati /","ok"
"users_edit","Edit","Modifica","ok"
"users_edit_title","Edit account","Modifica account","ok"
"users_filter_expiry_active","With expiry date","Con data di scadenza","ok"
"users_filter_expiry_expired","Already expired","GiÃ  scaduti","ok"
"users_filter_expiry_none","No expiry date","Senza scadenza","ok"
"users_filter_extra_all","Any extra signal","Qualsiasi segnale extra","ok"
"users_filter_invite_all","Any invite state","Qualsiasi stato invito","ok"
"users_filter_invite_disabled","Invite disabled","Invito disabilitato","ok"
"users_filter_invite_enabled","Invite enabled","Invito abilitato","ok"
"users_filter_jellyfin_all","Any Jellyfin state","Qualsiasi stato Jellyfin","ok"
"users_filter_jellyfin_disabled","Jellyfin disabled","Jellyfin disabilitato","ok"
"users_filter_jellyfin_missing","Missing in Jellyfin","Assente in Jellyfin","ok"
"users_filter_jellyfin_ok","Healthy in Jellyfin","Jellyfin operativo","ok"
"users_filter_status_all","Any account status","Qualsiasi stato account","ok"
"users_filter_with_email","Has email address","Con indirizzo e-mail","ok"
"users_filter_without_email","No email address","Senza indirizzo e-mail","ok"
"users_filters_clear","Clear filters","Cancella filtri","ok"
"users_filters_desc","Combine search, state, Jellyfin sync, invitation rights, and expiry signals.","Combina ricerca, stato, sincronizzazione Jellyfin, diritti di invito e segnali di scadenza.","ok"
"users_filters_none","No active filters.","Nessun filtro attivo.","ok"
"users_filters_title","Find the right accounts","Trova gli account giusti","ok"
"users_heading","User Management","Gestione utenti","ok"
"users_jellyfin_disabled","Jellyfin disabled","Jellyfin disattivato","ok"
"users_jellyfin_missing","Jellyfin missing","Assente in Jellyfin","ok"
"users_jf_bitrate_placeholder","Remote bitrate limit (kbps)","Limite bitrate remoto (kbps)","ok"
"users_jf_download_allowed","Downloads allowed","Download consentiti","ok"
"users_jf_download_blocked","Downloads blocked","Download bloccati","ok"
"users_jf_download_unchanged","Keep current download policy","Mantieni la policy download attuale","ok"
"users_jf_remote_allowed","Remote access allowed","Accesso remoto consentito","ok"
"users_jf_remote_blocked","Remote access blocked","Accesso remoto bloccato","ok"
"users_jf_remote_unchanged","Keep current remote policy","Mantieni la policy remota attuale","ok"
"users_jf_sessions_placeholder","Max active sessions","Sessioni attive massime","ok"
"users_live_filters_desc","See the active constraints before applying a bulk action.","Controlla i vincoli attivi prima di applicare un'azione massiva.","ok"
"users_live_filters_title","Filter snapshot","Riepilogo filtri","ok"
"users_load_error","Unable to load users","Impossibile caricare gli utenti","ok"
"users_load_error_details","The users list could not be loaded.","Impossibile caricare l'elenco utenti.","ok"
"users_no","No","No","untranslated"
"users_no_filter_match","No account matches the current filters.","Nessun account corrisponde ai filtri attuali.","ok"
"users_no_local","No local accounts found yet.","Nessun account locale trovato.","ok"
"users_overview_expiring","Expired access","Accessi scaduti","ok"
"users_overview_filtered","Visible now","Visibili ora","ok"
"users_overview_inviters","Can invite","Possono invitare","ok"
"users_overview_total","Total accounts","Account totali","ok"
"users_reset","Reset","Reset","untranslated"
"users_reset_error","Unable to send the password reset message.","Impossibile inviare il messaggio di reset password.","ok"
"users_reset_sent","Password reset link sent to {username}","Link di reset password inviato a {username}","ok"
"users_search_placeholder","Search...","Cerca...","ok"
"users_segment_access","Access policy","Politica di accesso","ok"
"users_segment_accounts","Account state","Stato account","ok"
"users_segment_delivery","Communication","Comunicazione","ok"
"users_select_filtered","Select filtered","Seleziona filtrati","ok"
"users_selection_clear","Clear selection","Cancella selezione","ok"
"users_selection_desc","Review the exact accounts that will be affected next.","Verifica esattamente quali account saranno coinvolti nel prossimo passaggio.","ok"
"users_selection_empty","No users selected yet.","Nessun utente selezionato.","ok"
"users_selection_more","+{count} more","+{count} altri","ok"
"users_selection_title","Selection snapshot","Riepilogo selezione","ok"
"users_subheading","Manage accounts, enable or delete users","Gestisci gli account, abilita o elimina gli utenti","ok"
"users_subheading_extended","Manage local accounts, Jellyfin sync state, invitation rights, and expiry rules from one control room.","Gestisci account locali, stato di sincronizzazione Jellyfin, diritti di invito e regole di scadenza da un'unica cabina di controllo.","ok"
"users_sync_confirm","Launch a synchronization against Jellyfin now?","Avviare ora una sincronizzazione con Jellyfin?","ok"
"users_sync_done","Jellyfin sync completed","Sincronizzazione Jellyfin completata","ok"
"users_sync_error","Jellyfin sync failed","Sincronizzazione Jellyfin non riuscita","ok"
"users_sync_jellyfin","Sync Jellyfin","Sincronizza Jellyfin","ok"
"users_sync_jellyfin_title","Refresh local data from Jellyfin","Aggiorna i dati locali da Jellyfin","ok"
"users_sync_network_error","Network error during Jellyfin synchronization","Errore di rete durante la sincronizzazione Jellyfin","ok"
"users_table_desc","Inspect each local account, then edit, reset, trace, enable, or delete in one click.","Controlla ogni account locale e poi modifica, reimposta, traccia, abilita o elimina con un clic.","ok"
"users_table_title","Accounts list","Elenco account","ok"
"users_timeline_critical","Critical","Critico","ok"
"users_timeline_empty","No timeline events found for this user.","Nessun evento trovato nella cronologia di questo utente.","ok"
"users_timeline_important","Important","Importante","ok"
"users_timeline_info","Info","Info","untranslated"
"users_timeline_load_error","Unable to load the user timeline.","Impossibile caricare la cronologia dell'utente.","ok"
"users_timeline_subtitle","{username} ({email})","{username} ({email})","untranslated"
"users_timeline_title","User timeline","Cronologia utente","ok"
"users_timeline_trace","Trace","Traccia","ok"
"users_title","Users","Utenti","ok"
"users_toggle_error","Unable to update the account status.","Impossibile aggiornare lo stato dell'account.","ok"
"users_toggle_updated","Account status updated","Stato account aggiornato","ok"
"users_toolbar_desc","Start with a filter, then use the bulk assistant or one-click actions on the right accounts.","Parti da un filtro e poi usa l'assistente massivo o le azioni dirette sugli account corretti.","ok"
"users_toolbar_title","User operations","Operazioni utenti","ok"
"users_update_error","Unable to save account changes.","Impossibile salvare le modifiche dell'account.","ok"
"users_updated","Account updated","Account aggiornato","ok"
"users_yes","Yes","SÃ¬","ok"
"verify_email_invite_expired_heading","Verification link expired","Link di verifica scaduto","ok"
"verify_email_invite_expired_message","This signup confirmation link has expired. Submit the invitation form again to receive a new email.","Questo link di conferma della registrazione e scaduto. Invia di nuovo il modulo di invito per ricevere una nuova email.","ok"
"verify_email_invite_failed_heading","Account creation failed","Impossibile creare l account","ok"
"verify_email_invite_failed_message","We could not finish creating your account from this invitation. Submit the invitation form again or ask for a new invitation.","Non siamo riusciti a completare la creazione del tuo account da questo invito. Invia di nuovo il modulo o chiedi un nuovo invito.","ok"
"verify_email_invite_success_heading","Email verified, account created","Email verificata, account creato","ok"
"verify_email_invite_success_message","Your email address has been confirmed and your account is now ready. You can sign in to Jellyfin.","Il tuo indirizzo email e stato confermato e il tuo account e pronto. Ora puoi accedere a Jellyfin.","ok"
"view_all","View all","Vedi tutto","ok"