key,english,nl,status
"app_description","Invitation and user manager for Jellyfin","Uitnodigings- en gebruikersbeheer voor Jellyfin","ok"
"automation_add","Add","Toevoegen","ok"
"automation_col_bitrate","Bitrate (kbps)","Kolom bitrate","ok"
"automation_col_delete_days","Delete after (days)","Kolom verwijderen dagen","ok"
"automation_col_disable_days","Disable after (days)","Kolom uitschakelen dagen","ok"
"automation_col_download","Downloads","Kolom download","ok"
"automation_col_group","Group","Kolom groep","ok"
"automation_col_id","ID","Kolom id","ok"
"automation_col_last_run","Last run","Kolom laatste uitvoering","ok"
"automation_col_ldap_dn_optional","LDAP DN (optional)","Kolom ldap dn optioneel","ok"
"automation_col_name","Name","Kolom naam","ok"
"automation_col_payload","Payload","Kolom payload","ok"
"automation_col_preset_target","Target preset","Kolom preset doel","ok"
"automation_col_remote","Remote access","Kolom extern","ok"
"automation_col_schedule","Schedule","Kolom planning","ok"
"automation_col_sessions","Sessions","Kolom sessies","ok"
"automation_col_source","Source","Kolom bron","ok"
"automation_col_type","Type","Kolom type","ok"
"automation_create","Create","Maken","ok"
"automation_delete","Delete","Verwijderen","ok"
"automation_disable","Disable","Uitschakelen","ok"
"automation_enable","Enable","Inschakelen","ok"
"automation_error_group_mappings","Unable to load group mappings.","Fout groep toewijzingen","ok"
"automation_error_presets","Unable to load presets.","Fout presets","ok"
"automation_error_tasks","Unable to load tasks.","Fout taken","ok"
"automation_group_mappings_desc","Map LDAP or application groups to Jellyfin presets.","Koppel groepen aan een Jellyfin-preset.","ok"
"automation_group_mappings_title","Group mappings","Groepstoewijzingen","ok"
"automation_guidance_desc","Start with Jellyfin access presets, attach them to groups, then schedule the recurring jobs that keep everything in sync.","Begin met Jellyfin-toegangspresets, koppel ze aan groepen en plan daarna de terugkerende taken die alles synchroon houden.","ok"
"automation_guidance_title","Keep presets, groups, and schedules aligned.","Houd presets, groepen en planningen op elkaar afgestemd.","ok"
"automation_kicker","Automation control room","Automatiseringscentrale","ok"
"automation_mappings_saved","Group mappings saved.","Toewijzingen opgeslagen","ok"
"automation_new_preset","New preset","Nieuw preset","ok"
"automation_no_group_mappings","No group mappings configured.","Geen groep toewijzingen","ok"
"automation_no_presets","No presets configured.","Geen presets","ok"
"automation_no_tasks","No scheduled tasks.","Geen taken","ok"
"automation_presets_desc","Define the reusable Jellyfin access baseline that can be applied manually or through group mappings.","Definieer de herbruikbare Jellyfin-toegangsbasis die handmatig of via groepstoewijzingen kan worden toegepast.","ok"
"automation_presets_saved","Presets saved.","Presets opgeslagen","ok"
"automation_presets_title","Jellyfin presets","Presets","ok"
"automation_run_now","Run now","Uitvoering nu","ok"
"automation_save","Save","Opslaan","ok"
"automation_save_mappings_failed","Unable to save group mappings.","Opslaan toewijzingen mislukt","ok"
"automation_save_presets_failed","Unable to save presets.","Opslaan presets mislukt","ok"
"automation_select_preset","Select a preset","Selecteren preset","ok"
"automation_subheading","Manage presets, mappings, and scheduled tasks.","Subtitel","ok"
"automation_task_builder_desc","Use clear names and a stable hour/minute so the job remains easy to audit later.","Gebruik duidelijke namen en een stabiel uur/minuut zodat de taak later eenvoudig te controleren blijft.","ok"
"automation_task_builder_title","Build a scheduled task","Geplande taak maken","ok"
"automation_task_create_failed","Unable to create task.","Taak maken mislukt","ok"
"automation_task_created","Task created.","Taak gemaakt","ok"
"automation_task_delete_confirm","Delete this task?","Taak verwijderen bevestigen","ok"
"automation_task_delete_failed","Unable to delete task.","Taak verwijderen mislukt","ok"
"automation_task_deleted","Task deleted.","Taak verwijderd","ok"
"automation_task_enabled","Enabled","Taak ingeschakeld","ok"
"automation_task_hour_placeholder","Hour (0-23)","Taak uur placeholder","ok"
"automation_task_minute_placeholder","Minute (0-59)","Taak minuut placeholder","ok"
"automation_task_name_placeholder","Task name","Taak naam placeholder","ok"
"automation_task_payload_empty","No payload","Geen payload","ok"
"automation_task_payload_placeholder","JSON payload (optional)","Taak payload placeholder","ok"
"automation_task_payload_ready","Payload ready","Payload gereed","ok"
"automation_task_preview_empty","Fill the form to preview the schedule and execution state.","Vul het formulier in om planning en uitvoeringsstatus te bekijken.","ok"
"automation_task_preview_title","Task preview","Taakvoorbeeld","ok"
"automation_task_run_failed","Task execution failed.","Taak uitvoering mislukt","ok"
"automation_task_run_success","Task started.","Taak uitvoering geslaagd","ok"
"automation_task_update_failed","Unable to update task.","Taak bijwerken mislukt","ok"
"automation_tasks_desc","Create recurring jobs, then verify the schedule and payload before saving.","Maak terugkerende taken en controleer planning en payload voordat je opslaat.","ok"
"automation_tasks_title","Scheduled tasks","Geplande taken","ok"
"automation_type_cleanup_resets_desc","Remove expired password reset requests to keep the recovery flow clean.","Verwijder verlopen wachtwoordresetverzoeken om de herstelstroom schoon te houden.","ok"
"automation_type_create_backup_desc","Create a fresh backup snapshot for restore or audit purposes.","Maak een nieuwe back-upsnapshot voor herstel of controle.","ok"
"automation_type_sync_users_desc","Sync local users with Jellyfin or directory state to keep access consistent.","Synchroniseer lokale gebruikers met Jellyfin of de directorystatus zodat toegang consistent blijft.","ok"
"back_to_login","Back to login","Terug naar aanmelden","ok"
"base_language_label","Language","Taal","ok"
"btn_save","Save","Opslaan","ok"
"cancel","Cancel","Annuleren","ok"
"col_actions","Actions","Acties","ok"
"col_created_at","Date","Datum","ok"
"col_email","Email","E-mail","ok"
"col_invited_by","Invited by","Uitgenodigd door","ok"
"col_jellyfin","Jellyfin","Jellyfin","untranslated"
"col_status","Status","Status","untranslated"
"col_username","User","Gebruiker","ok"
"common_bad_request","Invalid request","Ongeldige aanvraag","ok"
"common_next","Next","Volgende","ok"
"common_previous","Previous","Vorige","ok"
"common_server_error","Server error","Serverfout","ok"
"dashboard_heading","Dashboard","Overzicht","ok"
"dashboard_intro_title","Jellyfin Access Manager","Beheer van toegang tot Jellyfin","ok"
"dashboard_my_account_title","Account","Mijn account","ok"
"dashboard_no_users","No users yet","Nog geen gebruikers","ok"
"dashboard_open_my_account","Open My Account","Mijn account openen","ok"
"dashboard_panel_invites_title","Invitations","Uitnodigingen","ok"
"dashboard_panel_settings_title","Settings","Instellingen","ok"
"dashboard_panel_users_title","Users","Gebruikers","ok"
"dashboard_recent_users","Recent users","Recente gebruikers","ok"
"dashboard_stats_title","Pulse","Activiteit","ok"
"dashboard_title","Dashboard","Overzicht","ok"
"dashboard_welcome","Welcome","Welkom","ok"
"failure","Failure","Fout","ok"
"field_display_name","Display name","Weergavenaam","ok"
"field_display_name_placeholder","E.g. John Doe","Bijv. John Doe","ok"
"field_email","Email","E-mail","ok"
"field_email_placeholder","E.g. john@example.com","Bijv. john@example.com","ok"
"field_email_required","Email","E-mail","ok"
"field_identifier","Email or username","E-mail of gebruikersnaam","ok"
"field_identifier_placeholder","E.g. john_doe or john@example.com","Bijv. john_doe of john@example.com","ok"
"field_new_password","New password","Nieuw wachtwoord","ok"
"field_password","Password","Wachtwoord","ok"
"field_password_confirm","Confirm password","Bevestig wachtwoord","ok"
"field_password_confirm_placeholder","Re-enter your password","Voer je wachtwoord opnieuw in","ok"
"field_password_placeholder","Minimum 8 characters","Minimaal 8 tekens","ok"
"field_username","Username","Gebruikersnaam","ok"
"field_username_help","3-32 characters: letters, numbers, dashes, underscores","3-32 tekens: letters, cijfers, streepjes en underscores","ok"
"field_username_placeholder","E.g. john_doe","Bijv. john_doe","ok"
"i18n_report_back_settings","Back to settings","Terug naar instellingen","ok"
"i18n_report_col_fallback","Fallback values","Fallbackwaarden","ok"
"i18n_report_col_locale","Locale","Taal","ok"
"i18n_report_col_missing_base","Missing vs base","Ontbreekt t.o.v. basis","ok"
"i18n_report_col_missing_template","Missing template keys","Ontbrekende templatesleutels","ok"
"i18n_report_col_placeholder","Placeholder mismatches","Afwijkende placeholders","ok"
"i18n_report_col_total_keys","Total keys","Totaal aantal sleutels","ok"
"i18n_report_intro","Checks template key coverage, placeholder consistency, and fallback values by locale.","Controleert de dekking van templatesleutels, de consistentie van placeholders en fallbackwaarden per taal.","ok"
"i18n_report_load_error","Unable to load the i18n report.","Kan het i18n-rapport niet laden.","ok"
"i18n_report_no_data","No data.","Geen gegevens.","ok"
"i18n_report_title","i18n Report","i18n-rapport","ok"
"invitations_badge_active","Active","Actief","ok"
"invitations_badge_expired","Expired","Verlopen","ok"
"invitations_col_email","Delivery","Verzending","ok"
"invitations_col_link_code","Invitation link","Uitnodigingslink","ok"
"invitations_col_link_expiry","Link expiry","Vervaldatum link","ok"
"invitations_col_profile_expiry","Account policy","Accountbeleid","ok"
"invitations_conversion_rate","Conversion rate","Conversieratio","ok"
"invitations_conversions","Conversions","Conversies","ok"
"invitations_copy","Copy","Kopieren","ok"
"invitations_copy_full_link","Copy full link","Volledige link kopieren","ok"
"invitations_copy_unavailable","Clipboard access is unavailable","Klembord is niet beschikbaar","ok"
"invitations_create_desc","Generate a reusable signup link, prefill account rules, and optionally send it by email.","Genereer een herbruikbare registratielink, stel accountregels vooraf in en verstuur die indien nodig per e-mail.","ok"
"invitations_create_link","Create invitation","Uitnodiging maken","ok"
"invitations_create_title","Invitation flow","Uitnodigingsstroom","ok"
"invitations_created","Invitation created","Uitnodiging gemaakt","ok"
"invitations_default_policy","Default policy","Standaardbeleid","ok"
"invitations_delete","Delete","Verwijderen","ok"
"invitations_delete_after_days","Delete account after {n} days","Account verwijderen na {n} dagen","ok"
"invitations_delete_desc","This invitation will be removed permanently. Existing users created from it are not affected.","Deze uitnodiging wordt definitief verwijderd. Bestaande gebruikers die ermee zijn aangemaakt blijven onaangetast.","ok"
"invitations_delete_title","Delete invitation","Uitnodiging verwijderen","ok"
"invitations_deleted","Invitation deleted","Uitnodiging verwijderd","ok"
"invitations_disable_after_days","Disable account after {n} days","Account uitschakelen na {n} dagen","ok"
"invitations_email_manual","Email delivery","E-mailverzending","ok"
"invitations_error_loading","Unable to load invitations","Kan uitnodigingen niet laden","ok"
"invitations_expires_on","Expires on {date}","Verloopt op {date}","ok"
"invitations_forced_username","Reserved username","Gereserveerde gebruikersnaam","ok"
"invitations_forced_username_help","Optional. Lock the signup to a single username when you need a pre-assigned account.","Optioneel. Vergrendel de registratie op een enkele gebruikersnaam wanneer een account al vooraf is toegewezen.","ok"
"invitations_forced_username_placeholder","Leave blank to let the user choose","Laat leeg zodat de gebruiker zelf kan kiezen","ok"
"invitations_group_default","Default group","Standaardgroep","ok"
"invitations_group_prefix","Group: {group}","Groep: {group}","ok"
"invitations_invalid_max_uses","Your current policy allows between 1 and {n} uses per link.","Je huidige beleid staat tussen 1 en {n} gebruiken per link toe.","ok"
"invitations_invalid_user_expiry","Choose a relative or absolute expiry before creating the invitation.","Kies een relatieve of absolute vervaldatum voordat je de uitnodiging maakt.","ok"
"invitations_invite_option_enabled_help","The invited account will be allowed to create invitations after signup.","Het uitgenodigde account mag na registratie zelf uitnodigingen maken.","ok"
"invitations_invite_option_policy_limited","Your role cannot grant invite rights on new accounts.","Je rol kan geen uitnodigingsrechten aan nieuwe accounts geven.","ok"
"invitations_last_link_label","Latest generated link","Laatste gegenereerde link","ok"
"invitations_last_link_placeholder","The newest invitation URL will appear here","De nieuwste uitnodigings-URL verschijnt hier","ok"
"invitations_link_copied","Invitation link copied","Uitnodigingslink gekopieerd","ok"
"invitations_link_expires_label","Link expiry","Vervaldatum link","ok"
"invitations_link_help_default","Leave empty to keep the link valid until it is used or revoked.","Laat leeg om de link geldig te houden tot gebruik of intrekking.","ok"
"invitations_link_help_limited","Your current policy recommends an expiry within the next {n} hours.","Je huidige beleid raadt een vervaldatum binnen de komende {n} uur aan.","ok"
"invitations_links_active","Active links","Actieve links","ok"
"invitations_links_closed","Closed links","Gesloten links","ok"
"invitations_links_created","Links created","Gemaakte links","ok"
"invitations_max_uses_label","Maximum uses","Maximaal aantal gebruiken","ok"
"invitations_new_invitation","New invitation","Nieuwe uitnodiging","ok"
"invitations_new_user_can_invite","Grant invite rights to the new account","Nieuw account mag uitnodigen","ok"
"invitations_no_link_to_copy","There is no invitation link to copy yet.","Er is nog geen uitnodigingslink om te kopieren.","ok"
"invitations_no_planned_delete","No deletion planned","Geen verwijdering gepland","ok"
"invitations_none_active","No active invitations found.","Geen actieve uitnodigingen gevonden.","ok"
"invitations_policy_base_links","Base URL: {url}","Basis-URL: {url}","ok"
"invitations_policy_expiry_locked","User expiry is locked by the active invitation policy.","Gebruikersverval is vergrendeld door het actieve uitnodigingsbeleid.","ok"
"invitations_policy_grant_locked","Invite rights are locked by the active invitation policy.","Uitnodigingsrechten zijn vergrendeld door het actieve uitnodigingsbeleid.","ok"
"invitations_policy_loading","Loading invitation policy...","Uitnodigingsbeleid laden...","ok"
"invitations_policy_max_ttl","Max link lifetime: {n}h","Maximale linkduur: {n}h","ok"
"invitations_policy_max_uses","Max uses per link: {n}","Maximaal aantal gebruiken per link: {n}","ok"
"invitations_policy_quota_day","Daily quota: {n}","Dagelijkse quota: {n}","ok"
"invitations_policy_quota_month","Monthly quota: {n}","Maandelijkse quota: {n}","ok"
"invitations_policy_quota_week","Weekly quota: {n}","Wekelijkse quota: {n}","ok"
"invitations_rate","Rate","Ratio","ok"
"invitations_role_can_invite","can invite others","mag uitnodigen","ok"
"invitations_role_standard","standard account","standaardaccount","ok"
"invitations_section_link_settings","Link settings","Linkinstellingen","ok"
"invitations_section_smtp_notification","Email delivery","E-mailverzending","ok"
"invitations_section_user_profile","Future account rules","Regels voor het toekomstige account","ok"
"invitations_send_to_email_help","Optional. If SMTP is configured, JellyGate sends the invitation immediately.","Optioneel. Als SMTP is geconfigureerd, verstuurt JellyGate de uitnodiging direct.","ok"
"invitations_send_to_email_label","Send invitation to","Uitnodiging verzenden naar","ok"
"invitations_sponsor","Sponsor","Sponsor","untranslated"
"invitations_sponsor_dashboard","Sponsor activity","Sponsoractiviteit","ok"
"invitations_sponsor_no_data","No sponsor activity available yet.","Nog geen sponsoractiviteit beschikbaar.","ok"
"invitations_stats_error","Unable to load sponsor statistics","Kan sponsorstatistieken niet laden","ok"
"invitations_stats_loading","Loading sponsor statistics...","Sponsorstatistieken laden...","ok"
"invitations_stats_updated_at","Updated {at}","Bijgewerkt {at}","ok"
"invitations_subheading","Create invitation links, monitor sponsor activity, and keep onboarding rules consistent.","Maak uitnodigingslinks, volg sponsoractiviteit en houd onboardingregels consistent.","ok"
"invitations_unknown_error","An unexpected error occurred","Er is een onverwachte fout opgetreden","ok"
"invitations_unknown_sponsor","(unknown)","(onbekend)","ok"
"invitations_unlimited","Unlimited","Onbeperkt","ok"
"invitations_user_expiry_absolute","Absolute account expiry","Absolute accountvervaldatum","ok"
"invitations_user_expiry_absolute_help","Optional. Set a fixed expiry date instead of a relative delay.","Optioneel. Stel een vaste vervaldatum in in plaats van een relatieve termijn.","ok"
"invitations_user_expiry_days_help","Apply a relative expiry window once the invited account is created.","Pas een relatieve vervalperiode toe zodra het uitgenodigde account is aangemaakt.","ok"
"invitations_user_expiry_enable","Set an expiry policy for the invited account","Vervalbeleid voor het uitgenodigde account instellen","ok"
"invitations_user_expiry_future","The absolute expiry must be in the future.","De absolute vervaldatum moet in de toekomst liggen.","ok"
"invitations_uses","Uses","Gebruiken","ok"
"invitations_uses_help_default","Use 0 for unlimited redemptions.","Gebruik 0 voor onbeperkte registraties.","ok"
"invitations_uses_help_limited","Your current policy allows between 1 and {n} redemptions.","Je huidige beleid staat tussen 1 en {n} registraties toe.","ok"
"invite_error_config","Invitation configuration error","Fout in de configuratie van de uitnodiging","ok"
"invite_error_email_verification_unavailable","Email verification is enabled, but email sending is unavailable right now.","E-mailverificatie is ingeschakeld, maar het verzenden van e-mail is momenteel niet beschikbaar.","ok"
"invite_error_invalid_or_expired","Invalid or expired invitation","Ongeldige of verlopen uitnodiging","ok"
"invite_error_jellyfin_create","Error while creating the account (Jellyfin)","Fout bij het aanmaken van het account (Jellyfin)","ok"
"invite_error_ldap_create","Error while creating the account (LDAP)","Fout bij het aanmaken van het account (LDAP)","ok"
"invite_error_persist","Error while saving the account","Fout bij het opslaan van het account","ok"
"invite_footer","Powered by JellyGate","Aangedreven door JellyGate","ok"
"invite_heading","Create your account","Maak je account aan","ok"
"invite_login_jellyfin","Sign in to Jellyfin","Aanmelden bij Jellyfin","ok"
"invite_open_jellyseerr","Open Jellyseerr","Jellyseerr openen","ok"
"invite_open_jellytrack","Open jellytrack","jellytrack openen","ok"
"invite_quick_links","Quick links","Snelle links","ok"
"invite_subheading","Fill in the form to join the media library","Vul het formulier in om je bij de mediabibliotheek aan te sluiten","ok"
"invite_submit","Create my account","Mijn account aanmaken","ok"
"invite_success_hybrid","Welcome {username}! Your account was created in Jellyfin and in LDAP.","Welkom {username}. Je account is aangemaakt in Jellyfin en in LDAP.","ok"
"invite_success_ldap_only","Welcome {username}! Your account was created in LDAP. Jellyfin access will use your LDAP integration.","Welkom {username}. Je account is aangemaakt in LDAP. Toegang tot Jellyfin gebruikt je LDAP-integratie.","ok"
"invite_success_pending_verification","Check your email to confirm the creation of account {username}. Your account will be created only after this confirmation.","Controleer je e-mail om het aanmaken van account {username} te bevestigen. Het account wordt pas na deze bevestiging aangemaakt.","ok"
"invite_title","Sign Up","Registratie","ok"
"login_error_forbidden","You are not an administrator","Je bent geen beheerder","ok"
"login_error_invalid","Invalid credentials","Ongeldige inloggegevens","ok"
"login_error_required","Enter both your username and password.","Voer zowel je gebruikersnaam als wachtwoord in.","ok"
"login_forgot_password","Forgot password?","Wachtwoord vergeten?","ok"
"login_jellyfin_desc","Media library access","Bibliotheek toegang","ok"
"login_jellyseerr_desc","Browse and request content","Content aanvragen","ok"
"login_jellytrack_desc","Playback statistics tracking","Statistieken","ok"
"login_shortcuts","Shortcuts","Snelkoppelingen","ok"
"login_subheading","Administration","Beheer","ok"
"login_submit","Sign in","Inloggen","ok"
"login_title","Login","Aanmelden","ok"
"logs_col_action","Action","Actie","ok"
"logs_col_actor","Actor","Uitvoerder","ok"
"logs_col_details","Details","Details","untranslated"
"logs_col_target","Target","Doel","ok"
"logs_load_error","Unable to load audit logs","Kan auditlogboek niet laden","ok"
"logs_loading","Loading audit logs...","Auditlogboek laden...","ok"
"logs_network_error","Network error while loading audit logs","Netwerkfout bij het laden van het auditlogboek","ok"
"logs_no_results","No audit events match the current filters.","Geen auditgebeurtenissen komen overeen met de huidige filters.","ok"
"logs_no_results_short","No matching events","Geen overeenkomende gebeurtenissen","ok"
"logs_of_label","of","van","ok"
"logs_page_label","Page","Pagina","ok"
"logs_pagination_loading","Loading pagination...","Paginering laden...","ok"
"logs_per_page_suffix","per page","per pagina","ok"
"logs_search_placeholder","Search actions, actors, targets, details, or request IDs","Zoek acties, actors, doelen, details of request_id","ok"
"logs_system_actor","System","Systeem","ok"
"logs_total_label","Total","Totaal","ok"
"my_account_channel_discord","Discord","Discord","untranslated"
"my_account_channel_email","Email","E-mail","ok"
"my_account_channel_optin","Delivery channels","Leveringskanalen","ok"
"my_account_channel_telegram","Telegram","Telegram","untranslated"
"my_account_contact_help","Update contact information and notification preferences.","Werk contactgegevens en meldingsvoorkeuren bij.","ok"
"my_account_default_server_lang","Use the server default language","Standaardtaal van de server gebruiken","ok"
"my_account_edit_profile","Edit profile","Profiel bewerken","ok"
"my_account_email_pending_label","Pending email:","Wachtende e-mail:","ok"
"my_account_email_status_missing","No email configured","Geen e-mail ingesteld","ok"
"my_account_email_status_pending","Pending verification","Verificatie in afwachting","ok"
"my_account_email_status_unverified","Verification required","Verificatie vereist","ok"
"my_account_email_status_verified","Verified","Geverifieerd","ok"
"my_account_email_verification_help","Confirm this email address to receive account messages and recovery links.","Bevestig dit e-mailadres om accountberichten en herstellinks te ontvangen.","ok"
"my_account_email_verification_label","Email verification","E-mailverificatie","ok"
"my_account_email_verification_missing","Add an email address to enable verification and password recovery.","Voeg een e-mailadres toe om verificatie en wachtwoordherstel te activeren.","ok"
"my_account_email_verification_ok","Your current email address is verified.","Je huidige e-mailadres is geverifieerd.","ok"
"my_account_email_verification_pending","Check your inbox and click the confirmation link sent to the pending address.","Controleer je inbox en open de bevestigingslink die naar het wachtende adres is gestuurd.","ok"
"my_account_email_verification_resend","Resend verification email","Verificatiemail opnieuw verzenden","ok"
"my_account_email_verification_send_error","Unable to send a verification email","Kan geen verificatiemail verzenden","ok"
"my_account_email_verification_sent","A verification email has been sent.","Er is een verificatiemail verzonden.","ok"
"my_account_label_access_expiry","Access expiry","Toegangsverval","ok"
"my_account_label_confirm_password","Confirm new password","Nieuw wachtwoord bevestigen","ok"
"my_account_label_discord","Discord handle","Discord-naam","ok"
"my_account_label_email","Email address","E-mailadres","ok"
"my_account_label_new_password","New password","Nieuw wachtwoord","ok"
"my_account_label_preferred_lang","Preferred language","Voorkeurstaal","ok"
"my_account_label_role","Role","Rol","ok"
"my_account_label_telegram","Telegram handle","Telegram-naam","ok"
"my_account_label_user","Username","Gebruikersnaam","ok"
"my_account_load_error","Unable to load your account","Kan je account niet laden","ok"
"my_account_no_expiry","No expiry configured","Geen vervaldatum ingesteld","ok"
"my_account_notify_events","Notify me about account events","Mij informeren over accountevents","ok"
"my_account_notify_expiry","Notify me before access expires","Mij waarschuwen voordat de toegang verloopt","ok"
"my_account_password_help","Change your password. Choose a strong password (min. 8 characters).","Wijzig uw wachtwoord. Kies een sterk wachtwoord (min. 8 tekens).","ok"
"my_account_password_min_hint","At least 8 characters","Minstens 8 tekens","ok"
"my_account_password_mismatch","The passwords do not match","De wachtwoorden komen niet overeen","ok"
"my_account_password_too_short","The password must contain at least 8 characters","Het wachtwoord moet minstens 8 tekens bevatten","ok"
"my_account_password_update_error","Unable to update the password","Kan wachtwoord niet bijwerken","ok"
"my_account_password_updated","Password updated","Wachtwoord bijgewerkt","ok"
"my_account_save_error","Unable to save your preferences","Kan je voorkeuren niet opslaan","ok"
"my_account_save_preferences","Save preferences","Voorkeuren opslaan","ok"
"my_account_saved","Preferences saved","Voorkeuren opgeslagen","ok"
"my_account_section_contact","Contact and preferences","Contact en voorkeuren","ok"
"my_account_section_password","Password","Wachtwoord","ok"
"my_account_section_profile","Profile summary","Profieloverzicht","ok"
"my_account_subheading","Keep your contact details, delivery channels, language, and password up to date.","Houd contactgegevens, leveringskanalen, taal en wachtwoord up-to-date.","ok"
"my_account_subtitle","Manage your profile and preferences","Beheer uw profiel en voorkeuren","ok"
"my_account_update_password","Update password","Wachtwoord bijwerken","ok"
"nav_automation","Automation","Automatisering","ok"
"nav_dashboard","Dashboard","Overzicht","ok"
"nav_invitations","Invitations","Uitnodigingen","ok"
"nav_logout","Sign out","Afmelden","ok"
"nav_logs","Logs","Logboeken","ok"
"nav_my_account","My Account","Mijn account","ok"
"nav_settings","Settings","Instellingen","ok"
"nav_theme","Theme","Thema","ok"
"nav_users","Users","Gebruikers","ok"
"password_match","Passwords match","Wachtwoorden komen overeen","ok"
"password_mismatch","Passwords do not match","Wachtwoorden komen niet overeen","ok"
"password_policy_missing","Missing requirements","Ontbrekende vereisten","ok"
"password_policy_ok","Password rules satisfied","Wachtwoordregels zijn voldaan","ok"
"password_rule_at_least","at least {n} characters","minimaal {n} tekens","ok"
"password_rule_at_most","at most {n} characters","maximaal {n} tekens","ok"
"password_rule_digit","one digit","een cijfer","ok"
"password_rule_lower","one lowercase letter","een kleine letter","ok"
"password_rule_special","one special character","een speciaal teken","ok"
"password_rule_upper","one uppercase letter","een hoofdletter","ok"
"password_rules_chars","characters","tekens","ok"
"password_rules_prefix","Rules:","Regels:","ok"
"reset_new_heading","New password","Nieuw wachtwoord","ok"
"reset_new_subheading","Choose a new secure password","Kies een nieuw veilig wachtwoord","ok"
"reset_request_heading","Forgot password","Wachtwoord vergeten","ok"
"reset_request_subheading","Enter your identifier to receive a reset link","Voer je identificatie in om een resetlink te ontvangen","ok"
"reset_request_submit","Send reset link","Resetlink verzenden","ok"
"reset_submit","Reset password","Wachtwoord resetten","ok"
"reset_title","Password Reset","Wachtwoord resetten","ok"
"role_admin","Administrator","Beheerder","ok"
"role_user","User","Gebruiker","ok"
"settings_backup_action_delete","Delete","Verwijderen","ok"
"settings_backup_action_export","Export","Exporteren","ok"
"settings_backup_action_restore","Restore","Herstellen","ok"
"settings_backup_archives_desc","Restoration is prepared then applied on next JellyGate restart.","Backup Archives Desc","ok"
"settings_backup_archives_title","Available archives","Backup Archives Title","ok"
"settings_backup_col_actions","Actions","Backup Col Actions","ok"
"settings_backup_col_archive","Archive","Backup Col Archive","ok"
"settings_backup_col_date","Date","Backup Col Date","ok"
"settings_backup_col_size","Size","Backup Col Size","ok"
"settings_backup_create_now","Create backup now","Backup Create Now","ok"
"settings_backup_created","Backup created","Back-up gemaakt","ok"
"settings_backup_daily_time","Daily execution time","Backup Daily Time","ok"
"settings_backup_delete_confirm_prefix","Delete permanently","Permanent verwijderen","ok"
"settings_backup_delete_error","Delete failed","Verwijderen mislukt","ok"
"settings_backup_deleted","Backup deleted","Back-up verwijderd","ok"
"settings_backup_desc","Configure automatic backups, create manual backups, import archives, and prepare a restoration.","Backup Desc","ok"
"settings_backup_enable_auto","Enable automatic backups","Backup Enable Auto","ok"
"settings_backup_error","Backup error","Back-upfout","ok"
"settings_backup_import_btn","Import","Backup Import Btn","ok"
"settings_backup_import_desc","Import a ZIP archive into JellyGate for later restoration. Export/Delete actions remain available below.","Backup Import Desc","ok"
"settings_backup_import_error","Import failed","Importeren mislukt","ok"
"settings_backup_import_title","Import a backup","Backup Import Title","ok"
"settings_backup_imported","Backup imported","Back-up geimporteerd","ok"
"settings_backup_list_empty","No backup available.","Backup List Empty","ok"
"settings_backup_list_load_error","Unable to load backups.","Backup List Load Error","ok"
"settings_backup_list_pg_unavailable","PostgreSQL mode: SQLite archives are unavailable. Use pg_dump/pg_restore.","Backup List Pg Unavailable","ok"
"settings_backup_manual_desc","Create an exportable ZIP archive (SQLite DB + settings + templates).","Backup Manual Desc","ok"
"settings_backup_manual_title","Manual backup","Backup Manual Title","ok"
"settings_backup_pg_mode_desc_1","Native JellyGate ZIP backups (SQLite) are disabled.","Backup Pg Mode Desc 1","ok"
"settings_backup_pg_mode_desc_2","Use pg_dump and pg_restore for PostgreSQL.","Backup Pg Mode Desc 2","ok"
"settings_backup_pg_mode_title","PostgreSQL mode detected","Backup Pg Mode Title","ok"
"settings_backup_pg_not_supported","Action not supported in PostgreSQL mode","Actie niet ondersteund in PostgreSQL-modus","ok"
"settings_backup_pg_plan_unavailable","Local backup scheduler unavailable in PostgreSQL mode (use pg_dump/pg_restore)","Backup Pg Plan Unavailable","ok"
"settings_backup_restore_confirm_prefix","Prepare restoration for","Herstel voorbereiden voor","ok"
"settings_backup_restore_confirm_suffix","A restart is required.","Een herstart is vereist.","ok"
"settings_backup_restore_error","Restore failed","Herstellen mislukt","ok"
"settings_backup_restore_ready","Restoration prepared. Restart JellyGate.","Herstel voorbereid. Herstart JellyGate.","ok"
"settings_backup_retention_fixed","Backups kept (fixed)","Backup Retention Fixed","ok"
"settings_backup_retention_help","JellyGate automatically keeps the latest 7 backups (including imports).","Backup Retention Help","ok"
"settings_backup_save_schedule","Save backup schedule","Backup Save Schedule","ok"
"settings_backup_select_zip","Select a .zip file","Selecteer een .zip-bestand","ok"
"settings_backup_title","Backups and restoration","Backup Title","ok"
"settings_default_lang","Server default language","Standaardtaal van de server","ok"
"settings_default_lang_help","Language used when the user has no preference set","Taal die wordt gebruikt als de gebruiker geen voorkeur heeft ingesteld","ok"
"settings_default_none","Default (none)","Standaard (geen)","ok"
"settings_email_base_desc","This shared shell contains the HTML used by all emails. Simple message content is inserted automatically between these two blocks.","This shared shell contains the HTML used by all emails. Simple message content is inserted automatically between these two blocks.","untranslated"
"settings_email_base_footer","Base template: HTML footer","Base template: HTML footer","untranslated"
"settings_email_base_header","Base template: HTML header","Base template: HTML header","untranslated"
"settings_email_base_live_preview_desc","The render updates automatically while you edit the header or footer.","The render updates automatically while you edit the header or footer.","untranslated"
"settings_email_base_live_preview_title","Live base preview","Live base preview","untranslated"
"settings_email_base_preview","Preview base template","Preview base template","untranslated"
"settings_email_base_preview_demo","You received an invitation to join the Jellyfin server.

The button and direct link appear automatically below this message.","You received an invitation to join the Jellyfin server.

The button and direct link appear automatically below this message.","untranslated"
"settings_email_base_preview_desc","This preview shows the shared shell with a simple message and the standard automatic blocks.","This preview shows the shared shell with a simple message and the standard automatic blocks.","untranslated"
"settings_email_base_restore","Restore default base","Restore default base","untranslated"
"settings_email_base_title","Shared base template","Shared base template","untranslated"
"settings_email_base_variables_title","Advanced variables for the base template","Advanced variables for the base template","untranslated"
"settings_email_body_mode_desc","The editors below are no-code: plain text only, with support for variables such as {{.Username}}, {{.Email}}, or {{.ExpiryDate}}. Buttons, links, and system dates are added automatically in the final render.","The message editors below are no-code: plain text only. Buttons, links, and system dates are added automatically in the final render.","ok"
"settings_email_body_mode_title","Simple messages without markup","Simple messages without markup","untranslated"
"settings_email_delivery_desc","Enable only the emails or sections that JellyGate should send automatically.","Schakel alleen de e-mails of onderdelen in die JellyGate automatisch moet versturen.","ok"
"settings_email_delivery_title","Optional messages","Optionele berichten","ok"
"settings_email_preview_close_aria","Close preview","Email Preview Close Aria","ok"
"settings_email_preview_desc","Preview the final render with the shared email wrapper and demonstration values.","Email Preview Desc","ok"
"settings_email_preview_title","Email template preview","Email Preview Title","ok"
"settings_email_reminder_days","N days before expiry","Email Reminder Days","ok"
"settings_email_reminder_schedule_desc","Define how many days before expiration an automatic reminder is sent.","Email Reminder Schedule Desc","ok"
"settings_email_reminder_schedule_title","Expiry reminder schedule","Email Reminder Schedule Title","ok"
"settings_email_section_lifecycle","Account lifecycle","Accountlevenscyclus","ok"
"settings_email_section_onboarding","Signup and invitations","Registratie en uitnodigingen","ok"
"settings_email_section_security","Security and recovery","Beveiliging en herstel","ok"
"settings_email_templates_desc","Write only the message content. JellyGate automatically inserts it into the shared email wrapper, and you can personalize the text with the available variables.","Bewerk alleen de berichten die je echt gebruikt. De secties rechts houden de pagina overzichtelijk.","ok"
"settings_email_templates_title","Email templates","E-mailsjablonen","ok"
"settings_email_tpl_confirmation","Confirmation email","Bevestigingsmail","ok"
"settings_email_tpl_confirmation_desc","Sent to confirm signup.","Email Tpl Confirmation Desc","ok"
"settings_email_tpl_email_verification","Email verification","E-mailverificatie","ok"
"settings_email_tpl_email_verification_desc","Sent to confirm a new or existing email address before account recovery and notifications.","Wordt verzonden om een nieuw of bestaand e-mailadres te bevestigen voor accountherstel en meldingen.","ok"
"settings_email_tpl_email_verification_subject","Email verification subject","Onderwerp e-mailverificatie","ok"
"settings_email_tpl_email_verification_subject_desc","Subject line for email verification messages. Variables are supported.","Onderwerpregel voor e-mails ter verificatie. Variabelen worden ondersteund.","ok"
"settings_email_tpl_expiry_adjusted","Expiry adjusted","Vervaldatum aangepast","ok"
"settings_email_tpl_expiry_adjusted_desc","Sent when account expiry date is modified.","Email Tpl Expiry Adjusted Desc","ok"
"settings_email_tpl_expiry_reminder","Expiry reminder","Vervalherinnering","ok"
"settings_email_tpl_expiry_reminder_1","Expiry reminder D-1","Vervalherinnering D-1","ok"
"settings_email_tpl_expiry_reminder_14","Expiry reminder D-14","Vervalherinnering D-14","ok"
"settings_email_tpl_expiry_reminder_14_desc","Template sent 14 days before expiration.","Email Tpl Expiry Reminder 14 Desc","ok"
"settings_email_tpl_expiry_reminder_1_desc","Template sent 1 day before expiration.","Email Tpl Expiry Reminder 1 Desc","ok"
"settings_email_tpl_expiry_reminder_7","Expiry reminder D-7","Vervalherinnering D-7","ok"
"settings_email_tpl_expiry_reminder_7_desc","Template sent 7 days before expiration.","Email Tpl Expiry Reminder 7 Desc","ok"
"settings_email_tpl_expiry_reminder_desc","Automatic notification before account expiry.","Email Tpl Expiry Reminder Desc","ok"
"settings_email_tpl_invitation","Invitation email","Uitnodigingsmail","ok"
"settings_email_tpl_invitation_desc","Main message guiding users to Jellyfin access.","Email Tpl Invitation Desc","ok"
"settings_email_tpl_invite_expiry","Invitation expiry","Uitnodiging verloopt","ok"
"settings_email_tpl_invite_expiry_desc","Reminder that an invitation link will expire soon.","Email Tpl Invite Expiry Desc","ok"
"settings_email_tpl_password_reset","Password reset","Wachtwoord resetten","ok"
"settings_email_tpl_password_reset_desc","Contains reset link/code sent to user.","Email Tpl Password Reset Desc","ok"
"settings_email_tpl_post_signup_help","Post-signup help","Hulp na registratie","ok"
"settings_email_tpl_post_signup_help_desc","Instructions after account creation.","Email Tpl Post Signup Help Desc","ok"
"settings_email_tpl_pre_signup_help","Pre-signup help","Hulp voor registratie","ok"
"settings_email_tpl_pre_signup_help_desc","Guidance before creating the account.","Email Tpl Pre Signup Help Desc","ok"
"settings_email_tpl_user_creation","User creation","Account aangemaakt","ok"
"settings_email_tpl_user_creation_desc","Confirms account creation by an administrator.","Email Tpl User Creation Desc","ok"
"settings_email_tpl_user_deletion","User deletion","Account verwijderd","ok"
"settings_email_tpl_user_deletion_desc","Notification that an account was deleted.","Email Tpl User Deletion Desc","ok"
"settings_email_tpl_user_deletion_disable_notice","Do not send this email on user deletion","Email Tpl User Deletion Disable Notice","ok"
"settings_email_tpl_user_disabled","User disabled","Account uitgeschakeld","ok"
"settings_email_tpl_user_disabled_desc","Sent when an account is disabled.","Email Tpl User Disabled Desc","ok"
"settings_email_tpl_user_enabled","User enabled","Account opnieuw geactiveerd","ok"
"settings_email_tpl_user_enabled_desc","Sent when an account is re-enabled.","Email Tpl User Enabled Desc","ok"
"settings_email_tpl_user_expired","User expired","Account verlopen","ok"
"settings_email_tpl_user_expired_desc","Sent when an account expires automatically.","Email Tpl User Expired Desc","ok"
"settings_email_tpl_welcome","Welcome","Welkom","ok"
"settings_email_tpl_welcome_desc","Global post-signup welcome message.","Email Tpl Welcome Desc","ok"
"settings_email_var_email","email address","Email Var Email","ok"
"settings_email_var_expires_in","validity duration","Email Var Expires In","ok"
"settings_email_var_expiry_date","expiry date","Email Var Expiry Date","ok"
"settings_email_var_help_url","support / onboarding URL","Email Var Help Url","ok"
"settings_email_var_invite_code","invitation code","Email Var Invite Code","ok"
"settings_email_var_invite_link","invitation link","Email Var Invite Link","ok"
"settings_email_var_jellyfin_url","Jellyfin login URL","Email Var Jellyfin Url","ok"
"settings_email_var_jellygate_url","public JellyGate URL","Email Var Jellygate Url","ok"
"settings_email_var_jellyseerr_url","Jellyseerr URL","Email Var Jellyseerr Url","ok"
"settings_email_var_message","custom message (admin invitation)","Email Var Message","ok"
"settings_email_var_reset_code","reset code","Email Var Reset Code","ok"
"settings_email_var_reset_link","reset link","Email Var Reset Link","ok"
"settings_email_var_username","username","Email Var Username","ok"
"settings_email_var_verification_code","email verification code","e-mailverificatiecode","ok"
"settings_email_var_verification_link","email verification link","e-mailverificatielink","ok"
"settings_email_variable_insert","Insert","Invoegen","ok"
"settings_email_variable_picker_label","Variable to insert","Variabele invoegen","ok"
"settings_email_variable_picker_placeholder","Choose a variable","Kies een variabele","ok"
"settings_email_variables_title","Available variables","Email Variables Title","ok"
"settings_expiry_action_delete","Delete","Expiry Action Delete","ok"
"settings_expiry_action_disable","Disable","Expiry Action Disable","ok"
"settings_expiry_action_disable_then_delete","Disable then delete","Expiry Action Disable Then Delete","ok"
"settings_general_desc","Configure JellyGate global settings","Configureer de globale instellingen van JellyGate","ok"
"settings_general_title","General Settings","Algemene instellingen","ok"
"settings_host_required","Host *","Host *","untranslated"
"settings_invite_allow_inviter_grant","Allow inviters to let the new account create invitations","Allow inviters to let the new account create invitations","untranslated"
"settings_invite_allow_inviter_user_expiry","Allow inviters to customize user expiry","Invite Allow Inviter User Expiry","ok"
"settings_invite_delete_after_days","Delete account after (days)","Invite Delete After Days","ok"
"settings_invite_disable_after_days","Disable account after (days)","Invite Disable After Days","ok"
"settings_invite_enable_downloads","Allow direct downloads","Invite Enable Downloads","ok"
"settings_invite_expiry_action","Action on expiry","Invite Expiry Action","ok"
"settings_invite_inviter_max_link_hours","Max link TTL (hours, non-admin inviters)","Invite Inviter Max Link Hours","ok"
"settings_invite_inviter_max_uses","Max uses (non-admin inviters)","Invite Inviter Max Uses","ok"
"settings_invite_inviter_quota_day","Invite links quota / day (inviter)","Invite Inviter Quota Day","ok"
"settings_invite_inviter_quota_month","Invite links quota / month (inviter)","Invite Inviter Quota Month","ok"
"settings_invite_inviter_quota_week","Invite links quota / week (inviter)","Invite Inviter Quota Week","ok"
"settings_invite_password_max","Password max","Invite Password Max","ok"
"settings_invite_password_min","Password min","Invite Password Min","ok"
"settings_invite_profile_clone_user","Clone Jellyfin profile","Invite Profile Clone User","ok"
"settings_invite_profile_desc","These rules are automatically applied to each new invitation. Non-admin users cannot modify them from invitation creation.","Invite Profile Desc","ok"
"settings_invite_profile_preset","Jellyfin preset","Invite Profile Preset","ok"
"settings_invite_profile_title","Invitation profile","Invite Profile Title","ok"
"settings_invite_require_email","Email required at signup","E-mail verplicht bij registratie","ok"
"settings_invite_require_email_verification","Verify email before account creation","E-mail verifieren voor het aanmaken van het account","ok"
"settings_invite_username_max","Username max","Invite Username Max","ok"
"settings_invite_username_min","Username min","Invite Username Min","ok"
"settings_ldap_base_dn","Base DN *","Basis-DN *","ok"
"settings_ldap_bind_dn","Bind DN *","Bind-DN *","ok"
"settings_ldap_bind_password","Bind password *","Bind-wachtwoord *","ok"
"settings_ldap_desc","Connect JellyGate to your directory via LDAP/LDAPS","Verbind JellyGate met je directory via LDAP of LDAPS","ok"
"settings_ldap_domain","AD domain *","AD-domein *","ok"
"settings_ldap_group_admin","LDAP administrators group","LDAP-beheerdersgroep","ok"
"settings_ldap_group_admin_help","This group targets full-control accounts.","Deze groep is bedoeld voor accounts met volledige rechten.","ok"
"settings_ldap_group_inviter","LDAP inviter group","LDAP-uitnodigersgroep","ok"
"settings_ldap_group_inviter_help","This group grants normal access and invite rights.","Deze groep krijgt normale toegang en uitnodigingsrechten.","ok"
"settings_ldap_group_member_attr","Group member attribute","Groepslid-attribuut","ok"
"settings_ldap_group_member_attr_help","Set to member (AD/groupOfNames) or memberUid (posixGroup).","Gebruik member (AD/groupOfNames) of memberUid (posixGroup).","ok"
"settings_ldap_group_users","LDAP users group","LDAP-gebruikersgroep","ok"
"settings_ldap_group_users_help","Automatically assigned to standard users.","Wordt automatisch toegewezen aan standaardgebruikers.","ok"
"settings_ldap_mode_hybrid","Hybrid (LDAP + Jellyfin)","Hybride (LDAP + Jellyfin)","ok"
"settings_ldap_mode_ldap_only","LDAP only (no Jellyfin API user creation)","Alleen LDAP (geen Jellyfin API-gebruikersaanmaak)","ok"
"settings_ldap_provision_mode","Provisioning mode","Provisioningmodus","ok"
"settings_ldap_skip_verify","Skip TLS certificate verification","TLS-certificaatcontrole overslaan","ok"
"settings_ldap_test_connection_btn","Test LDAP connection","LDAP-verbinding testen","ok"
"settings_ldap_test_credentials_required","Enter test username and password for Jellyfin LDAP plugin validation.","Vul testgebruikersnaam en wachtwoord in om de Jellyfin LDAP-plugin te valideren.","ok"
"settings_ldap_test_failed","Test failed","Test mislukt","ok"
"settings_ldap_test_jellyfin_btn","Test Jellyfin login (LDAP plugin)","Jellyfin-login testen (LDAP-plugin)","ok"
"settings_ldap_test_password","Test password","Testwachtwoord","ok"
"settings_ldap_test_running","Test in progress...","Test wordt uitgevoerd...","ok"
"settings_ldap_test_success","Test succeeded","Test geslaagd","ok"
"settings_ldap_test_user_btn","Test user lookup","Gebruikerszoekopdracht testen","ok"
"settings_ldap_test_username","Test user identifier","Testgebruikers-ID","ok"
"settings_ldap_test_username_required","Enter a test user identifier.","Vul een testgebruikers-ID in.","ok"
"settings_ldap_tests_desc","These tests do not save configuration. They validate LDAP connection, user lookup with the configured login attribute, then Jellyfin LDAP plugin authentication.","Deze tests slaan de configuratie niet op. Ze controleren LDAP-verbinding, gebruikerszoekopdracht met het geconfigureerde login-attribuut en daarna authenticatie via de Jellyfin LDAP-plugin.","ok"
"settings_ldap_tests_title","LDAP tests and Jellyfin LDAP plugin","LDAP-tests en Jellyfin LDAP-plugin","ok"
"settings_ldap_title","Active Directory / LDAP","Active Directory / LDAP","untranslated"
"settings_ldap_tls","LDAPS (TLS)","LDAPS (TLS)","untranslated"
"settings_ldap_user_object_class","User objectClass","Gebruiker objectClass","ok"
"settings_ldap_user_object_class_help","Set to auto for detection, or force values like user, person, inetOrgPerson, posixAccount.","Gebruik auto voor detectie, of forceer user, person, inetOrgPerson, posixAccount.","ok"
"settings_ldap_user_ou","User OU","Gebruikers-OU","ok"
"settings_ldap_username_attr_ad","sAMAccountName (Active Directory)","sAMAccountName (Active Directory)","untranslated"
"settings_ldap_username_attr_auto","Auto-detect (AD/OpenLDAP)","Auto-detectie (AD/OpenLDAP)","ok"
"settings_ldap_username_attr_cn","cn (common name)","cn (algemene naam)","ok"
"settings_ldap_username_attr_uid","uid (OpenLDAP / Synology)","uid (OpenLDAP / Synology)","untranslated"
"settings_ldap_username_attr_upn","userPrincipalName (UPN)","userPrincipalName (UPN)","untranslated"
"settings_ldap_username_attribute","User login attribute","Login-attribuut","ok"
"settings_ldap_username_attribute_help","Pick the LDAP attribute used to identify users (uid on Synology/OpenLDAP, sAMAccountName on Active Directory).","Kies het LDAP-attribuut om gebruikers te identificeren (uid op Synology/OpenLDAP, sAMAccountName op Active Directory).","ok"
"settings_loading","Loading...","Laden...","ok"
"settings_matrix_access_token","Access token","Matrix Access Token","ok"
"settings_matrix_homeserver_url","Homeserver URL","Matrix Homeserver Url","ok"
"settings_matrix_room_id","Room ID","Matrix Room Id","ok"
"settings_open_jellyfin","Open Jellyfin","Jellyfin openen","ok"
"settings_open_jellygate_public","Open public JellyGate","Publieke JellyGate openen","ok"
"settings_open_jellyseerr","Open Jellyseerr","Jellyseerr openen","ok"
"settings_open_jellytrack","Open jellytrack","jellytrack openen","ok"
"settings_overview_backup_desc","Plan backups, import archives, and prepare a safe restoration.","Plan back-ups, importeer archieven en bereid een veilig herstel voor.","ok"
"settings_overview_desc","Move quickly between language defaults, identity, delivery channels, templates, and recovery workflows.","Schakel snel tussen standaardtaal, identiteit, verzendkanalen, sjablonen en herstel.","ok"
"settings_overview_general_desc","Public URLs, default language, and invitation defaults.","Openbare URL's, standaardtaal en basisregels voor uitnodigingen.","ok"
"settings_overview_ldap_desc","Directory connection, provisioning mode, groups, and validation tests.","Directoryverbinding, provisioningmodus, groepen en validatietests.","ok"
"settings_overview_smtp_desc","Outgoing email transport used for invitations and password recovery.","E-mailtransport voor uitnodigingen en wachtwoordherstel.","ok"
"settings_overview_templates_desc","Edit every email scenario and preview the rendered message.","Bewerk elk e-mailscenario en controleer de gerenderde voorbeeldweergave.","ok"
"settings_overview_title","Service control","Servicecentrum","ok"
"settings_overview_webhooks_desc","Discord, Telegram, and Matrix notifications for registration activity.","Discord-, Telegram- en Matrix-meldingen voor nieuwe registraties.","ok"
"settings_password_digit_required","Digit required","Password Digit Required","ok"
"settings_password_lower_required","Lowercase required","Password Lower Required","ok"
"settings_password_special_required","Special character required","Password Special Required","ok"
"settings_password_upper_required","Uppercase required","Password Upper Required","ok"
"settings_port","Port","Poort","ok"
"settings_preset_fallback","Preset","Preset","untranslated"
"settings_preview_button","Preview","Voorbeeld","ok"
"settings_preview_impossible","Preview unavailable","Voorbeeld niet beschikbaar","ok"
"settings_preview_loading","Loading preview...","Voorbeeld laden...","ok"
"settings_public_jellyfin_help","Used in buttons and email templates via","Public Jellyfin Help","ok"
"settings_public_jellyfin_url","Public Jellyfin URL","Publieke Jellyfin-URL","ok"
"settings_public_jellygate_help","Used for invitation links and templates via","Public Jellygate Help","ok"
"settings_public_jellygate_url","Public JellyGate URL","Publieke JellyGate-URL","ok"
"settings_public_jellyseerr_help","Available in templates via","Public Jellyseerr Help","ok"
"settings_public_jellyseerr_url","Public Jellyseerr URL","Publieke Jellyseerr-URL","ok"
"settings_public_jellytrack_help","Available in templates via","Public jellytrack Help","ok"
"settings_public_jellytrack_url","Public jellytrack URL","Publieke jellytrack-URL","ok"
"settings_quick_links","Quick links","Snelle links","ok"
"settings_save_error","Save failed","Opslaan mislukt","ok"
"settings_save_invite_profile","Save invitation profile","Uitnodigingsprofiel opslaan","ok"
"settings_save_ldap","Save LDAP settings","LDAP-instellingen opslaan","ok"
"settings_save_smtp","Save SMTP","SMTP opslaan","ok"
"settings_save_templates","Save templates","Sjablonen opslaan","ok"
"settings_save_webhooks","Save Webhooks","Webhooks opslaan","ok"
"settings_saved","Settings saved","Instellingen opgeslagen","ok"
"settings_smtp_desc","Configure email sending (invitations, password reset)","Configureer het verzenden van e-mails voor uitnodigingen en wachtwoordresets","ok"
"settings_smtp_from","Sender address *","Smtp From","ok"
"settings_smtp_password","Password *","Smtp Password","ok"
"settings_smtp_starttls","STARTTLS / TLS","Smtp Starttls","ok"
"settings_smtp_title","SMTP server","SMTP-server","ok"
"settings_smtp_username","Username *","Smtp Username","ok"
"settings_subheading","Configure external services from this interface","Configureer externe diensten vanuit deze interface","ok"
"settings_tab_backup","Backups","Back-ups","ok"
"settings_tab_email_templates","Email Templates","E-mailsjablonen","ok"
"settings_tab_general","General","Algemeen","ok"
"settings_tab_ldap","LDAP","LDAP","untranslated"
"settings_tab_smtp","SMTP","SMTP","untranslated"
"settings_tab_webhooks","Webhooks","Webhooks","untranslated"
"settings_telegram_bot_token","Bot token","Telegram Bot Token","ok"
"settings_telegram_chat_id","Chat ID","Telegram Chat Id","ok"
"settings_template_empty","Template is empty.","Sjabloon is leeg.","ok"
"settings_webhook_url","Webhook URL","Webhook-URL","ok"
"settings_webhooks_desc","Receive notifications when a user registers","Ontvang meldingen wanneer een gebruiker zich registreert","ok"
"settings_webhooks_title","Webhook notifications","Webhookmeldingen","ok"
"settings_zero_no_extra_limit","0 = no extra limit.","Zero No Extra Limit","ok"
"settings_zero_unlimited","0 = unlimited.","Zero Unlimited","ok"
"stat_active_users","Active","Actief","ok"
"stat_banned_users","Banned","Geblokkeerd","ok"
"stat_invitations","Invitations","Uitnodigingen","ok"
"stat_total_users","Users","Gebruikers","ok"
"status_active","Active","Actief","ok"
"status_banned","Banned","Geblokkeerd","ok"
"status_inactive","Inactive","Inactief","ok"
"submitting","Creating account...","Account wordt aangemaakt...","ok"
"success","Success","Succes","ok"
"users_action_activate","Activate account","Action activate","ok"
"users_action_activate_help","Re-enable the selected accounts without changing their other settings.","Action activate help","ok"
"users_action_apply_preset","Apply Jellyfin preset","Action apply preset","ok"
"users_action_apply_preset_help","Push a predefined Jellyfin policy preset to every selected account.","Action apply preset help","ok"
"users_action_deactivate","Disable account","Action deactivate","ok"
"users_action_deactivate_help","Temporarily block access for the selected accounts.","Action deactivate help","ok"
"users_action_delete","Delete account","Action delete","ok"
"users_action_delete_help","Permanently remove the selected accounts from every configured backend.","Action delete help","ok"
"users_action_jellyfin_policy","Adjust Jellyfin policy","Action jellyfin policy","ok"
"users_action_jellyfin_policy_help","Override downloads, remote access, sessions, or bitrate limits in bulk.","Action jellyfin policy help","ok"
"users_action_send_email","Send email","Action send email","ok"
"users_action_send_email_help","Write a one-off message and deliver it to the selected users.","Action send email help","ok"
"users_action_send_password_reset","Send password reset","Action send password reset","ok"
"users_action_send_password_reset_help","Trigger a password reset email for every selected account.","Action send password reset help","ok"
"users_action_set_expiry","Set access expiry","Action set expiry","ok"
"users_action_set_expiry_help","Define or clear the access expiration date on the selected users.","Action set expiry help","ok"
"users_action_set_invite","Update invite rights","Action set invite","ok"
"users_action_set_invite_help","Grant or remove invitation rights on the selected accounts.","Action set invite help","ok"
"users_allow_invite","Can invite","Allow invite","ok"
"users_apply","Apply","Toepassen","ok"
"users_bulk_action_failed","Bulk action failed","Bulkactie mislukt","ok"
"users_bulk_action_generic","Bulk action","Bulk action generic","ok"
"users_bulk_action_on","for","on","ok"
"users_bulk_action_placeholder","Choose a bulk action","Bulk action placeholder","ok"
"users_bulk_assistant_desc","Select the right users first, then configure the action with as little rework as possible.","Bulk assistant desc","ok"
"users_bulk_blocked_prefix","Blocked","Geblokkeerd","ok"
"users_bulk_choose_action","Choose an action","Bulk choose action","ok"
"users_bulk_complete_required","Complete the required parameters","Bulk complete required","ok"
"users_bulk_config_ready","Configuration looks valid","Bulk config ready","ok"
"users_bulk_confirm_template","{action}`n`nTarget users: {count}`nConfirm execution?","{action}`n`nDoelgebruikers: {count}`nUitvoering bevestigen?","ok"
"users_bulk_desc","Select users, choose an action, then validate the required parameters before execution.","Selecteer gebruikers, kies een actie en valideer de verplichte parameters voor uitvoering.","ok"
"users_bulk_done","Action completed: {success}/{total} success","Actie voltooid: {success}/{total} geslaagd","ok"
"users_bulk_email","Bulk email","Bulk-e-mail","ok"
"users_bulk_email_body","Message body","Bulk email body","ok"
"users_bulk_email_open","Open the bulk email assistant","Bulk email open","ok"
"users_bulk_email_subject","Email subject","Bulk email subject","ok"
"users_bulk_email_variables","Available variables","Bulk email variables","ok"
"users_bulk_instructions","The assistant prevents incomplete actions before execution. Select users, choose the action, then finish the required fields.","Bulk instructions","ok"
"users_bulk_jellyfin_invalid","One or more Jellyfin policy values are invalid.","Bulk jellyfin invalid","ok"
"users_bulk_need_email_body","Enter both the email subject and message body.","Bulk need email body","ok"
"users_bulk_need_expiry","Set an expiry date or choose to clear the existing one.","Bulk need expiry","ok"
"users_bulk_need_jellyfin_param","Change at least one Jellyfin policy setting.","Bulk need jellyfin param","ok"
"users_bulk_need_preset","Choose a Jellyfin preset before continuing.","Bulk need preset","ok"
"users_bulk_no_extra_params","This action does not need extra parameters.","Bulk no extra params","ok"
"users_bulk_none","none","geen","ok"
"users_bulk_ready_suffix","ready to apply","klaar om toe te passen","ok"
"users_bulk_select_one","Select at least one user.","Bulk select one","ok"
"users_bulk_select_preset","Choose a preset","Bulk select preset","ok"
"users_bulk_selected_suffix","users selected","Bulk selected suffix","ok"
"users_bulk_step_action","Choose action","Bulk step action","ok"
"users_bulk_step_select","Select users","Bulk step select","ok"
"users_bulk_step_verify","Validate config","Bulk step verify","ok"
"users_bulk_summary_placeholder","Your action summary will appear here.","Bulk summary placeholder","ok"
"users_bulk_title","Bulk assistant","Bulkassistent","ok"
"users_bulk_valid_prefix","Valid","Geldig","ok"
"users_clear_expiry","Clear expiry","Vervaldatum wissen","ok"
"users_close","Close","Sluiten","ok"
"users_col_expiry","Expiry","Col expiry","ok"
"users_col_group","Group","Col group","ok"
"users_col_invite","Invite","Col invite","ok"
"users_delete_confirm","Delete permanently","Definitief verwijderen","ok"
"users_delete_confirm_template","User ""{username}"" will be deleted from AD, Jellyfin, and the local database. This action is irreversible.","Gebruiker ""{username}"" wordt verwijderd uit AD, Jellyfin en de lokale database. Deze actie kan niet ongedaan worden gemaakt.","ok"
"users_delete_confirm_title","Confirm deletion","Verwijderen bevestigen","ok"
"users_delete_error","Unable to delete this user.","Delete error","ok"
"users_delete_title","Delete user","Delete title","ok"
"users_deleted","User deleted","Deleted","ok"
"users_displayed_count","displayed /","weergegeven /","ok"
"users_edit","Edit","Bewerken","ok"
"users_edit_title","Edit account","Edit title","ok"
"users_filter_expiry_active","With expiry date","Filter expiry active","ok"
"users_filter_expiry_expired","Already expired","Filter expiry expired","ok"
"users_filter_expiry_none","No expiry date","Filter expiry none","ok"
"users_filter_extra_all","Any extra signal","Filter extra all","ok"
"users_filter_invite_all","Any invite state","Filter invite all","ok"
"users_filter_invite_disabled","Invite disabled","Filter invite disabled","ok"
"users_filter_invite_enabled","Invite enabled","Filter invite enabled","ok"
"users_filter_jellyfin_all","Any Jellyfin state","Filter jellyfin all","ok"
"users_filter_jellyfin_disabled","Jellyfin disabled","Filter jellyfin disabled","ok"
"users_filter_jellyfin_missing","Missing in Jellyfin","Filter jellyfin missing","ok"
"users_filter_jellyfin_ok","Healthy in Jellyfin","Filter jellyfin ok","ok"
"users_filter_status_all","Any account status","Filter status all","ok"
"users_filter_with_email","Has email address","Filter with email","ok"
"users_filter_without_email","No email address","Filter without email","ok"
"users_filters_clear","Clear filters","Filters wissen","ok"
"users_filters_desc","Combine search, state, Jellyfin sync, invitation rights, and expiry signals.","Combineer zoeken, status, Jellyfin-sync, uitnodigingsrechten en vervalsignalen.","ok"
"users_filters_none","No active filters.","Geen actieve filters.","ok"
"users_filters_title","Find the right accounts","Vind de juiste accounts","ok"
"users_heading","User Management","Gebruikersbeheer","ok"
"users_jellyfin_disabled","Jellyfin disabled","Jellyfin uitgeschakeld","ok"
"users_jellyfin_missing","Jellyfin missing","Ontbreekt in Jellyfin","ok"
"users_jf_bitrate_placeholder","Remote bitrate limit (kbps)","Jf bitrate placeholder","ok"
"users_jf_download_allowed","Downloads allowed","Jf download allowed","ok"
"users_jf_download_blocked","Downloads blocked","Jf download blocked","ok"
"users_jf_download_unchanged","Keep current download policy","Jf download unchanged","ok"
"users_jf_remote_allowed","Remote access allowed","Jf remote allowed","ok"
"users_jf_remote_blocked","Remote access blocked","Jf remote blocked","ok"
"users_jf_remote_unchanged","Keep current remote policy","Jf remote unchanged","ok"
"users_jf_sessions_placeholder","Max active sessions","Jf sessions placeholder","ok"
"users_live_filters_desc","See the active constraints before applying a bulk action.","Bekijk de actieve beperkingen voordat je een bulkactie toepast.","ok"
"users_live_filters_title","Filter snapshot","Filteroverzicht","ok"
"users_load_error","Unable to load users","Load error","ok"
"users_load_error_details","The users list could not be loaded.","Load error details","ok"
"users_no","No","Nee","ok"
"users_no_filter_match","No account matches the current filters.","No filter match","ok"
"users_no_local","No local accounts found yet.","No local","ok"
"users_overview_expiring","Expired access","Toegang verlopen","ok"
"users_overview_filtered","Visible now","Nu zichtbaar","ok"
"users_overview_inviters","Can invite","Mag uitnodigen","ok"
"users_overview_total","Total accounts","Totaal aantal accounts","ok"
"users_reset","Reset","Resetten","ok"
"users_reset_error","Unable to send the password reset message.","Reset error","ok"
"users_reset_sent","Password reset link sent to {username}","Link voor wachtwoordreset verzonden naar {username}","ok"
"users_search_placeholder","Search...","Zoeken...","ok"
"users_segment_access","Access policy","Toegangsbeleid","ok"
"users_segment_accounts","Account state","Accountstatus","ok"
"users_segment_delivery","Communication","Communicatie","ok"
"users_select_filtered","Select filtered","Gefilterde selecteren","ok"
"users_selection_clear","Clear selection","Selectie wissen","ok"
"users_selection_desc","Review the exact accounts that will be affected next.","Controleer exact welke accounts hierna worden geraakt.","ok"
"users_selection_empty","No users selected yet.","Nog geen gebruikers geselecteerd.","ok"
"users_selection_more","+{count} more","+{count} meer","ok"
"users_selection_title","Selection snapshot","Selectieoverzicht","ok"
"users_subheading","Manage accounts, enable or delete users","Beheer accounts, activeer of verwijder gebruikers","ok"
"users_subheading_extended","Manage local accounts, Jellyfin sync state, invitation rights, and expiry rules from one control room.","Beheer lokale accounts, Jellyfin-synchronisatiestatus, uitnodigingsrechten en vervalregels vanuit Ã©Ã©n controlekamer.","ok"
"users_sync_confirm","Launch a synchronization against Jellyfin now?","Sync confirm","ok"
"users_sync_done","Jellyfin sync completed","Sync done","ok"
"users_sync_error","Jellyfin sync failed","Sync error","ok"
"users_sync_jellyfin","Sync Jellyfin","Jellyfin synchroniseren","ok"
"users_sync_jellyfin_title","Refresh local data from Jellyfin","Lokale gegevens uit Jellyfin verversen","ok"
"users_sync_network_error","Network error during Jellyfin synchronization","Sync network error","ok"
"users_table_desc","Inspect each local account, then edit, reset, trace, enable, or delete in one click.","Controleer elk lokaal account en bewerk, reset, volg, activeer of verwijder het met Ã©Ã©n klik.","ok"
"users_table_title","Accounts list","Accountlijst","ok"
"users_timeline_critical","Critical","Timeline critical","ok"
"users_timeline_empty","No timeline events found for this user.","Timeline empty","ok"
"users_timeline_important","Important","Timeline important","ok"
"users_timeline_info","Info","Timeline info","ok"
"users_timeline_load_error","Unable to load the user timeline.","Timeline load error","ok"
"users_timeline_subtitle","{username} ({email})","{username} ({email})","untranslated"
"users_timeline_title","User timeline","Timeline title","ok"
"users_timeline_trace","Trace","Timeline trace","ok"
"users_title","Users","Gebruikers","ok"
"users_toggle_error","Unable to update the account status.","Toggle error","ok"
"users_toggle_updated","Account status updated","Toggle updated","ok"
"users_toolbar_desc","Start with a filter, then use the bulk assistant or one-click actions on the right accounts.","Begin met een filter en gebruik daarna de bulkassistent of directe acties op de juiste accounts.","ok"
"users_toolbar_title","User operations","Gebruikersacties","ok"
"users_update_error","Unable to save account changes.","Update error","ok"
"users_updated","Account updated","Bijgewerkt","ok"
"users_yes","Yes","Ja","ok"
"verify_email_invite_expired_heading","Verification link expired","Verificatielink verlopen","ok"
"verify_email_invite_expired_message","This signup confirmation link has expired. Submit the invitation form again to receive a new email.","Deze bevestigingslink voor registratie is verlopen. Verstuur het uitnodigingsformulier opnieuw om een nieuwe e-mail te ontvangen.","ok"
"verify_email_invite_failed_heading","Account creation failed","Account kon niet worden aangemaakt","ok"
"verify_email_invite_failed_message","We could not finish creating your account from this invitation. Submit the invitation form again or ask for a new invitation.","We konden het aanmaken van je account met deze uitnodiging niet voltooien. Verstuur het uitnodigingsformulier opnieuw of vraag om een nieuwe uitnodiging.","ok"
"verify_email_invite_success_heading","Email verified, account created","E-mail bevestigd, account aangemaakt","ok"
"verify_email_invite_success_message","Your email address has been confirmed and your account is now ready. You can sign in to Jellyfin.","Je e-mailadres is bevestigd en je account is nu klaar. Je kunt nu inloggen op Jellyfin.","ok"
"view_all","View all","Alles bekijken","ok"