key,english,pl,status
"app_description","Invitation and user manager for Jellyfin","Menedzer zaproszen i uzytkownikow dla Jellyfin","ok"
"automation_add","Add","Dodaj","ok"
"automation_col_bitrate","Bitrate (kbps)","Kolumna bitrate","ok"
"automation_col_delete_days","Delete after (days)","Kolumna usun dni","ok"
"automation_col_disable_days","Disable after (days)","Kolumna wylacz dni","ok"
"automation_col_download","Downloads","Kolumna pobieranie","ok"
"automation_col_group","Group","Kolumna grupa","ok"
"automation_col_id","ID","Kolumna id","ok"
"automation_col_last_run","Last run","Kolumna ostatnie uruchomienie","ok"
"automation_col_ldap_dn_optional","LDAP DN (optional)","Kolumna ldap dn opcjonalne","ok"
"automation_col_name","Name","Kolumna nazwa","ok"
"automation_col_payload","Payload","Dane","ok"
"automation_col_preset_target","Target preset","Preset docelowy","ok"
"automation_col_remote","Remote access","Dostep zdalny","ok"
"automation_col_schedule","Schedule","Harmonogram","ok"
"automation_col_sessions","Sessions","Sesje","ok"
"automation_col_source","Source","Zrodlo","ok"
"automation_col_type","Type","Typ","ok"
"automation_create","Create","Utworz","ok"
"automation_delete","Delete","Usun","ok"
"automation_disable","Disable","Wylacz","ok"
"automation_enable","Enable","Wlacz","ok"
"automation_error_group_mappings","Unable to load group mappings.","Nie mozna zaladowac mapowan grup.","ok"
"automation_error_presets","Unable to load presets.","Nie mozna zaladowac presetow.","ok"
"automation_error_tasks","Unable to load tasks.","Nie mozna zaladowac zadan.","ok"
"automation_group_mappings_desc","Map LDAP or application groups to Jellyfin presets.","Powiaz grupy LDAP lub aplikacji z presetami Jellyfin.","ok"
"automation_group_mappings_title","Group mappings","Mapowania grup","ok"
"automation_guidance_desc","Start with Jellyfin access presets, attach them to groups, then schedule the recurring jobs that keep everything in sync.","Zacznij od presetow dostepu Jellyfin, przypnij je do grup, a potem zaplanuj cykliczne zadania, ktore beda utrzymywac porzadek automatycznie.","ok"
"automation_guidance_title","Keep presets, groups, and schedules aligned.","Utrzymuj presety, grupy i harmonogramy w zgodzie.","ok"
"automation_kicker","Automation control room","Centrum automatyzacji","ok"
"automation_mappings_saved","Group mappings saved.","Mapowania zapisano","ok"
"automation_new_preset","New preset","Nowy preset","ok"
"automation_no_group_mappings","No group mappings configured.","Brak skonfigurowanych mapowan grup.","ok"
"automation_no_presets","No presets configured.","Brak skonfigurowanych presetow.","ok"
"automation_no_tasks","No scheduled tasks.","Brak zaplanowanych zadan.","ok"
"automation_presets_desc","Define the reusable Jellyfin access baseline that can be applied manually or through group mappings.","Zdefiniuj wielokrotnie uzywana baze dostepu Jellyfin do recznego zastosowania lub przez mapowania grup.","ok"
"automation_presets_saved","Presets saved.","Presety zapisano.","ok"
"automation_presets_title","Jellyfin presets","Presety Jellyfin","ok"
"automation_run_now","Run now","Uruchom teraz","ok"
"automation_save","Save","Zapisz","ok"
"automation_save_mappings_failed","Unable to save group mappings.","Nie mozna zapisac mapowan grup.","ok"
"automation_save_presets_failed","Unable to save presets.","Nie mozna zapisac presetow.","ok"
"automation_select_preset","Select a preset","Wybierz preset","ok"
"automation_subheading","Manage presets, mappings, and scheduled tasks.","Zarzadzaj presetami, mapowaniami i zadaniami harmonogramu.","ok"
"automation_task_builder_desc","Use clear names and a stable hour/minute so the job remains easy to audit later.","Uzywaj czytelnych nazw i stabilnej godziny oraz minuty, aby latwiej bylo to pozniej audytowac.","ok"
"automation_task_builder_title","Build a scheduled task","Zbuduj zadanie harmonogramu","ok"
"automation_task_create_failed","Unable to create task.","Nie mozna utworzyc zadania.","ok"
"automation_task_created","Task created.","Zadanie utworzono.","ok"
"automation_task_delete_confirm","Delete this task?","Usunac to zadanie?","ok"
"automation_task_delete_failed","Unable to delete task.","Nie mozna usunac zadania.","ok"
"automation_task_deleted","Task deleted.","Zadanie usunieto.","ok"
"automation_task_enabled","Enabled","Wlaczone","ok"
"automation_task_hour_placeholder","Hour (0-23)","Godzina (0-23)","ok"
"automation_task_minute_placeholder","Minute (0-59)","Minuta (0-59)","ok"
"automation_task_name_placeholder","Task name","Nazwa zadania","ok"
"automation_task_payload_empty","No payload","Brak payloadu","ok"
"automation_task_payload_placeholder","JSON payload (optional)","JSON payload (opcjonalnie)","ok"
"automation_task_payload_ready","Payload ready","Payload gotowy","ok"
"automation_task_preview_empty","Fill the form to preview the schedule and execution state.","Uzupelnij formularz, aby podejrzec harmonogram i stan wykonania.","ok"
"automation_task_preview_title","Task preview","Podglad zadania","ok"
"automation_task_run_failed","Task execution failed.","Wykonanie zadania nie powiodlo sie.","ok"
"automation_task_run_success","Task started.","Zadanie uruchomione.","ok"
"automation_task_update_failed","Unable to update task.","Nie mozna zaktualizowac zadania.","ok"
"automation_tasks_desc","Create recurring jobs, then verify the schedule and payload before saving.","Tworz zadania cykliczne i sprawdzaj harmonogram oraz payload przed zapisaniem.","ok"
"automation_tasks_title","Scheduled tasks","Zadania zaplanowane","ok"
"automation_type_cleanup_resets_desc","Remove expired password reset requests to keep the recovery flow clean.","Usuwaj wygasle prosby resetu hasla, aby utrzymac porzadek w odzyskiwaniu dostepu.","ok"
"automation_type_create_backup_desc","Create a fresh backup snapshot for restore or audit purposes.","Tworz nowa migawke kopii zapasowej do odtwarzania lub audytu.","ok"
"automation_type_sync_users_desc","Sync local users with Jellyfin or directory state to keep access consistent.","Synchronizuj lokalnych uzytkownikow z Jellyfin lub katalogiem, aby zachowac spojny dostep.","ok"
"back_to_login","Back to login","Powrot do logowania","ok"
"base_language_label","Language","Jezyk","ok"
"btn_save","Save","Zapisz","ok"
"cancel","Cancel","Anuluj","ok"
"col_actions","Actions","Akcje","ok"
"col_created_at","Date","Data","ok"
"col_email","Email","E-mail","ok"
"col_invited_by","Invited by","Zaproszony przez","ok"
"col_jellyfin","Jellyfin","Jellyfin","untranslated"
"col_status","Status","Status","untranslated"
"col_username","User","Uzytkownik","ok"
"common_bad_request","Invalid request","Nieprawidlowa prosba","ok"
"common_next","Next","Nastepna","ok"
"common_previous","Previous","Poprzednia","ok"
"common_server_error","Server error","Blad serwera","ok"
"dashboard_heading","Dashboard","Panel glowny","ok"
"dashboard_intro_title","Jellyfin Access Manager","Menedżer dostępu Jellyfin","ok"
"dashboard_my_account_title","Account","Moje konto","ok"
"dashboard_no_users","No users yet","Brak uÅ¼ytkownikÃ³w","ok"
"dashboard_open_my_account","Open My Account","OtwÃ³rz moje konto","ok"
"dashboard_panel_invites_title","Invitations","Zaproszenia","ok"
"dashboard_panel_settings_title","Settings","Ustawienia","ok"
"dashboard_panel_users_title","Users","Użytkownicy","ok"
"dashboard_recent_users","Recent users","Ostatni uzytkownicy","ok"
"dashboard_stats_title","Pulse","Aktywność","ok"
"dashboard_title","Dashboard","Panel glowny","ok"
"dashboard_welcome","Welcome","Witamy","ok"
"failure","Failure","Blad","ok"
"field_display_name","Display name","Nazwa wyswietlana","ok"
"field_display_name_placeholder","E.g. John Doe","Np. John Doe","ok"
"field_email","Email","E-mail","ok"
"field_email_placeholder","E.g. john@example.com","Np. john@example.com","ok"
"field_email_required","Email","E-mail","ok"
"field_identifier","Email or username","E-mail lub nazwa uzytkownika","ok"
"field_identifier_placeholder","E.g. john_doe or john@example.com","Np. john_doe lub john@example.com","ok"
"field_new_password","New password","Nowe haslo","ok"
"field_password","Password","Haslo","ok"
"field_password_confirm","Confirm password","Potwierdz haslo","ok"
"field_password_confirm_placeholder","Re-enter your password","Wpisz haslo ponownie","ok"
"field_password_placeholder","Minimum 8 characters","Minimum 8 znakow","ok"
"field_username","Username","Nazwa uzytkownika","ok"
"field_username_help","3-32 characters: letters, numbers, dashes, underscores","3-32 znaki: litery, cyfry, myslniki i podkreslenia","ok"
"field_username_placeholder","E.g. john_doe","Np. john_doe","ok"
"i18n_report_back_settings","Back to settings","Powrot do ustawien","ok"
"i18n_report_col_fallback","Fallback values","Wartosci fallback","ok"
"i18n_report_col_locale","Locale","Jezyk","ok"
"i18n_report_col_missing_base","Missing vs base","Braki wzgledem bazy","ok"
"i18n_report_col_missing_template","Missing template keys","Brakujace klucze szablonow","ok"
"i18n_report_col_placeholder","Placeholder mismatches","Niezgodne placeholdery","ok"
"i18n_report_col_total_keys","Total keys","Laczna liczba kluczy","ok"
"i18n_report_intro","Checks template key coverage, placeholder consistency, and fallback values by locale.","Sprawdza pokrycie kluczy szablonow, zgodnosc placeholderow i wartosci fallback dla kazdego jezyka.","ok"
"i18n_report_load_error","Unable to load the i18n report.","Nie mozna zaladowac raportu i18n.","ok"
"i18n_report_no_data","No data.","Brak danych.","ok"
"i18n_report_title","i18n Report","Raport i18n","ok"
"invitations_badge_active","Active","Aktywne","ok"
"invitations_badge_expired","Expired","Wygasle","ok"
"invitations_col_email","Delivery","Wysylka","ok"
"invitations_col_link_code","Invitation link","Link zaproszenia","ok"
"invitations_col_link_expiry","Link expiry","Waznosc linku","ok"
"invitations_col_profile_expiry","Account policy","Polityka konta","ok"
"invitations_conversion_rate","Conversion rate","Wskaznik konwersji","ok"
"invitations_conversions","Conversions","Konwersje","ok"
"invitations_copy","Copy","Kopiuj","ok"
"invitations_copy_full_link","Copy full link","Kopiuj pelny link","ok"
"invitations_copy_unavailable","Clipboard access is unavailable","Schowek jest niedostepny","ok"
"invitations_create_desc","Generate a reusable signup link, prefill account rules, and optionally send it by email.","Wygeneruj wielokrotnego uzytku link rejestracyjny, wstepnie ustaw zasady konta i w razie potrzeby wyslij go e-mailem.","ok"
"invitations_create_link","Create invitation","Utworz zaproszenie","ok"
"invitations_create_title","Invitation flow","Przeplyw zaproszen","ok"
"invitations_created","Invitation created","Zaproszenie utworzone","ok"
"invitations_default_policy","Default policy","Polityka domyslna","ok"
"invitations_delete","Delete","Usun","ok"
"invitations_delete_after_days","Delete account after {n} days","Usun konto po {n} dniach","ok"
"invitations_delete_desc","This invitation will be removed permanently. Existing users created from it are not affected.","To zaproszenie zostanie trwale usuniete. Uzytkownicy utworzeni na jego podstawie nie zostana naruszeni.","ok"
"invitations_delete_title","Delete invitation","Usun zaproszenie","ok"
"invitations_deleted","Invitation deleted","Zaproszenie usuniete","ok"
"invitations_disable_after_days","Disable account after {n} days","Wylacz konto po {n} dniach","ok"
"invitations_email_manual","Email delivery","Wysylka e-mail","ok"
"invitations_error_loading","Unable to load invitations","Nie mozna zaladowac zaproszen","ok"
"invitations_expires_on","Expires on {date}","Wygasa {date}","ok"
"invitations_forced_username","Reserved username","Zarezerwowana nazwa uzytkownika","ok"
"invitations_forced_username_help","Optional. Lock the signup to a single username when you need a pre-assigned account.","Opcjonalne. Ogranicz rejestracje do jednej nazwy uzytkownika, gdy konto jest juz przypisane.","ok"
"invitations_forced_username_placeholder","Leave blank to let the user choose","Pozostaw puste, aby uzytkownik wybral sam","ok"
"invitations_group_default","Default group","Grupa domyslna","ok"
"invitations_group_prefix","Group: {group}","Grupa: {group}","ok"
"invitations_invalid_max_uses","Your current policy allows between 1 and {n} uses per link.","Twoja obecna polityka pozwala na od 1 do {n} uzyc linku.","ok"
"invitations_invalid_user_expiry","Choose a relative or absolute expiry before creating the invitation.","Wybierz wzgledna lub bezwzgledna date wygasniecia przed utworzeniem zaproszenia.","ok"
"invitations_invite_option_enabled_help","The invited account will be allowed to create invitations after signup.","Zaproszone konto bedzie moglo tworzyc zaproszenia po rejestracji.","ok"
"invitations_invite_option_policy_limited","Your role cannot grant invite rights on new accounts.","Twoja rola nie moze nadawac praw do zapraszania nowym kontom.","ok"
"invitations_last_link_label","Latest generated link","Ostatnio wygenerowany link","ok"
"invitations_last_link_placeholder","The newest invitation URL will appear here","Najnowszy adres URL zaproszenia pojawi sie tutaj","ok"
"invitations_link_copied","Invitation link copied","Link zaproszenia skopiowany","ok"
"invitations_link_expires_label","Link expiry","Waznosc linku","ok"
"invitations_link_help_default","Leave empty to keep the link valid until it is used or revoked.","Pozostaw puste, aby link byl wazny do czasu uzycia lub cofniecia.","ok"
"invitations_link_help_limited","Your current policy recommends an expiry within the next {n} hours.","Twoja obecna polityka zaleca wygasniecie w ciagu najblizszych {n} godzin.","ok"
"invitations_links_active","Active links","Aktywne linki","ok"
"invitations_links_closed","Closed links","Zamkniete linki","ok"
"invitations_links_created","Links created","Utworzone linki","ok"
"invitations_max_uses_label","Maximum uses","Maksymalna liczba uzyc","ok"
"invitations_new_invitation","New invitation","Nowe zaproszenie","ok"
"invitations_new_user_can_invite","Grant invite rights to the new account","Nadaj nowemu kontu prawo zapraszania","ok"
"invitations_no_link_to_copy","There is no invitation link to copy yet.","Nie ma jeszcze linku zaproszenia do skopiowania.","ok"
"invitations_no_planned_delete","No deletion planned","Brak zaplanowanego usuniecia","ok"
"invitations_none_active","No active invitations found.","Nie znaleziono aktywnych zaproszen.","ok"
"invitations_policy_base_links","Base URL: {url}","Bazowy URL: {url}","ok"
"invitations_policy_expiry_locked","User expiry is locked by the active invitation policy.","Wygasniecie uzytkownika jest zablokowane przez aktywna polityke zaproszen.","ok"
"invitations_policy_grant_locked","Invite rights are locked by the active invitation policy.","Prawa do zapraszania sa zablokowane przez aktywna polityke zaproszen.","ok"
"invitations_policy_loading","Loading invitation policy...","Ladowanie polityki zaproszen...","ok"
"invitations_policy_max_ttl","Max link lifetime: {n}h","Maksymalny czas zycia linku: {n}h","ok"
"invitations_policy_max_uses","Max uses per link: {n}","Maksymalna liczba uzyc linku: {n}","ok"
"invitations_policy_quota_day","Daily quota: {n}","Limit dzienny: {n}","ok"
"invitations_policy_quota_month","Monthly quota: {n}","Limit miesieczny: {n}","ok"
"invitations_policy_quota_week","Weekly quota: {n}","Limit tygodniowy: {n}","ok"
"invitations_rate","Rate","Wskaznik","ok"
"invitations_role_can_invite","can invite others","moze zapraszac","ok"
"invitations_role_standard","standard account","konto standardowe","ok"
"invitations_section_link_settings","Link settings","Ustawienia linku","ok"
"invitations_section_smtp_notification","Email delivery","Wysylka e-mail","ok"
"invitations_section_user_profile","Future account rules","Zasady przyszlego konta","ok"
"invitations_send_to_email_help","Optional. If SMTP is configured, JellyGate sends the invitation immediately.","Opcjonalne. Jesli SMTP jest skonfigurowane, JellyGate natychmiast wysle zaproszenie.","ok"
"invitations_send_to_email_label","Send invitation to","Wyslij zaproszenie do","ok"
"invitations_sponsor","Sponsor","Sponsor","untranslated"
"invitations_sponsor_dashboard","Sponsor activity","Aktywnosc sponsorow","ok"
"invitations_sponsor_no_data","No sponsor activity available yet.","Brak jeszcze aktywnosci sponsorow.","ok"
"invitations_stats_error","Unable to load sponsor statistics","Nie mozna zaladowac statystyk sponsorow","ok"
"invitations_stats_loading","Loading sponsor statistics...","Ladowanie statystyk sponsorow...","ok"
"invitations_stats_updated_at","Updated {at}","Zaktualizowano {at}","ok"
"invitations_subheading","Create invitation links, monitor sponsor activity, and keep onboarding rules consistent.","Tworz linki zaproszen, sledz aktywnosc sponsorow i utrzymuj spojnosc zasad onboardingu.","ok"
"invitations_unknown_error","An unexpected error occurred","Wystapil nieoczekiwany blad","ok"
"invitations_unknown_sponsor","(unknown)","(nieznany)","ok"
"invitations_unlimited","Unlimited","Bez limitu","ok"
"invitations_user_expiry_absolute","Absolute account expiry","Bezwzgledna data wygasniecia konta","ok"
"invitations_user_expiry_absolute_help","Optional. Set a fixed expiry date instead of a relative delay.","Opcjonalne. Ustaw stala date wygasniecia zamiast opoznienia wzglednego.","ok"
"invitations_user_expiry_days_help","Apply a relative expiry window once the invited account is created.","Zastosuj wzgledne okno wygasniecia po utworzeniu zaproszonego konta.","ok"
"invitations_user_expiry_enable","Set an expiry policy for the invited account","Ustaw zasade wygasniecia dla zaproszonego konta","ok"
"invitations_user_expiry_future","The absolute expiry must be in the future.","Bezwzgledna data wygasniecia musi byc w przyszlosci.","ok"
"invitations_uses","Uses","Uzycia","ok"
"invitations_uses_help_default","Use 0 for unlimited redemptions.","Uzyj 0 dla nieograniczonej liczby rejestracji.","ok"
"invitations_uses_help_limited","Your current policy allows between 1 and {n} redemptions.","Twoja obecna polityka pozwala na od 1 do {n} rejestracji.","ok"
"invite_error_config","Invitation configuration error","Blad konfiguracji zaproszenia","ok"
"invite_error_email_verification_unavailable","Email verification is enabled, but email sending is unavailable right now.","Weryfikacja e-mail jest wlaczona, ale wysylanie wiadomosci jest teraz niedostepne.","ok"
"invite_error_invalid_or_expired","Invalid or expired invitation","Nieprawidlowe lub wygasle zaproszenie","ok"
"invite_error_jellyfin_create","Error while creating the account (Jellyfin)","Blad podczas tworzenia konta (Jellyfin)","ok"
"invite_error_ldap_create","Error while creating the account (LDAP)","Blad podczas tworzenia konta (LDAP)","ok"
"invite_error_persist","Error while saving the account","Blad podczas zapisywania konta","ok"
"invite_footer","Powered by JellyGate","Napedzane przez JellyGate","ok"
"invite_heading","Create your account","Utworz konto","ok"
"invite_login_jellyfin","Sign in to Jellyfin","Zaloguj sie do Jellyfin","ok"
"invite_open_jellyseerr","Open Jellyseerr","Otworz Jellyseerr","ok"
"invite_open_jellytrack","Open jellytrack","Otworz jellytrack","ok"
"invite_quick_links","Quick links","Szybkie linki","ok"
"invite_subheading","Fill in the form to join the media library","Wypelnij formularz, aby dolaczyc do biblioteki multimedialnej","ok"
"invite_submit","Create my account","Utworz moje konto","ok"
"invite_success_hybrid","Welcome {username}! Your account was created in Jellyfin and in LDAP.","Witamy {username}. Twoje konto zostalo utworzone w Jellyfin i w LDAP.","ok"
"invite_success_ldap_only","Welcome {username}! Your account was created in LDAP. Jellyfin access will use your LDAP integration.","Witamy {username}. Twoje konto zostalo utworzone w LDAP. Dostep do Jellyfin bedzie korzystal z integracji LDAP.","ok"
"invite_success_pending_verification","Check your email to confirm the creation of account {username}. Your account will be created only after this confirmation.","Sprawdz swoj e-mail, aby potwierdzic utworzenie konta {username}. Konto zostanie utworzone dopiero po tym potwierdzeniu.","ok"
"invite_title","Sign Up","Rejestracja","ok"
"login_error_forbidden","You are not an administrator","Nie masz uprawnien administratora","ok"
"login_error_invalid","Invalid credentials","Nieprawidlowe dane logowania","ok"
"login_error_required","Enter both your username and password.","Wpisz nazwe uzytkownika i haslo.","ok"
"login_forgot_password","Forgot password?","Zapomniales hasla?","ok"
"login_jellyfin_desc","Media library access","Dostęp do biblioteki","ok"
"login_jellyseerr_desc","Browse and request content","Prośby o treść","ok"
"login_jellytrack_desc","Playback statistics tracking","Statystyki","ok"
"login_shortcuts","Shortcuts","Skróty","ok"
"login_subheading","Administration","Administracja","ok"
"login_submit","Sign in","Zaloguj sie","ok"
"login_title","Login","Logowanie","ok"
"logs_col_action","Action","Akcja","ok"
"logs_col_actor","Actor","Aktor","ok"
"logs_col_details","Details","Szczegoly","ok"
"logs_col_target","Target","Cel","ok"
"logs_load_error","Unable to load audit logs","Nie mozna zaladowac dziennika audytu","ok"
"logs_loading","Loading audit logs...","Ladowanie dziennika audytu...","ok"
"logs_network_error","Network error while loading audit logs","Blad sieci podczas ladowania dziennika audytu","ok"
"logs_no_results","No audit events match the current filters.","Brak zdarzen audytu pasujacych do biezacych filtrow.","ok"
"logs_no_results_short","No matching events","Brak pasujacych zdarzen","ok"
"logs_of_label","of","z","ok"
"logs_page_label","Page","Strona","ok"
"logs_pagination_loading","Loading pagination...","Ladowanie stronicowania...","ok"
"logs_per_page_suffix","per page","na strone","ok"
"logs_search_placeholder","Search actions, actors, targets, details, or request IDs","Szukaj akcji, aktorow, celow, szczegolow lub request_id","ok"
"logs_system_actor","System","System","untranslated"
"logs_total_label","Total","Lacznie","ok"
"my_account_channel_discord","Discord","Discord","untranslated"
"my_account_channel_email","Email","E-mail","ok"
"my_account_channel_optin","Delivery channels","Kanaly dostawy","ok"
"my_account_channel_telegram","Telegram","Telegram","untranslated"
"my_account_contact_help","Update contact information and notification preferences.","Zaktualizuj dane kontaktowe i preferencje powiadomień.","ok"
"my_account_default_server_lang","Use the server default language","Uzyj domyslnego jezyka serwera","ok"
"my_account_edit_profile","Edit profile","Edytuj profil","ok"
"my_account_email_pending_label","Pending email:","Oczekujacy e-mail:","ok"
"my_account_email_status_missing","No email configured","Brak skonfigurowanego e-maila","ok"
"my_account_email_status_pending","Pending verification","Weryfikacja oczekuje","ok"
"my_account_email_status_unverified","Verification required","Wymagana weryfikacja","ok"
"my_account_email_status_verified","Verified","Zweryfikowany","ok"
"my_account_email_verification_help","Confirm this email address to receive account messages and recovery links.","Potwierdz ten adres e-mail, aby otrzymywac wiadomosci o koncie i linki odzyskiwania.","ok"
"my_account_email_verification_label","Email verification","Weryfikacja e-maila","ok"
"my_account_email_verification_missing","Add an email address to enable verification and password recovery.","Dodaj adres e-mail, aby wlaczyc weryfikacje i odzyskiwanie hasla.","ok"
"my_account_email_verification_ok","Your current email address is verified.","TwÃ³j aktualny adres e-mail jest zweryfikowany.","ok"
"my_account_email_verification_pending","Check your inbox and click the confirmation link sent to the pending address.","Sprawdz skrzynke odbiorcza i otworz link wyslany na oczekujacy adres.","ok"
"my_account_email_verification_resend","Resend verification email","Wyslij e-mail weryfikacyjny ponownie","ok"
"my_account_email_verification_send_error","Unable to send a verification email","Nie mozna wyslac e-maila weryfikacyjnego","ok"
"my_account_email_verification_sent","A verification email has been sent.","Wyslano e-mail weryfikacyjny.","ok"
"my_account_label_access_expiry","Access expiry","Wygasniecie dostepu","ok"
"my_account_label_confirm_password","Confirm new password","Potwierdz nowe haslo","ok"
"my_account_label_discord","Discord handle","Nazwa Discord","ok"
"my_account_label_email","Email address","Adres e-mail","ok"
"my_account_label_new_password","New password","Nowe haslo","ok"
"my_account_label_preferred_lang","Preferred language","Preferowany jezyk","ok"
"my_account_label_role","Role","Rola","ok"
"my_account_label_telegram","Telegram handle","Nazwa Telegram","ok"
"my_account_label_user","Username","Nazwa uzytkownika","ok"
"my_account_load_error","Unable to load your account","Nie mozna zaladowac twojego konta","ok"
"my_account_no_expiry","No expiry configured","Brak ustawionej daty wygasniecia","ok"
"my_account_notify_events","Notify me about account events","Powiadamiaj mnie o zdarzeniach konta","ok"
"my_account_notify_expiry","Notify me before access expires","Powiadom mnie przed wygasnieciem dostepu","ok"
"my_account_password_help","Change your password. Choose a strong password (min. 8 characters).","Zmień hasło. Wybierz silne hasło (min. 8 znaków).","ok"
"my_account_password_min_hint","At least 8 characters","Co najmniej 8 znakow","ok"
"my_account_password_mismatch","The passwords do not match","Hasla nie sa takie same","ok"
"my_account_password_too_short","The password must contain at least 8 characters","Haslo musi miec co najmniej 8 znakow","ok"
"my_account_password_update_error","Unable to update the password","Nie mozna zaktualizowac hasla","ok"
"my_account_password_updated","Password updated","Haslo zaktualizowane","ok"
"my_account_save_error","Unable to save your preferences","Nie mozna zapisac preferencji","ok"
"my_account_save_preferences","Save preferences","Zapisz preferencje","ok"
"my_account_saved","Preferences saved","Preferencje zapisane","ok"
"my_account_section_contact","Contact and preferences","Kontakt i preferencje","ok"
"my_account_section_password","Password","Haslo","ok"
"my_account_section_profile","Profile summary","Podsumowanie profilu","ok"
"my_account_subheading","Keep your contact details, delivery channels, language, and password up to date.","Aktualizuj dane kontaktowe, kanaly dostawy, jezyk i haslo.","ok"
"my_account_subtitle","Manage your profile and preferences","Zarządzaj swoim profilem i preferencjami","ok"
"my_account_update_password","Update password","Zmien haslo","ok"
"nav_automation","Automation","Automatyzacja","ok"
"nav_dashboard","Dashboard","Panel","ok"
"nav_invitations","Invitations","Zaproszenia","ok"
"nav_logout","Sign out","Wyloguj","ok"
"nav_logs","Logs","Dzienniki","ok"
"nav_my_account","My Account","Moje konto","ok"
"nav_settings","Settings","Ustawienia","ok"
"nav_theme","Theme","Motyw","ok"
"nav_users","Users","Uzytkownicy","ok"
"password_match","Passwords match","Hasla sa zgodne","ok"
"password_mismatch","Passwords do not match","Hasla nie sa zgodne","ok"
"password_policy_missing","Missing requirements","Brakuje wymaganych elementow","ok"
"password_policy_ok","Password rules satisfied","Zasady hasla sa spelnione","ok"
"password_rule_at_least","at least {n} characters","co najmniej {n} znakow","ok"
"password_rule_at_most","at most {n} characters","maksymalnie {n} znakow","ok"
"password_rule_digit","one digit","jedna cyfra","ok"
"password_rule_lower","one lowercase letter","jedna mala litera","ok"
"password_rule_special","one special character","jeden znak specjalny","ok"
"password_rule_upper","one uppercase letter","jedna wielka litera","ok"
"password_rules_chars","characters","znakow","ok"
"password_rules_prefix","Rules:","Zasady:","ok"
"reset_new_heading","New password","Nowe haslo","ok"
"reset_new_subheading","Choose a new secure password","Wybierz nowe bezpieczne haslo","ok"
"reset_request_heading","Forgot password","Zapomniane haslo","ok"
"reset_request_subheading","Enter your identifier to receive a reset link","Wpisz swoj identyfikator, aby otrzymac link do resetu","ok"
"reset_request_submit","Send reset link","Wyslij link","ok"
"reset_submit","Reset password","Resetuj haslo","ok"
"reset_title","Password Reset","Reset hasla","ok"
"role_admin","Administrator","Administrator","untranslated"
"role_user","User","Uzytkownik","ok"
"settings_backup_action_delete","Delete","Usun","ok"
"settings_backup_action_export","Export","Eksportuj","ok"
"settings_backup_action_restore","Restore","Przywroc","ok"
"settings_backup_archives_desc","Restoration is prepared then applied on next JellyGate restart.","Backup Archives Desc","ok"
"settings_backup_archives_title","Available archives","Backup Archives Title","ok"
"settings_backup_col_actions","Actions","Backup Col Actions","ok"
"settings_backup_col_archive","Archive","Backup Col Archive","ok"
"settings_backup_col_date","Date","Backup Col Date","ok"
"settings_backup_col_size","Size","Backup Col Size","ok"
"settings_backup_create_now","Create backup now","Backup Create Now","ok"
"settings_backup_created","Backup created","Kopia zapasowa utworzona","ok"
"settings_backup_daily_time","Daily execution time","Backup Daily Time","ok"
"settings_backup_delete_confirm_prefix","Delete permanently","Usun trwale","ok"
"settings_backup_delete_error","Delete failed","Usuwanie nie powiodlo sie","ok"
"settings_backup_deleted","Backup deleted","Kopia zapasowa usunieta","ok"
"settings_backup_desc","Configure automatic backups, create manual backups, import archives, and prepare a restoration.","Backup Desc","ok"
"settings_backup_enable_auto","Enable automatic backups","Backup Enable Auto","ok"
"settings_backup_error","Backup error","Blad kopii zapasowej","ok"
"settings_backup_import_btn","Import","Backup Import Btn","ok"
"settings_backup_import_desc","Import a ZIP archive into JellyGate for later restoration. Export/Delete actions remain available below.","Backup Import Desc","ok"
"settings_backup_import_error","Import failed","Import nie powiodl sie","ok"
"settings_backup_import_title","Import a backup","Backup Import Title","ok"
"settings_backup_imported","Backup imported","Kopia zapasowa zaimportowana","ok"
"settings_backup_list_empty","No backup available.","Backup List Empty","ok"
"settings_backup_list_load_error","Unable to load backups.","Backup List Load Error","ok"
"settings_backup_list_pg_unavailable","PostgreSQL mode: SQLite archives are unavailable. Use pg_dump/pg_restore.","Backup List Pg Unavailable","ok"
"settings_backup_manual_desc","Create an exportable ZIP archive (SQLite DB + settings + templates).","Backup Manual Desc","ok"
"settings_backup_manual_title","Manual backup","Backup Manual Title","ok"
"settings_backup_pg_mode_desc_1","Native JellyGate ZIP backups (SQLite) are disabled.","Backup Pg Mode Desc 1","ok"
"settings_backup_pg_mode_desc_2","Use pg_dump and pg_restore for PostgreSQL.","Backup Pg Mode Desc 2","ok"
"settings_backup_pg_mode_title","PostgreSQL mode detected","Backup Pg Mode Title","ok"
"settings_backup_pg_not_supported","Action not supported in PostgreSQL mode","Akcja nieobslugiwana w trybie PostgreSQL","ok"
"settings_backup_pg_plan_unavailable","Local backup scheduler unavailable in PostgreSQL mode (use pg_dump/pg_restore)","Backup Pg Plan Unavailable","ok"
"settings_backup_restore_confirm_prefix","Prepare restoration for","Przygotuj przywrocenie dla","ok"
"settings_backup_restore_confirm_suffix","A restart is required.","Wymagany jest restart.","ok"
"settings_backup_restore_error","Restore failed","Przywracanie nie powiodlo sie","ok"
"settings_backup_restore_ready","Restoration prepared. Restart JellyGate.","Przywracanie przygotowane. Uruchom ponownie JellyGate.","ok"
"settings_backup_retention_fixed","Backups kept (fixed)","Backup Retention Fixed","ok"
"settings_backup_retention_help","JellyGate automatically keeps the latest 7 backups (including imports).","Backup Retention Help","ok"
"settings_backup_save_schedule","Save backup schedule","Backup Save Schedule","ok"
"settings_backup_select_zip","Select a .zip file","Wybierz plik .zip","ok"
"settings_backup_title","Backups and restoration","Backup Title","ok"
"settings_default_lang","Server default language","Domyslny jezyk serwera","ok"
"settings_default_lang_help","Language used when the user has no preference set","Jezyk uzywany, gdy uzytkownik nie ma ustawionej preferencji","ok"
"settings_default_none","Default (none)","Domyslne (brak)","ok"
"settings_email_base_desc","This shared shell contains the HTML used by all emails. Simple message content is inserted automatically between these two blocks.","This shared shell contains the HTML used by all emails. Simple message content is inserted automatically between these two blocks.","untranslated"
"settings_email_base_footer","Base template: HTML footer","Base template: HTML footer","untranslated"
"settings_email_base_header","Base template: HTML header","Base template: HTML header","untranslated"
"settings_email_base_live_preview_desc","The render updates automatically while you edit the header or footer.","The render updates automatically while you edit the header or footer.","untranslated"
"settings_email_base_live_preview_title","Live base preview","Live base preview","untranslated"
"settings_email_base_preview","Preview base template","Preview base template","untranslated"
"settings_email_base_preview_demo","You received an invitation to join the Jellyfin server.

The button and direct link appear automatically below this message.","You received an invitation to join the Jellyfin server.

The button and direct link appear automatically below this message.","untranslated"
"settings_email_base_preview_desc","This preview shows the shared shell with a simple message and the standard automatic blocks.","This preview shows the shared shell with a simple message and the standard automatic blocks.","untranslated"
"settings_email_base_restore","Restore default base","Restore default base","untranslated"
"settings_email_base_title","Shared base template","Shared base template","untranslated"
"settings_email_base_variables_title","Advanced variables for the base template","Advanced variables for the base template","untranslated"
"settings_email_body_mode_desc","The editors below are no-code: plain text only, with support for variables such as {{.Username}}, {{.Email}}, or {{.ExpiryDate}}. Buttons, links, and system dates are added automatically in the final render.","The message editors below are no-code: plain text only. Buttons, links, and system dates are added automatically in the final render.","ok"
"settings_email_body_mode_title","Simple messages without markup","Simple messages without markup","untranslated"
"settings_email_delivery_desc","Enable only the emails or sections that JellyGate should send automatically.","Wlacz tylko te e-maile lub sekcje, ktore JellyGate ma wysylac automatycznie.","ok"
"settings_email_delivery_title","Optional messages","Wiadomosci opcjonalne","ok"
"settings_email_preview_close_aria","Close preview","Email Preview Close Aria","ok"
"settings_email_preview_desc","Preview the final render with the shared email wrapper and demonstration values.","Email Preview Desc","ok"
"settings_email_preview_title","Email template preview","Email Preview Title","ok"
"settings_email_reminder_days","N days before expiry","Email Reminder Days","ok"
"settings_email_reminder_schedule_desc","Define how many days before expiration an automatic reminder is sent.","Email Reminder Schedule Desc","ok"
"settings_email_reminder_schedule_title","Expiry reminder schedule","Email Reminder Schedule Title","ok"
"settings_email_section_lifecycle","Account lifecycle","Cykl zycia konta","ok"
"settings_email_section_onboarding","Signup and invitations","Rejestracja i zaproszenia","ok"
"settings_email_section_security","Security and recovery","Bezpieczenstwo i odzyskiwanie","ok"
"settings_email_templates_desc","Write only the message content. JellyGate automatically inserts it into the shared email wrapper, and you can personalize the text with the available variables.","Edytuj tylko te wiadomosci, ktorych naprawde uzywasz. Sekcje po prawej utrzymuja porzadek na stronie.","ok"
"settings_email_templates_title","Email templates","Szablony e-maili","ok"
"settings_email_tpl_confirmation","Confirmation email","E-mail potwierdzajacy","ok"
"settings_email_tpl_confirmation_desc","Sent to confirm signup.","Email Tpl Confirmation Desc","ok"
"settings_email_tpl_email_verification","Email verification","Weryfikacja e-maila","ok"
"settings_email_tpl_email_verification_desc","Sent to confirm a new or existing email address before account recovery and notifications.","Wysylany w celu potwierdzenia nowego lub istniejacego adresu e-mail przed odzyskiwaniem konta i powiadomieniami.","ok"
"settings_email_tpl_email_verification_subject","Email verification subject","Temat weryfikacji e-maila","ok"
"settings_email_tpl_email_verification_subject_desc","Subject line for email verification messages. Variables are supported.","Temat wiadomosci do weryfikacji e-maila. Zmienne sa obslugiwane.","ok"
"settings_email_tpl_expiry_adjusted","Expiry adjusted","Zmieniona data wygasniecia","ok"
"settings_email_tpl_expiry_adjusted_desc","Sent when account expiry date is modified.","Email Tpl Expiry Adjusted Desc","ok"
"settings_email_tpl_expiry_reminder","Expiry reminder","Przypomnienie o wygasnieciu","ok"
"settings_email_tpl_expiry_reminder_1","Expiry reminder D-1","Przypomnienie o wygasnieciu D-1","ok"
"settings_email_tpl_expiry_reminder_14","Expiry reminder D-14","Przypomnienie o wygasnieciu D-14","ok"
"settings_email_tpl_expiry_reminder_14_desc","Template sent 14 days before expiration.","Email Tpl Expiry Reminder 14 Desc","ok"
"settings_email_tpl_expiry_reminder_1_desc","Template sent 1 day before expiration.","Email Tpl Expiry Reminder 1 Desc","ok"
"settings_email_tpl_expiry_reminder_7","Expiry reminder D-7","Przypomnienie o wygasnieciu D-7","ok"
"settings_email_tpl_expiry_reminder_7_desc","Template sent 7 days before expiration.","Email Tpl Expiry Reminder 7 Desc","ok"
"settings_email_tpl_expiry_reminder_desc","Automatic notification before account expiry.","Email Tpl Expiry Reminder Desc","ok"
"settings_email_tpl_invitation","Invitation email","E-mail z zaproszeniem","ok"
"settings_email_tpl_invitation_desc","Main message guiding users to Jellyfin access.","Email Tpl Invitation Desc","ok"
"settings_email_tpl_invite_expiry","Invitation expiry","Wygasanie zaproszenia","ok"
"settings_email_tpl_invite_expiry_desc","Reminder that an invitation link will expire soon.","Email Tpl Invite Expiry Desc","ok"
"settings_email_tpl_password_reset","Password reset","Reset hasla","ok"
"settings_email_tpl_password_reset_desc","Contains reset link/code sent to user.","Email Tpl Password Reset Desc","ok"
"settings_email_tpl_post_signup_help","Post-signup help","Pomoc po rejestracji","ok"
"settings_email_tpl_post_signup_help_desc","Instructions after account creation.","Email Tpl Post Signup Help Desc","ok"
"settings_email_tpl_pre_signup_help","Pre-signup help","Pomoc przed rejestracja","ok"
"settings_email_tpl_pre_signup_help_desc","Guidance before creating the account.","Email Tpl Pre Signup Help Desc","ok"
"settings_email_tpl_user_creation","User creation","Konto utworzone","ok"
"settings_email_tpl_user_creation_desc","Confirms account creation by an administrator.","Email Tpl User Creation Desc","ok"
"settings_email_tpl_user_deletion","User deletion","Konto usuniete","ok"
"settings_email_tpl_user_deletion_desc","Notification that an account was deleted.","Email Tpl User Deletion Desc","ok"
"settings_email_tpl_user_deletion_disable_notice","Do not send this email on user deletion","Email Tpl User Deletion Disable Notice","ok"
"settings_email_tpl_user_disabled","User disabled","Konto wylaczone","ok"
"settings_email_tpl_user_disabled_desc","Sent when an account is disabled.","Email Tpl User Disabled Desc","ok"
"settings_email_tpl_user_enabled","User enabled","Konto ponownie aktywne","ok"
"settings_email_tpl_user_enabled_desc","Sent when an account is re-enabled.","Email Tpl User Enabled Desc","ok"
"settings_email_tpl_user_expired","User expired","Konto wygaslo","ok"
"settings_email_tpl_user_expired_desc","Sent when an account expires automatically.","Email Tpl User Expired Desc","ok"
"settings_email_tpl_welcome","Welcome","Witamy","ok"
"settings_email_tpl_welcome_desc","Global post-signup welcome message.","Email Tpl Welcome Desc","ok"
"settings_email_var_email","email address","Email Var Email","ok"
"settings_email_var_expires_in","validity duration","Email Var Expires In","ok"
"settings_email_var_expiry_date","expiry date","Email Var Expiry Date","ok"
"settings_email_var_help_url","support / onboarding URL","Email Var Help Url","ok"
"settings_email_var_invite_code","invitation code","Email Var Invite Code","ok"
"settings_email_var_invite_link","invitation link","Email Var Invite Link","ok"
"settings_email_var_jellyfin_url","Jellyfin login URL","Email Var Jellyfin Url","ok"
"settings_email_var_jellygate_url","public JellyGate URL","Email Var Jellygate Url","ok"
"settings_email_var_jellyseerr_url","Jellyseerr URL","Email Var Jellyseerr Url","ok"
"settings_email_var_message","custom message (admin invitation)","Email Var Message","ok"
"settings_email_var_reset_code","reset code","Email Var Reset Code","ok"
"settings_email_var_reset_link","reset link","Email Var Reset Link","ok"
"settings_email_var_username","username","Email Var Username","ok"
"settings_email_var_verification_code","email verification code","kod weryfikacji e-maila","ok"
"settings_email_var_verification_link","email verification link","link weryfikacji e-maila","ok"
"settings_email_variable_insert","Insert","Wstaw","ok"
"settings_email_variable_picker_label","Variable to insert","Zmienna do wstawienia","ok"
"settings_email_variable_picker_placeholder","Choose a variable","Wybierz zmienna","ok"
"settings_email_variables_title","Available variables","Email Variables Title","ok"
"settings_expiry_action_delete","Delete","Expiry Action Delete","ok"
"settings_expiry_action_disable","Disable","Expiry Action Disable","ok"
"settings_expiry_action_disable_then_delete","Disable then delete","Expiry Action Disable Then Delete","ok"
"settings_general_desc","Configure JellyGate global settings","Skonfiguruj globalne ustawienia JellyGate","ok"
"settings_general_title","General Settings","Ustawienia ogolne","ok"
"settings_host_required","Host *","Serwer *","ok"
"settings_invite_allow_inviter_grant","Allow inviters to let the new account create invitations","Allow inviters to let the new account create invitations","untranslated"
"settings_invite_allow_inviter_user_expiry","Allow inviters to customize user expiry","Invite Allow Inviter User Expiry","ok"
"settings_invite_delete_after_days","Delete account after (days)","Invite Delete After Days","ok"
"settings_invite_disable_after_days","Disable account after (days)","Invite Disable After Days","ok"
"settings_invite_enable_downloads","Allow direct downloads","Invite Enable Downloads","ok"
"settings_invite_expiry_action","Action on expiry","Invite Expiry Action","ok"
"settings_invite_inviter_max_link_hours","Max link TTL (hours, non-admin inviters)","Invite Inviter Max Link Hours","ok"
"settings_invite_inviter_max_uses","Max uses (non-admin inviters)","Invite Inviter Max Uses","ok"
"settings_invite_inviter_quota_day","Invite links quota / day (inviter)","Invite Inviter Quota Day","ok"
"settings_invite_inviter_quota_month","Invite links quota / month (inviter)","Invite Inviter Quota Month","ok"
"settings_invite_inviter_quota_week","Invite links quota / week (inviter)","Invite Inviter Quota Week","ok"
"settings_invite_password_max","Password max","Invite Password Max","ok"
"settings_invite_password_min","Password min","Invite Password Min","ok"
"settings_invite_profile_clone_user","Clone Jellyfin profile","Invite Profile Clone User","ok"
"settings_invite_profile_desc","These rules are automatically applied to each new invitation. Non-admin users cannot modify them from invitation creation.","Invite Profile Desc","ok"
"settings_invite_profile_preset","Jellyfin preset","Invite Profile Preset","ok"
"settings_invite_profile_title","Invitation profile","Invite Profile Title","ok"
"settings_invite_require_email","Email required at signup","E-mail wymagany podczas rejestracji","ok"
"settings_invite_require_email_verification","Verify email before account creation","Weryfikuj e-mail przed utworzeniem konta","ok"
"settings_invite_username_max","Username max","Invite Username Max","ok"
"settings_invite_username_min","Username min","Invite Username Min","ok"
"settings_ldap_base_dn","Base DN *","Bazowy DN *","ok"
"settings_ldap_bind_dn","Bind DN *","DN konta bind *","ok"
"settings_ldap_bind_password","Bind password *","Haslo bind *","ok"
"settings_ldap_desc","Connect JellyGate to your directory via LDAP/LDAPS","Polacz JellyGate z katalogiem przez LDAP lub LDAPS","ok"
"settings_ldap_domain","AD domain *","Domena AD *","ok"
"settings_ldap_group_admin","LDAP administrators group","Grupa LDAP administratorow","ok"
"settings_ldap_group_admin_help","This group targets full-control accounts.","Ta grupa jest przeznaczona dla kont z pelna kontrola.","ok"
"settings_ldap_group_inviter","LDAP inviter group","Grupa LDAP zapraszajacych","ok"
"settings_ldap_group_inviter_help","This group grants normal access and invite rights.","Ta grupa daje normalny dostep i uprawnienia do zapraszania.","ok"
"settings_ldap_group_member_attr","Group member attribute","Atrybut czlonka grupy","ok"
"settings_ldap_group_member_attr_help","Set to member (AD/groupOfNames) or memberUid (posixGroup).","Uzyj member (AD/groupOfNames) lub memberUid (posixGroup).","ok"
"settings_ldap_group_users","LDAP users group","Grupa LDAP uzytkownikow","ok"
"settings_ldap_group_users_help","Automatically assigned to standard users.","Automatycznie przypisywana standardowym uzytkownikom.","ok"
"settings_ldap_mode_hybrid","Hybrid (LDAP + Jellyfin)","Hybrydowy (LDAP + Jellyfin)","ok"
"settings_ldap_mode_ldap_only","LDAP only (no Jellyfin API user creation)","Tylko LDAP (bez tworzenia uzytkownikow przez API Jellyfin)","ok"
"settings_ldap_provision_mode","Provisioning mode","Tryb provisioningu","ok"
"settings_ldap_skip_verify","Skip TLS certificate verification","Pomin weryfikacje certyfikatu TLS","ok"
"settings_ldap_test_connection_btn","Test LDAP connection","Testuj polaczenie LDAP","ok"
"settings_ldap_test_credentials_required","Enter test username and password for Jellyfin LDAP plugin validation.","Podaj testowa nazwe uzytkownika i haslo, aby zweryfikowac wtyczke LDAP Jellyfin.","ok"
"settings_ldap_test_failed","Test failed","Test nieudany","ok"
"settings_ldap_test_jellyfin_btn","Test Jellyfin login (LDAP plugin)","Testuj logowanie Jellyfin (wtyczka LDAP)","ok"
"settings_ldap_test_password","Test password","Haslo testowe","ok"
"settings_ldap_test_running","Test in progress...","Trwa test...","ok"
"settings_ldap_test_success","Test succeeded","Test zakonczony pomyslnie","ok"
"settings_ldap_test_user_btn","Test user lookup","Testuj wyszukiwanie uzytkownika","ok"
"settings_ldap_test_username","Test user identifier","Testowy identyfikator uzytkownika","ok"
"settings_ldap_test_username_required","Enter a test user identifier.","Podaj testowy identyfikator uzytkownika.","ok"
"settings_ldap_tests_desc","These tests do not save configuration. They validate LDAP connection, user lookup with the configured login attribute, then Jellyfin LDAP plugin authentication.","Te testy nie zapisuja konfiguracji. Sprawdzaja polaczenie LDAP, wyszukiwanie uzytkownika na podstawie skonfigurowanego atrybutu logowania oraz uwierzytelnienie przez wtyczke LDAP Jellyfin.","ok"
"settings_ldap_tests_title","LDAP tests and Jellyfin LDAP plugin","Testy LDAP i wtyczka LDAP Jellyfin","ok"
"settings_ldap_title","Active Directory / LDAP","Active Directory / LDAP","untranslated"
"settings_ldap_tls","LDAPS (TLS)","LDAPS (TLS)","untranslated"
"settings_ldap_user_object_class","User objectClass","objectClass uzytkownika","ok"
"settings_ldap_user_object_class_help","Set to auto for detection, or force values like user, person, inetOrgPerson, posixAccount.","Ustaw auto dla wykrywania lub wymus user, person, inetOrgPerson, posixAccount.","ok"
"settings_ldap_user_ou","User OU","OU uzytkownikow","ok"
"settings_ldap_username_attr_ad","sAMAccountName (Active Directory)","sAMAccountName (Active Directory)","untranslated"
"settings_ldap_username_attr_auto","Auto-detect (AD/OpenLDAP)","Automatyczne wykrywanie (AD/OpenLDAP)","ok"
"settings_ldap_username_attr_cn","cn (common name)","cn (nazwa wspolna)","ok"
"settings_ldap_username_attr_uid","uid (OpenLDAP / Synology)","uid (OpenLDAP / Synology)","untranslated"
"settings_ldap_username_attr_upn","userPrincipalName (UPN)","userPrincipalName (UPN)","untranslated"
"settings_ldap_username_attribute","User login attribute","Atrybut logowania uzytkownika","ok"
"settings_ldap_username_attribute_help","Pick the LDAP attribute used to identify users (uid on Synology/OpenLDAP, sAMAccountName on Active Directory).","Wybierz atrybut LDAP uzywany do identyfikacji uzytkownikow (uid dla Synology/OpenLDAP, sAMAccountName dla Active Directory).","ok"
"settings_loading","Loading...","Ladowanie...","ok"
"settings_matrix_access_token","Access token","Matrix Access Token","ok"
"settings_matrix_homeserver_url","Homeserver URL","Matrix Homeserver Url","ok"
"settings_matrix_room_id","Room ID","Matrix Room Id","ok"
"settings_open_jellyfin","Open Jellyfin","Otworz Jellyfin","ok"
"settings_open_jellygate_public","Open public JellyGate","Otworz publiczny JellyGate","ok"
"settings_open_jellyseerr","Open Jellyseerr","Otworz Jellyseerr","ok"
"settings_open_jellytrack","Open jellytrack","Otworz jellytrack","ok"
"settings_overview_backup_desc","Plan backups, import archives, and prepare a safe restoration.","Planuj kopie zapasowe, importuj archiwa i przygotowuj bezpieczne odtworzenie.","ok"
"settings_overview_desc","Move quickly between language defaults, identity, delivery channels, templates, and recovery workflows.","Szybko przeÅ‚Ä…czaj siÄ™ miÄ™dzy jÄ™zykiem domyÅ›lnym, toÅ¼samoÅ›ciÄ…, kanaÅ‚ami wysyÅ‚ki, szablonami i odzyskiwaniem.","ok"
"settings_overview_general_desc","Public URLs, default language, and invitation defaults.","Publiczne adresy URL, jÄ™zyk domyÅ›lny i podstawowe reguÅ‚y zaproszeÅ„.","ok"
"settings_overview_ldap_desc","Directory connection, provisioning mode, groups, and validation tests.","PoÅ‚Ä…czenie z katalogiem, tryb provisioningu, grupy i testy walidacyjne.","ok"
"settings_overview_smtp_desc","Outgoing email transport used for invitations and password recovery.","Transport e-mail uÅ¼ywany do zaproszeÅ„ i odzyskiwania hasÅ‚a.","ok"
"settings_overview_templates_desc","Edit every email scenario and preview the rendered message.","Edytuj kaÅ¼dy scenariusz wiadomoÅ›ci i sprawdzaj wyrenderowany podglÄ…d.","ok"
"settings_overview_title","Service control","Centrum usÅ‚ug","ok"
"settings_overview_webhooks_desc","Discord, Telegram, and Matrix notifications for registration activity.","Powiadomienia Discord, Telegram i Matrix o nowych rejestracjach.","ok"
"settings_password_digit_required","Digit required","Password Digit Required","ok"
"settings_password_lower_required","Lowercase required","Password Lower Required","ok"
"settings_password_special_required","Special character required","Password Special Required","ok"
"settings_password_upper_required","Uppercase required","Password Upper Required","ok"
"settings_port","Port","Port","untranslated"
"settings_preset_fallback","Preset","Preset","untranslated"
"settings_preview_button","Preview","Podglad","ok"
"settings_preview_impossible","Preview unavailable","Podglad niedostepny","ok"
"settings_preview_loading","Loading preview...","Ladowanie podgladu...","ok"
"settings_public_jellyfin_help","Used in buttons and email templates via","Public Jellyfin Help","ok"
"settings_public_jellyfin_url","Public Jellyfin URL","Publiczny URL Jellyfin","ok"
"settings_public_jellygate_help","Used for invitation links and templates via","Public Jellygate Help","ok"
"settings_public_jellygate_url","Public JellyGate URL","Publiczny URL JellyGate","ok"
"settings_public_jellyseerr_help","Available in templates via","Public Jellyseerr Help","ok"
"settings_public_jellyseerr_url","Public Jellyseerr URL","Publiczny URL Jellyseerr","ok"
"settings_public_jellytrack_help","Available in templates via","Public jellytrack Help","ok"
"settings_public_jellytrack_url","Public jellytrack URL","Publiczny URL jellytrack","ok"
"settings_quick_links","Quick links","Szybkie linki","ok"
"settings_save_error","Save failed","Zapisywanie nie powiodlo sie","ok"
"settings_save_invite_profile","Save invitation profile","Zapisz profil zaproszenia","ok"
"settings_save_ldap","Save LDAP settings","Zapisz ustawienia LDAP","ok"
"settings_save_smtp","Save SMTP","Zapisz SMTP","ok"
"settings_save_templates","Save templates","Zapisz szablony","ok"
"settings_save_webhooks","Save Webhooks","Zapisz webhooki","ok"
"settings_saved","Settings saved","Ustawienia zapisane","ok"
"settings_smtp_desc","Configure email sending (invitations, password reset)","Skonfiguruj wysylanie e-maili dla zaproszen i resetu hasla","ok"
"settings_smtp_from","Sender address *","Smtp From","ok"
"settings_smtp_password","Password *","Smtp Password","ok"
"settings_smtp_starttls","STARTTLS / TLS","Smtp Starttls","ok"
"settings_smtp_title","SMTP server","Serwer SMTP","ok"
"settings_smtp_username","Username *","Smtp Username","ok"
"settings_subheading","Configure external services from this interface","Konfiguruj uslugi zewnetrzne z tego interfejsu","ok"
"settings_tab_backup","Backups","Kopie zapasowe","ok"
"settings_tab_email_templates","Email Templates","Szablony e-maili","ok"
"settings_tab_general","General","Ogolne","ok"
"settings_tab_ldap","LDAP","LDAP","untranslated"
"settings_tab_smtp","SMTP","SMTP","untranslated"
"settings_tab_webhooks","Webhooks","Webhooks","untranslated"
"settings_telegram_bot_token","Bot token","Telegram Bot Token","ok"
"settings_telegram_chat_id","Chat ID","Telegram Chat Id","ok"
"settings_template_empty","Template is empty.","Szablon jest pusty.","ok"
"settings_webhook_url","Webhook URL","URL webhooka","ok"
"settings_webhooks_desc","Receive notifications when a user registers","Otrzymuj powiadomienia, gdy uzytkownik sie zarejestruje","ok"
"settings_webhooks_title","Webhook notifications","Powiadomienia webhook","ok"
"settings_zero_no_extra_limit","0 = no extra limit.","Zero No Extra Limit","ok"
"settings_zero_unlimited","0 = unlimited.","Zero Unlimited","ok"
"stat_active_users","Active","Aktywni","ok"
"stat_banned_users","Banned","Zablokowani","ok"
"stat_invitations","Invitations","Zaproszenia","ok"
"stat_total_users","Users","Uzytkownicy","ok"
"status_active","Active","Aktywny","ok"
"status_banned","Banned","Zbanowany","ok"
"status_inactive","Inactive","Nieaktywny","ok"
"submitting","Creating account...","Tworzenie konta...","ok"
"success","Success","Sukces","ok"
"users_action_activate","Activate account","Aktywuj konto","ok"
"users_action_activate_help","Re-enable the selected accounts without changing their other settings.","Wlacz ponownie wybrane konta bez zmiany pozostalych ustawien.","ok"
"users_action_apply_preset","Apply Jellyfin preset","Zastosuj preset Jellyfin","ok"
"users_action_apply_preset_help","Push a predefined Jellyfin policy preset to every selected account.","Wyslij zdefiniowany preset polityki Jellyfin do wszystkich zaznaczonych kont.","ok"
"users_action_deactivate","Disable account","Wylacz konto","ok"
"users_action_deactivate_help","Temporarily block access for the selected accounts.","Tymczasowo zablokuj dostep dla zaznaczonych kont.","ok"
"users_action_delete","Delete account","Usun konto","ok"
"users_action_delete_help","Permanently remove the selected accounts from every configured backend.","Trwale usun zaznaczone konta ze wszystkich skonfigurowanych backendow.","ok"
"users_action_jellyfin_policy","Adjust Jellyfin policy","Dostosuj polityke Jellyfin","ok"
"users_action_jellyfin_policy_help","Override downloads, remote access, sessions, or bitrate limits in bulk.","Masowo zmieniaj pobieranie, dostep zdalny, sesje lub limity bitrate.","ok"
"users_action_send_email","Send email","Wyslij e-mail","ok"
"users_action_send_email_help","Write a one-off message and deliver it to the selected users.","Napisz jednorazowa wiadomosc i dostarcz ja zaznaczonym uzytkownikom.","ok"
"users_action_send_password_reset","Send password reset","Wyslij reset hasla","ok"
"users_action_send_password_reset_help","Trigger a password reset email for every selected account.","Wywolaj e-mail resetu hasla dla kazdego zaznaczonego konta.","ok"
"users_action_set_expiry","Set access expiry","Ustaw wygasniecie dostepu","ok"
"users_action_set_expiry_help","Define or clear the access expiration date on the selected users.","Ustaw lub wyczysc date wygasniecia dostepu dla zaznaczonych uzytkownikow.","ok"
"users_action_set_invite","Update invite rights","Zaktualizuj prawa zaproszen","ok"
"users_action_set_invite_help","Grant or remove invitation rights on the selected accounts.","Nadaj lub odbierz prawa do zapraszania na zaznaczonych kontach.","ok"
"users_allow_invite","Can invite","Moze zapraszac","ok"
"users_apply","Apply","Zastosuj","ok"
"users_bulk_action_failed","Bulk action failed","Akcja zbiorcza nie powiodla sie","ok"
"users_bulk_action_generic","Bulk action","Akcja zbiorcza","ok"
"users_bulk_action_on","for","dla","ok"
"users_bulk_action_placeholder","Choose a bulk action","Wybierz akcje zbiorcza","ok"
"users_bulk_assistant_desc","Select the right users first, then configure the action with as little rework as possible.","Najpierw wybierz wlasciwych uzytkownikow, a potem skonfiguruj akcje z minimalna liczba poprawek.","ok"
"users_bulk_blocked_prefix","Blocked","Zablokowane","ok"
"users_bulk_choose_action","Choose an action","Wybierz akcje","ok"
"users_bulk_complete_required","Complete the required parameters","Uzupelnij wymagane parametry","ok"
"users_bulk_config_ready","Configuration looks valid","Konfiguracja wyglada poprawnie","ok"
"users_bulk_confirm_template","{action}`n`nTarget users: {count}`nConfirm execution?","{action}`n`nDocelowi uzytkownicy: {count}`nPotwierdz wykonanie?","ok"
"users_bulk_desc","Select users, choose an action, then validate the required parameters before execution.","Wybierz uÅ¼ytkownikÃ³w, wskaÅ¼ akcjÄ™ i sprawdÅº wymagane parametry przed wykonaniem.","ok"
"users_bulk_done","Action completed: {success}/{total} success","Akcja zakonczona: sukces {success}/{total}","ok"
"users_bulk_email","Bulk email","E-mail zbiorczy","ok"
"users_bulk_email_body","Message body","Tresc wiadomosci","ok"
"users_bulk_email_open","Open the bulk email assistant","Otworz asystenta e-maila zbiorczego","ok"
"users_bulk_email_subject","Email subject","Temat e-maila","ok"
"users_bulk_email_variables","Available variables","Dostepne zmienne","ok"
"users_bulk_instructions","The assistant prevents incomplete actions before execution. Select users, choose the action, then finish the required fields.","Asystent blokuje niepelne akcje przed wykonaniem. Wybierz uzytkownikow, akcje, a nastepnie uzupelnij wymagane pola.","ok"
"users_bulk_jellyfin_invalid","One or more Jellyfin policy values are invalid.","Jedna lub wiecej wartosci polityki Jellyfin jest nieprawidlowa.","ok"
"users_bulk_need_email_body","Enter both the email subject and message body.","Wpisz temat e-maila i tresc wiadomosci.","ok"
"users_bulk_need_expiry","Set an expiry date or choose to clear the existing one.","Ustaw date wygasniecia lub wybierz czyszczenie obecnej daty.","ok"
"users_bulk_need_jellyfin_param","Change at least one Jellyfin policy setting.","Zmien co najmniej jedno ustawienie polityki Jellyfin.","ok"
"users_bulk_need_preset","Choose a Jellyfin preset before continuing.","Wybierz preset Jellyfin przed kontynuowaniem.","ok"
"users_bulk_no_extra_params","This action does not need extra parameters.","Ta akcja nie wymaga dodatkowych parametrow.","ok"
"users_bulk_none","none","brak","ok"
"users_bulk_ready_suffix","ready to apply","gotowe do zastosowania","ok"
"users_bulk_select_one","Select at least one user.","Wybierz co najmniej jednego uzytkownika.","ok"
"users_bulk_select_preset","Choose a preset","Wybierz preset","ok"
"users_bulk_selected_suffix","users selected","uzytkownikow zaznaczono","ok"
"users_bulk_step_action","Choose action","Wybierz akcje","ok"
"users_bulk_step_select","Select users","Wybierz uzytkownikow","ok"
"users_bulk_step_verify","Validate config","Sprawdz konfiguracje","ok"
"users_bulk_summary_placeholder","Your action summary will appear here.","Tutaj pojawi sie podsumowanie akcji.","ok"
"users_bulk_title","Bulk assistant","Asystent zbiorczy","ok"
"users_bulk_valid_prefix","Valid","Poprawne","ok"
"users_clear_expiry","Clear expiry","Wyczysc wygasniecie","ok"
"users_close","Close","Zamknij","ok"
"users_col_expiry","Expiry","Wygasniecie","ok"
"users_col_group","Group","Grupa","ok"
"users_col_invite","Invite","Zaproszenie","ok"
"users_delete_confirm","Delete permanently","Usun na stale","ok"
"users_delete_confirm_template","User ""{username}"" will be deleted from AD, Jellyfin, and the local database. This action is irreversible.","Uzytkownik ""{username}"" zostanie usuniety z AD, Jellyfin i lokalnej bazy danych. Ta akcja jest nieodwracalna.","ok"
"users_delete_confirm_title","Confirm deletion","Potwierdz usuniecie","ok"
"users_delete_error","Unable to delete this user.","Nie mozna usunac tego uzytkownika.","ok"
"users_delete_title","Delete user","Usun uzytkownika","ok"
"users_deleted","User deleted","Uzytkownik usuniety","ok"
"users_displayed_count","displayed /","wyswietlono /","ok"
"users_edit","Edit","Edytuj","ok"
"users_edit_title","Edit account","Edytuj konto","ok"
"users_filter_expiry_active","With expiry date","Z data wygasniecia","ok"
"users_filter_expiry_expired","Already expired","Juz wygaslo","ok"
"users_filter_expiry_none","No expiry date","Bez daty wygasniecia","ok"
"users_filter_extra_all","Any extra signal","Dowolny dodatkowy sygnal","ok"
"users_filter_invite_all","Any invite state","Dowolny stan zaproszen","ok"
"users_filter_invite_disabled","Invite disabled","Zaproszenia wylaczone","ok"
"users_filter_invite_enabled","Invite enabled","Zaproszenia wlaczone","ok"
"users_filter_jellyfin_all","Any Jellyfin state","Dowolny stan Jellyfin","ok"
"users_filter_jellyfin_disabled","Jellyfin disabled","Jellyfin wylaczony","ok"
"users_filter_jellyfin_missing","Missing in Jellyfin","Brak w Jellyfin","ok"
"users_filter_jellyfin_ok","Healthy in Jellyfin","Sprawne w Jellyfin","ok"
"users_filter_status_all","Any account status","Dowolny status konta","ok"
"users_filter_with_email","Has email address","Ma adres e-mail","ok"
"users_filter_without_email","No email address","Brak adresu e-mail","ok"
"users_filters_clear","Clear filters","Wyczysc filtry","ok"
"users_filters_desc","Combine search, state, Jellyfin sync, invitation rights, and expiry signals.","ÅÄ…cz wyszukiwanie, status, synchronizacjÄ™ Jellyfin, prawa do zaproszeÅ„ i sygnaÅ‚y wygaÅ›niÄ™cia.","ok"
"users_filters_none","No active filters.","Brak aktywnych filtrow.","ok"
"users_filters_title","Find the right accounts","ZnajdÅº wÅ‚aÅ›ciwe konta","ok"
"users_heading","User Management","Zarzadzanie uzytkownikami","ok"
"users_jellyfin_disabled","Jellyfin disabled","Jellyfin wylaczony","ok"
"users_jellyfin_missing","Jellyfin missing","Brak w Jellyfin","ok"
"users_jf_bitrate_placeholder","Remote bitrate limit (kbps)","Limit bitrate zdalnego (kbps)","ok"
"users_jf_download_allowed","Downloads allowed","Pobieranie dozwolone","ok"
"users_jf_download_blocked","Downloads blocked","Pobieranie zablokowane","ok"
"users_jf_download_unchanged","Keep current download policy","Zachowaj obecna polityke pobierania","ok"
"users_jf_remote_allowed","Remote access allowed","Dostep zdalny dozwolony","ok"
"users_jf_remote_blocked","Remote access blocked","Dostep zdalny zablokowany","ok"
"users_jf_remote_unchanged","Keep current remote policy","Zachowaj obecna polityke dostepu zdalnego","ok"
"users_jf_sessions_placeholder","Max active sessions","Maksymalna liczba aktywnych sesji","ok"
"users_live_filters_desc","See the active constraints before applying a bulk action.","Sprawdz aktywne ograniczenia przed uruchomieniem akcji zbiorczej.","ok"
"users_live_filters_title","Filter snapshot","Podsumowanie filtrow","ok"
"users_load_error","Unable to load users","Nie mozna zaladowac uzytkownikow","ok"
"users_load_error_details","The users list could not be loaded.","Lista uzytkownikow nie mogla zostac zaladowana.","ok"
"users_no","No","Nie","ok"
"users_no_filter_match","No account matches the current filters.","Zadne konto nie pasuje do biezacych filtrow.","ok"
"users_no_local","No local accounts found yet.","Nie znaleziono jeszcze lokalnych kont.","ok"
"users_overview_expiring","Expired access","DostÄ™p wygasÅ‚","ok"
"users_overview_filtered","Visible now","Widoczne teraz","ok"
"users_overview_inviters","Can invite","MogÄ… zapraszaÄ‡","ok"
"users_overview_total","Total accounts","ÅÄ…cznie kont","ok"
"users_reset","Reset","Resetuj","ok"
"users_reset_error","Unable to send the password reset message.","Nie mozna wyslac wiadomosci resetu hasla.","ok"
"users_reset_sent","Password reset link sent to {username}","Link resetu hasla wyslano do {username}","ok"
"users_search_placeholder","Search...","Szukaj...","ok"
"users_segment_access","Access policy","Polityka dostÄ™pu","ok"
"users_segment_accounts","Account state","Stan konta","ok"
"users_segment_delivery","Communication","Komunikacja","ok"
"users_select_filtered","Select filtered","Zaznacz przefiltrowane","ok"
"users_selection_clear","Clear selection","Wyczysc zaznaczenie","ok"
"users_selection_desc","Review the exact accounts that will be affected next.","Sprawdz dokladnie, ktore konta zostana objete kolejnym dzialaniem.","ok"
"users_selection_empty","No users selected yet.","Nie zaznaczono jeszcze zadnych uzytkownikow.","ok"
"users_selection_more","+{count} more","+{count} wiecej","ok"
"users_selection_title","Selection snapshot","Podsumowanie zaznaczenia","ok"
"users_subheading","Manage accounts, enable or delete users","Zarzadzaj kontami, wlaczaj lub usuwaj uzytkownikow","ok"
"users_subheading_extended","Manage local accounts, Jellyfin sync state, invitation rights, and expiry rules from one control room.","ZarzÄ…dzaj lokalnymi kontami, stanem synchronizacji Jellyfin, prawami do zaproszeÅ„ i reguÅ‚ami wygasania z jednego panelu.","ok"
"users_sync_confirm","Launch a synchronization against Jellyfin now?","Uruchomic synchronizacje z Jellyfin teraz?","ok"
"users_sync_done","Jellyfin sync completed","Synchronizacja z Jellyfin zakonczona","ok"
"users_sync_error","Jellyfin sync failed","Synchronizacja z Jellyfin nie powiodla sie","ok"
"users_sync_jellyfin","Sync Jellyfin","Synchronizuj Jellyfin","ok"
"users_sync_jellyfin_title","Refresh local data from Jellyfin","OdÅ›wieÅ¼ dane lokalne z Jellyfin","ok"
"users_sync_network_error","Network error during Jellyfin synchronization","Blad sieci podczas synchronizacji z Jellyfin","ok"
"users_table_desc","Inspect each local account, then edit, reset, trace, enable, or delete in one click.","Sprawdzaj kaÅ¼de konto lokalne, a potem edytuj, resetuj, Å›ledÅº, aktywuj lub usuwaj jednym klikniÄ™ciem.","ok"
"users_table_title","Accounts list","Lista kont","ok"
"users_timeline_critical","Critical","Krytyczne","ok"
"users_timeline_empty","No timeline events found for this user.","Nie znaleziono zdarzen osi czasu dla tego uzytkownika.","ok"
"users_timeline_important","Important","Wazne","ok"
"users_timeline_info","Info","Informacja","ok"
"users_timeline_load_error","Unable to load the user timeline.","Nie mozna zaladowac osi czasu uzytkownika.","ok"
"users_timeline_subtitle","{username} ({email})","{username} ({email})","untranslated"
"users_timeline_title","User timeline","Os czasu uzytkownika","ok"
"users_timeline_trace","Trace","Slad","ok"
"users_title","Users","Uzytkownicy","ok"
"users_toggle_error","Unable to update the account status.","Nie mozna zaktualizowac statusu konta.","ok"
"users_toggle_updated","Account status updated","Status konta zaktualizowany","ok"
"users_toolbar_desc","Start with a filter, then use the bulk assistant or one-click actions on the right accounts.","Zacznij od filtra, a potem uÅ¼yj asystenta zbiorczego lub szybkich akcji na wÅ‚aÅ›ciwych kontach.","ok"
"users_toolbar_title","User operations","Operacje na uÅ¼ytkownikach","ok"
"users_update_error","Unable to save account changes.","Nie mozna zapisac zmian konta.","ok"
"users_updated","Account updated","Konto zaktualizowane","ok"
"users_yes","Yes","Tak","ok"
"verify_email_invite_expired_heading","Verification link expired","Link weryfikacyjny wygasl","ok"
"verify_email_invite_expired_message","This signup confirmation link has expired. Submit the invitation form again to receive a new email.","Ten link potwierdzajacy rejestracje wygasl. Wyslij ponownie formularz zaproszenia, aby otrzymac nowy e-mail.","ok"
"verify_email_invite_failed_heading","Account creation failed","Nie udalo sie utworzyc konta","ok"
"verify_email_invite_failed_message","We could not finish creating your account from this invitation. Submit the invitation form again or ask for a new invitation.","Nie udalo sie dokonczyc tworzenia konta z tego zaproszenia. Wyslij formularz ponownie lub popros o nowe zaproszenie.","ok"
"verify_email_invite_success_heading","Email verified, account created","E-mail zweryfikowany, konto utworzone","ok"
"verify_email_invite_success_message","Your email address has been confirmed and your account is now ready. You can sign in to Jellyfin.","Twoj adres e-mail zostal potwierdzony i twoje konto jest gotowe. Mozesz sie zalogowac do Jellyfin.","ok"
"view_all","View all","Zobacz wszystko","ok"