key,english,pt-br,status
"app_description","Invitation and user manager for Jellyfin","Gerenciador de convites e usuarios para Jellyfin","ok"
"automation_add","Add","Adicionar","ok"
"automation_col_bitrate","Bitrate (kbps)","Coluna bitrate","ok"
"automation_col_delete_days","Delete after (days)","Coluna excluir dias","ok"
"automation_col_disable_days","Disable after (days)","Coluna desativar dias","ok"
"automation_col_download","Downloads","Coluna download","ok"
"automation_col_group","Group","Coluna grupo","ok"
"automation_col_id","ID","Coluna id","ok"
"automation_col_last_run","Last run","Coluna ultima execucao","ok"
"automation_col_ldap_dn_optional","LDAP DN (optional)","Coluna ldap dn opcional","ok"
"automation_col_name","Name","Coluna nome","ok"
"automation_col_payload","Payload","Carga","ok"
"automation_col_preset_target","Target preset","Preset de destino","ok"
"automation_col_remote","Remote access","Acesso remoto","ok"
"automation_col_schedule","Schedule","Agendamento","ok"
"automation_col_sessions","Sessions","Sessoes","ok"
"automation_col_source","Source","Origem","ok"
"automation_col_type","Type","Tipo","ok"
"automation_create","Create","Criar","ok"
"automation_delete","Delete","Excluir","ok"
"automation_disable","Disable","Desativar","ok"
"automation_enable","Enable","Ativar","ok"
"automation_error_group_mappings","Unable to load group mappings.","Nao foi possivel carregar os mapeamentos de grupos.","ok"
"automation_error_presets","Unable to load presets.","Nao foi possivel carregar os presets.","ok"
"automation_error_tasks","Unable to load tasks.","Nao foi possivel carregar as tarefas.","ok"
"automation_group_mappings_desc","Map LDAP or application groups to Jellyfin presets.","Associe grupos LDAP ou do aplicativo a presets do Jellyfin.","ok"
"automation_group_mappings_title","Group mappings","Mapeamentos de grupos","ok"
"automation_guidance_desc","Start with Jellyfin access presets, attach them to groups, then schedule the recurring jobs that keep everything in sync.","Comece com presets de acesso do Jellyfin, conecte-os aos grupos e depois agende os trabalhos recorrentes que mantem tudo sincronizado.","ok"
"automation_guidance_title","Keep presets, groups, and schedules aligned.","Mantenha presets, grupos e agendas alinhados.","ok"
"automation_kicker","Automation control room","Central de automacao","ok"
"automation_mappings_saved","Group mappings saved.","Mapeamentos de grupos salvos.","ok"
"automation_new_preset","New preset","Novo preset","ok"
"automation_no_group_mappings","No group mappings configured.","Nenhum mapeamento de grupo configurado.","ok"
"automation_no_presets","No presets configured.","Nenhum preset configurado.","ok"
"automation_no_tasks","No scheduled tasks.","Nenhuma tarefa agendada.","ok"
"automation_presets_desc","Define the reusable Jellyfin access baseline that can be applied manually or through group mappings.","Defina a base reutilizavel de acesso do Jellyfin para aplicacao manual ou por mapeamentos de grupos.","ok"
"automation_presets_saved","Presets saved.","Presets salvos.","ok"
"automation_presets_title","Jellyfin presets","Presets do Jellyfin","ok"
"automation_run_now","Run now","Executar agora","ok"
"automation_save","Save","Salvar","ok"
"automation_save_mappings_failed","Unable to save group mappings.","Nao foi possivel salvar os mapeamentos de grupos.","ok"
"automation_save_presets_failed","Unable to save presets.","Nao foi possivel salvar os presets.","ok"
"automation_select_preset","Select a preset","Selecione um preset","ok"
"automation_subheading","Manage presets, mappings, and scheduled tasks.","Gerencie presets, mapeamentos e tarefas agendadas.","ok"
"automation_task_builder_desc","Use clear names and a stable hour/minute so the job remains easy to audit later.","Use nomes claros e horarios estaveis para facilitar a auditoria depois.","ok"
"automation_task_builder_title","Build a scheduled task","Montar tarefa agendada","ok"
"automation_task_create_failed","Unable to create task.","Nao foi possivel criar a tarefa.","ok"
"automation_task_created","Task created.","Tarefa criada.","ok"
"automation_task_delete_confirm","Delete this task?","Excluir esta tarefa?","ok"
"automation_task_delete_failed","Unable to delete task.","Nao foi possivel excluir a tarefa.","ok"
"automation_task_deleted","Task deleted.","Tarefa excluida.","ok"
"automation_task_enabled","Enabled","Ativada","ok"
"automation_task_hour_placeholder","Hour (0-23)","Hora (0-23)","ok"
"automation_task_minute_placeholder","Minute (0-59)","Minuto (0-59)","ok"
"automation_task_name_placeholder","Task name","Nome da tarefa","ok"
"automation_task_payload_empty","No payload","Sem payload","ok"
"automation_task_payload_placeholder","JSON payload (optional)","JSON payload (opcional)","ok"
"automation_task_payload_ready","Payload ready","Payload pronto","ok"
"automation_task_preview_empty","Fill the form to preview the schedule and execution state.","Preencha o formulario para ver o agendamento e o estado de execucao.","ok"
"automation_task_preview_title","Task preview","Previa da tarefa","ok"
"automation_task_run_failed","Task execution failed.","Falha ao executar a tarefa.","ok"
"automation_task_run_success","Task started.","Tarefa iniciada.","ok"
"automation_task_update_failed","Unable to update task.","Nao foi possivel atualizar a tarefa.","ok"
"automation_tasks_desc","Create recurring jobs, then verify the schedule and payload before saving.","Crie tarefas recorrentes e confira o agendamento e o payload antes de salvar.","ok"
"automation_tasks_title","Scheduled tasks","Tarefas agendadas","ok"
"automation_type_cleanup_resets_desc","Remove expired password reset requests to keep the recovery flow clean.","Remova pedidos expirados de redefinicao de senha para manter o fluxo de recuperacao limpo.","ok"
"automation_type_create_backup_desc","Create a fresh backup snapshot for restore or audit purposes.","Crie um novo snapshot de backup para restauracao ou auditoria.","ok"
"automation_type_sync_users_desc","Sync local users with Jellyfin or directory state to keep access consistent.","Sincronize usuarios locais com o Jellyfin ou com o diretorio para manter o acesso consistente.","ok"
"back_to_login","Back to login","Voltar para o login","ok"
"base_language_label","Language","Idioma","ok"
"btn_save","Save","Salvar","ok"
"cancel","Cancel","Cancelar","ok"
"col_actions","Actions","Acoes","ok"
"col_created_at","Date","Data","ok"
"col_email","Email","E-mail","ok"
"col_invited_by","Invited by","Convidado por","ok"
"col_jellyfin","Jellyfin","Jellyfin","untranslated"
"col_status","Status","Status","untranslated"
"col_username","User","Usuario","ok"
"common_bad_request","Invalid request","Requisicao invalida","ok"
"common_next","Next","Proxima","ok"
"common_previous","Previous","Anterior","ok"
"common_server_error","Server error","Erro do servidor","ok"
"dashboard_heading","Dashboard","Painel","ok"
"dashboard_intro_title","Jellyfin Access Manager","Gerenciador de acesso Jellyfin","ok"
"dashboard_my_account_title","Account","Minha conta","ok"
"dashboard_no_users","No users yet","Ainda nÃ£o hÃ¡ usuÃ¡rios","ok"
"dashboard_open_my_account","Open My Account","Abrir minha conta","ok"
"dashboard_panel_invites_title","Invitations","Convites","ok"
"dashboard_panel_settings_title","Settings","Configurações","ok"
"dashboard_panel_users_title","Users","Usuários","ok"
"dashboard_recent_users","Recent users","Usuarios recentes","ok"
"dashboard_stats_title","Pulse","Atividade","ok"
"dashboard_title","Dashboard","Painel","ok"
"dashboard_welcome","Welcome","Bem-vindo","ok"
"failure","Failure","Erro","ok"
"field_display_name","Display name","Nome de exibicao","ok"
"field_display_name_placeholder","E.g. John Doe","Ex.: John Doe","ok"
"field_email","Email","E-mail","ok"
"field_email_placeholder","E.g. john@example.com","Ex.: john@example.com","ok"
"field_email_required","Email","E-mail","ok"
"field_identifier","Email or username","E-mail ou nome de usuario","ok"
"field_identifier_placeholder","E.g. john_doe or john@example.com","Ex.: john_doe ou john@example.com","ok"
"field_new_password","New password","Nova senha","ok"
"field_password","Password","Senha","ok"
"field_password_confirm","Confirm password","Confirmar senha","ok"
"field_password_confirm_placeholder","Re-enter your password","Digite sua senha novamente","ok"
"field_password_placeholder","Minimum 8 characters","Minimo de 8 caracteres","ok"
"field_username","Username","Nome de usuario","ok"
"field_username_help","3-32 characters: letters, numbers, dashes, underscores","3-32 caracteres: letras, numeros, hifens e sublinhados","ok"
"field_username_placeholder","E.g. john_doe","Ex.: john_doe","ok"
"i18n_report_back_settings","Back to settings","Voltar para configuracoes","ok"
"i18n_report_col_fallback","Fallback values","Valores de fallback","ok"
"i18n_report_col_locale","Locale","Idioma","ok"
"i18n_report_col_missing_base","Missing vs base","Ausencias em relacao a base","ok"
"i18n_report_col_missing_template","Missing template keys","Chaves de template ausentes","ok"
"i18n_report_col_placeholder","Placeholder mismatches","Placeholders inconsistentes","ok"
"i18n_report_col_total_keys","Total keys","Total de chaves","ok"
"i18n_report_intro","Checks template key coverage, placeholder consistency, and fallback values by locale.","Verifica a cobertura das chaves dos templates, a consistencia dos placeholders e os valores de fallback por idioma.","ok"
"i18n_report_load_error","Unable to load the i18n report.","Nao foi possivel carregar o relatorio i18n.","ok"
"i18n_report_no_data","No data.","Sem dados.","ok"
"i18n_report_title","i18n Report","Relatorio i18n","ok"
"invitations_badge_active","Active","Ativo","ok"
"invitations_badge_expired","Expired","Expirado","ok"
"invitations_col_email","Delivery","Envio","ok"
"invitations_col_link_code","Invitation link","Link de convite","ok"
"invitations_col_link_expiry","Link expiry","Expiracao do link","ok"
"invitations_col_profile_expiry","Account policy","Politica da conta","ok"
"invitations_conversion_rate","Conversion rate","Taxa de conversao","ok"
"invitations_conversions","Conversions","Conversoes","ok"
"invitations_copy","Copy","Copiar","ok"
"invitations_copy_full_link","Copy full link","Copiar link completo","ok"
"invitations_copy_unavailable","Clipboard access is unavailable","A area de transferencia nao esta disponivel","ok"
"invitations_create_desc","Generate a reusable signup link, prefill account rules, and optionally send it by email.","Gere um link de cadastro reutilizavel, preconfigure as regras da conta e envie-o por e-mail se necessario.","ok"
"invitations_create_link","Create invitation","Criar convite","ok"
"invitations_create_title","Invitation flow","Fluxo de convites","ok"
"invitations_created","Invitation created","Convite criado","ok"
"invitations_default_policy","Default policy","Politica padrao","ok"
"invitations_delete","Delete","Excluir","ok"
"invitations_delete_after_days","Delete account after {n} days","Excluir conta apos {n} dias","ok"
"invitations_delete_desc","This invitation will be removed permanently. Existing users created from it are not affected.","Este convite sera removido permanentemente. Os usuarios ja criados a partir dele nao serao afetados.","ok"
"invitations_delete_title","Delete invitation","Excluir convite","ok"
"invitations_deleted","Invitation deleted","Convite excluido","ok"
"invitations_disable_after_days","Disable account after {n} days","Desativar conta apos {n} dias","ok"
"invitations_email_manual","Email delivery","Envio por e-mail","ok"
"invitations_error_loading","Unable to load invitations","Nao foi possivel carregar os convites","ok"
"invitations_expires_on","Expires on {date}","Expira em {date}","ok"
"invitations_forced_username","Reserved username","Nome de usuario reservado","ok"
"invitations_forced_username_help","Optional. Lock the signup to a single username when you need a pre-assigned account.","Opcional. Restrinja o cadastro a um unico nome de usuario quando a conta ja estiver previamente atribuida.","ok"
"invitations_forced_username_placeholder","Leave blank to let the user choose","Deixe em branco para permitir que o usuario escolha","ok"
"invitations_group_default","Default group","Grupo padrao","ok"
"invitations_group_prefix","Group: {group}","Grupo: {group}","ok"
"invitations_invalid_max_uses","Your current policy allows between 1 and {n} uses per link.","Sua politica atual permite entre 1 e {n} usos por link.","ok"
"invitations_invalid_user_expiry","Choose a relative or absolute expiry before creating the invitation.","Escolha uma expiracao relativa ou absoluta antes de criar o convite.","ok"
"invitations_invite_option_enabled_help","The invited account will be allowed to create invitations after signup.","A conta convidada podera criar convites depois do cadastro.","ok"
"invitations_invite_option_policy_limited","Your role cannot grant invite rights on new accounts.","Sua funcao nao pode conceder permissoes de convite a novas contas.","ok"
"invitations_last_link_label","Latest generated link","Ultimo link gerado","ok"
"invitations_last_link_placeholder","The newest invitation URL will appear here","A URL de convite mais recente aparecera aqui","ok"
"invitations_link_copied","Invitation link copied","Link de convite copiado","ok"
"invitations_link_expires_label","Link expiry","Expiracao do link","ok"
"invitations_link_help_default","Leave empty to keep the link valid until it is used or revoked.","Deixe em branco para manter o link valido ate o uso ou a revogacao.","ok"
"invitations_link_help_limited","Your current policy recommends an expiry within the next {n} hours.","Sua politica atual recomenda uma expiracao dentro das proximas {n} horas.","ok"
"invitations_links_active","Active links","Links ativos","ok"
"invitations_links_closed","Closed links","Links encerrados","ok"
"invitations_links_created","Links created","Links criados","ok"
"invitations_max_uses_label","Maximum uses","Numero maximo de usos","ok"
"invitations_new_invitation","New invitation","Novo convite","ok"
"invitations_new_user_can_invite","Grant invite rights to the new account","Permitir que a nova conta convide","ok"
"invitations_no_link_to_copy","There is no invitation link to copy yet.","Ainda nao ha link de convite para copiar.","ok"
"invitations_no_planned_delete","No deletion planned","Nenhuma exclusao planejada","ok"
"invitations_none_active","No active invitations found.","Nenhum convite ativo encontrado.","ok"
"invitations_policy_base_links","Base URL: {url}","URL base: {url}","ok"
"invitations_policy_expiry_locked","User expiry is locked by the active invitation policy.","A expiracao do usuario esta bloqueada pela politica de convite ativa.","ok"
"invitations_policy_grant_locked","Invite rights are locked by the active invitation policy.","Os direitos de convite estao bloqueados pela politica de convite ativa.","ok"
"invitations_policy_loading","Loading invitation policy...","Carregando politica de convite...","ok"
"invitations_policy_max_ttl","Max link lifetime: {n}h","Vida maxima do link: {n}h","ok"
"invitations_policy_max_uses","Max uses per link: {n}","Usos maximos por link: {n}","ok"
"invitations_policy_quota_day","Daily quota: {n}","Cota diaria: {n}","ok"
"invitations_policy_quota_month","Monthly quota: {n}","Cota mensal: {n}","ok"
"invitations_policy_quota_week","Weekly quota: {n}","Cota semanal: {n}","ok"
"invitations_rate","Rate","Taxa","ok"
"invitations_role_can_invite","can invite others","pode convidar","ok"
"invitations_role_standard","standard account","conta padrao","ok"
"invitations_section_link_settings","Link settings","Configuracoes do link","ok"
"invitations_section_smtp_notification","Email delivery","Envio por e-mail","ok"
"invitations_section_user_profile","Future account rules","Regras da futura conta","ok"
"invitations_send_to_email_help","Optional. If SMTP is configured, JellyGate sends the invitation immediately.","Opcional. Se o SMTP estiver configurado, o JellyGate envia o convite imediatamente.","ok"
"invitations_send_to_email_label","Send invitation to","Enviar convite para","ok"
"invitations_sponsor","Sponsor","Patrocinador","ok"
"invitations_sponsor_dashboard","Sponsor activity","Atividade dos patrocinadores","ok"
"invitations_sponsor_no_data","No sponsor activity available yet.","Ainda nao ha atividade de patrocinadores.","ok"
"invitations_stats_error","Unable to load sponsor statistics","Nao foi possivel carregar as estatisticas dos patrocinadores","ok"
"invitations_stats_loading","Loading sponsor statistics...","Carregando estatisticas dos patrocinadores...","ok"
"invitations_stats_updated_at","Updated {at}","Atualizado {at}","ok"
"invitations_subheading","Create invitation links, monitor sponsor activity, and keep onboarding rules consistent.","Crie links de convite, acompanhe a atividade dos patrocinadores e mantenha consistentes as regras de entrada.","ok"
"invitations_unknown_error","An unexpected error occurred","Ocorreu um erro inesperado","ok"
"invitations_unknown_sponsor","(unknown)","(desconhecido)","ok"
"invitations_unlimited","Unlimited","Ilimitado","ok"
"invitations_user_expiry_absolute","Absolute account expiry","Expiracao absoluta da conta","ok"
"invitations_user_expiry_absolute_help","Optional. Set a fixed expiry date instead of a relative delay.","Opcional. Defina uma data fixa de expiracao em vez de um prazo relativo.","ok"
"invitations_user_expiry_days_help","Apply a relative expiry window once the invited account is created.","Aplique uma janela relativa de expiracao quando a conta convidada for criada.","ok"
"invitations_user_expiry_enable","Set an expiry policy for the invited account","Definir politica de expiracao para a conta convidada","ok"
"invitations_user_expiry_future","The absolute expiry must be in the future.","A expiracao absoluta precisa estar no futuro.","ok"
"invitations_uses","Uses","Usos","ok"
"invitations_uses_help_default","Use 0 for unlimited redemptions.","Use 0 para resgates ilimitados.","ok"
"invitations_uses_help_limited","Your current policy allows between 1 and {n} redemptions.","Sua politica atual permite entre 1 e {n} resgates.","ok"
"invite_error_config","Invitation configuration error","Erro de configuracao do convite","ok"
"invite_error_email_verification_unavailable","Email verification is enabled, but email sending is unavailable right now.","A verificacao por e-mail esta ativada, mas o envio de e-mails nao esta disponivel no momento.","ok"
"invite_error_invalid_or_expired","Invalid or expired invitation","Convite invalido ou expirado","ok"
"invite_error_jellyfin_create","Error while creating the account (Jellyfin)","Erro ao criar a conta (Jellyfin)","ok"
"invite_error_ldap_create","Error while creating the account (LDAP)","Erro ao criar a conta (LDAP)","ok"
"invite_error_persist","Error while saving the account","Erro ao salvar a conta","ok"
"invite_footer","Powered by JellyGate","Desenvolvido com JellyGate","ok"
"invite_heading","Create your account","Crie sua conta","ok"
"invite_login_jellyfin","Sign in to Jellyfin","Entrar no Jellyfin","ok"
"invite_open_jellyseerr","Open Jellyseerr","Abrir Jellyseerr","ok"
"invite_open_jellytrack","Open jellytrack","Abrir jellytrack","ok"
"invite_quick_links","Quick links","Links rapidos","ok"
"invite_subheading","Fill in the form to join the media library","Preencha o formulario para entrar na biblioteca de midia","ok"
"invite_submit","Create my account","Criar minha conta","ok"
"invite_success_hybrid","Welcome {username}! Your account was created in Jellyfin and in LDAP.","Bem-vindo, {username}. Sua conta foi criada no Jellyfin e no LDAP.","ok"
"invite_success_ldap_only","Welcome {username}! Your account was created in LDAP. Jellyfin access will use your LDAP integration.","Bem-vindo, {username}. Sua conta foi criada no LDAP. O acesso ao Jellyfin usara sua integracao LDAP.","ok"
"invite_success_pending_verification","Check your email to confirm the creation of account {username}. Your account will be created only after this confirmation.","Verifique seu e-mail para confirmar a criacao da conta {username}. A conta sera criada somente apos essa confirmacao.","ok"
"invite_title","Sign Up","Cadastro","ok"
"login_error_forbidden","You are not an administrator","Voce nao e um administrador","ok"
"login_error_invalid","Invalid credentials","Credenciais invalidas","ok"
"login_error_required","Enter both your username and password.","Informe o nome de usuario e a senha.","ok"
"login_forgot_password","Forgot password?","Esqueceu a senha?","ok"
"login_jellyfin_desc","Media library access","Acesso à biblioteca","ok"
"login_jellyseerr_desc","Browse and request content","Solicitar conteúdo","ok"
"login_jellytrack_desc","Playback statistics tracking","Estatísticas","ok"
"login_shortcuts","Shortcuts","Atalhos","ok"
"login_subheading","Administration","Administracao","ok"
"login_submit","Sign in","Acessar","ok"
"login_title","Login","Entrar","ok"
"logs_col_action","Action","Acao","ok"
"logs_col_actor","Actor","Autor","ok"
"logs_col_details","Details","Detalhes","ok"
"logs_col_target","Target","Alvo","ok"
"logs_load_error","Unable to load audit logs","Nao foi possivel carregar os logs de auditoria","ok"
"logs_loading","Loading audit logs...","Carregando logs de auditoria...","ok"
"logs_network_error","Network error while loading audit logs","Erro de rede ao carregar os logs de auditoria","ok"
"logs_no_results","No audit events match the current filters.","Nenhum evento de auditoria corresponde aos filtros atuais.","ok"
"logs_no_results_short","No matching events","Nenhum evento correspondente","ok"
"logs_of_label","of","de","ok"
"logs_page_label","Page","Pagina","ok"
"logs_pagination_loading","Loading pagination...","Carregando paginacao...","ok"
"logs_per_page_suffix","per page","por pagina","ok"
"logs_search_placeholder","Search actions, actors, targets, details, or request IDs","Buscar acoes, autores, alvos, detalhes ou request_id","ok"
"logs_system_actor","System","Sistema","ok"
"logs_total_label","Total","Total","untranslated"
"my_account_channel_discord","Discord","Discord","untranslated"
"my_account_channel_email","Email","E-mail","ok"
"my_account_channel_optin","Delivery channels","Canais de entrega","ok"
"my_account_channel_telegram","Telegram","Telegram","untranslated"
"my_account_contact_help","Update contact information and notification preferences.","Atualize as informações de contato e preferências de notificação.","ok"
"my_account_default_server_lang","Use the server default language","Usar o idioma padrao do servidor","ok"
"my_account_edit_profile","Edit profile","Editar perfil","ok"
"my_account_email_pending_label","Pending email:","E-mail pendente:","ok"
"my_account_email_status_missing","No email configured","Nenhum e-mail configurado","ok"
"my_account_email_status_pending","Pending verification","Verificacao pendente","ok"
"my_account_email_status_unverified","Verification required","Verificacao obrigatoria","ok"
"my_account_email_status_verified","Verified","Verificado","ok"
"my_account_email_verification_help","Confirm this email address to receive account messages and recovery links.","Confirme este e-mail para receber mensagens da conta e links de recuperacao.","ok"
"my_account_email_verification_label","Email verification","Verificacao de e-mail","ok"
"my_account_email_verification_missing","Add an email address to enable verification and password recovery.","Adicione um endereco de e-mail para ativar a verificacao e a recuperacao de senha.","ok"
"my_account_email_verification_ok","Your current email address is verified.","Seu endereco de e-mail atual esta verificado.","ok"
"my_account_email_verification_pending","Check your inbox and click the confirmation link sent to the pending address.","Verifique sua caixa de entrada e abra o link enviado para o endereco pendente.","ok"
"my_account_email_verification_resend","Resend verification email","Reenviar e-mail de verificacao","ok"
"my_account_email_verification_send_error","Unable to send a verification email","Nao foi possivel enviar o e-mail de verificacao","ok"
"my_account_email_verification_sent","A verification email has been sent.","Um e-mail de verificacao foi enviado.","ok"
"my_account_label_access_expiry","Access expiry","Expiracao do acesso","ok"
"my_account_label_confirm_password","Confirm new password","Confirmar nova senha","ok"
"my_account_label_discord","Discord handle","Usuario do Discord","ok"
"my_account_label_email","Email address","Endereco de e-mail","ok"
"my_account_label_new_password","New password","Nova senha","ok"
"my_account_label_preferred_lang","Preferred language","Idioma preferido","ok"
"my_account_label_role","Role","Funcao","ok"
"my_account_label_telegram","Telegram handle","Usuario do Telegram","ok"
"my_account_label_user","Username","Nome de usuario","ok"
"my_account_load_error","Unable to load your account","Nao foi possivel carregar sua conta","ok"
"my_account_no_expiry","No expiry configured","Nenhuma expiracao configurada","ok"
"my_account_notify_events","Notify me about account events","Notificar-me sobre eventos da conta","ok"
"my_account_notify_expiry","Notify me before access expires","Avisar-me antes de o acesso expirar","ok"
"my_account_password_help","Change your password. Choose a strong password (min. 8 characters).","Altere sua senha. Escolha uma senha forte (mín. 8 caracteres).","ok"
"my_account_password_min_hint","At least 8 characters","Pelo menos 8 caracteres","ok"
"my_account_password_mismatch","The passwords do not match","As senhas nao coincidem","ok"
"my_account_password_too_short","The password must contain at least 8 characters","A senha deve ter pelo menos 8 caracteres","ok"
"my_account_password_update_error","Unable to update the password","Nao foi possivel atualizar a senha","ok"
"my_account_password_updated","Password updated","Senha atualizada","ok"
"my_account_save_error","Unable to save your preferences","Nao foi possivel salvar suas preferencias","ok"
"my_account_save_preferences","Save preferences","Salvar preferencias","ok"
"my_account_saved","Preferences saved","Preferencias salvas","ok"
"my_account_section_contact","Contact and preferences","Contato e preferencias","ok"
"my_account_section_password","Password","Senha","ok"
"my_account_section_profile","Profile summary","Resumo do perfil","ok"
"my_account_subheading","Keep your contact details, delivery channels, language, and password up to date.","Mantenha atualizados seus contatos, canais de entrega, idioma e senha.","ok"
"my_account_subtitle","Manage your profile and preferences","Gerencie seu perfil e preferências","ok"
"my_account_update_password","Update password","Atualizar senha","ok"
"nav_automation","Automation","Automacao","ok"
"nav_dashboard","Dashboard","Painel","ok"
"nav_invitations","Invitations","Convites","ok"
"nav_logout","Sign out","Sair","ok"
"nav_logs","Logs","Registros","ok"
"nav_my_account","My Account","Minha conta","ok"
"nav_settings","Settings","Configuracoes","ok"
"nav_theme","Theme","Tema","ok"
"nav_users","Users","Usuarios","ok"
"password_match","Passwords match","As senhas coincidem","ok"
"password_mismatch","Passwords do not match","As senhas nao coincidem","ok"
"password_policy_missing","Missing requirements","Requisitos faltando","ok"
"password_policy_ok","Password rules satisfied","Regras de senha atendidas","ok"
"password_rule_at_least","at least {n} characters","pelo menos {n} caracteres","ok"
"password_rule_at_most","at most {n} characters","no maximo {n} caracteres","ok"
"password_rule_digit","one digit","um numero","ok"
"password_rule_lower","one lowercase letter","uma letra minuscula","ok"
"password_rule_special","one special character","um caractere especial","ok"
"password_rule_upper","one uppercase letter","uma letra maiuscula","ok"
"password_rules_chars","characters","caracteres","ok"
"password_rules_prefix","Rules:","Regras:","ok"
"reset_new_heading","New password","Nova senha","ok"
"reset_new_subheading","Choose a new secure password","Escolha uma nova senha segura","ok"
"reset_request_heading","Forgot password","Esqueceu a senha","ok"
"reset_request_subheading","Enter your identifier to receive a reset link","Informe seu identificador para receber um link de redefinicao","ok"
"reset_request_submit","Send reset link","Enviar link","ok"
"reset_submit","Reset password","Redefinir senha","ok"
"reset_title","Password Reset","Redefinir senha","ok"
"role_admin","Administrator","Administrador","ok"
"role_user","User","Usuario","ok"
"settings_backup_action_delete","Delete","Excluir","ok"
"settings_backup_action_export","Export","Exportar","ok"
"settings_backup_action_restore","Restore","Restaurar","ok"
"settings_backup_archives_desc","Restoration is prepared then applied on next JellyGate restart.","Backup Archives Desc","ok"
"settings_backup_archives_title","Available archives","Backup Archives Title","ok"
"settings_backup_col_actions","Actions","Backup Col Actions","ok"
"settings_backup_col_archive","Archive","Backup Col Archive","ok"
"settings_backup_col_date","Date","Backup Col Date","ok"
"settings_backup_col_size","Size","Backup Col Size","ok"
"settings_backup_create_now","Create backup now","Backup Create Now","ok"
"settings_backup_created","Backup created","Copia criada","ok"
"settings_backup_daily_time","Daily execution time","Backup Daily Time","ok"
"settings_backup_delete_confirm_prefix","Delete permanently","Excluir permanentemente","ok"
"settings_backup_delete_error","Delete failed","Falha ao excluir","ok"
"settings_backup_deleted","Backup deleted","Copia excluida","ok"
"settings_backup_desc","Configure automatic backups, create manual backups, import archives, and prepare a restoration.","Backup Desc","ok"
"settings_backup_enable_auto","Enable automatic backups","Backup Enable Auto","ok"
"settings_backup_error","Backup error","Erro de backup","ok"
"settings_backup_import_btn","Import","Backup Import Btn","ok"
"settings_backup_import_desc","Import a ZIP archive into JellyGate for later restoration. Export/Delete actions remain available below.","Backup Import Desc","ok"
"settings_backup_import_error","Import failed","Falha ao importar","ok"
"settings_backup_import_title","Import a backup","Backup Import Title","ok"
"settings_backup_imported","Backup imported","Copia importada","ok"
"settings_backup_list_empty","No backup available.","Backup List Empty","ok"
"settings_backup_list_load_error","Unable to load backups.","Backup List Load Error","ok"
"settings_backup_list_pg_unavailable","PostgreSQL mode: SQLite archives are unavailable. Use pg_dump/pg_restore.","Backup List Pg Unavailable","ok"
"settings_backup_manual_desc","Create an exportable ZIP archive (SQLite DB + settings + templates).","Backup Manual Desc","ok"
"settings_backup_manual_title","Manual backup","Backup Manual Title","ok"
"settings_backup_pg_mode_desc_1","Native JellyGate ZIP backups (SQLite) are disabled.","Backup Pg Mode Desc 1","ok"
"settings_backup_pg_mode_desc_2","Use pg_dump and pg_restore for PostgreSQL.","Backup Pg Mode Desc 2","ok"
"settings_backup_pg_mode_title","PostgreSQL mode detected","Backup Pg Mode Title","ok"
"settings_backup_pg_not_supported","Action not supported in PostgreSQL mode","Acao nao suportada no modo PostgreSQL","ok"
"settings_backup_pg_plan_unavailable","Local backup scheduler unavailable in PostgreSQL mode (use pg_dump/pg_restore)","Backup Pg Plan Unavailable","ok"
"settings_backup_restore_confirm_prefix","Prepare restoration for","Preparar restauracao para","ok"
"settings_backup_restore_confirm_suffix","A restart is required.","E necessario reiniciar.","ok"
"settings_backup_restore_error","Restore failed","Falha ao restaurar","ok"
"settings_backup_restore_ready","Restoration prepared. Restart JellyGate.","Restauracao preparada. Reinicie o JellyGate.","ok"
"settings_backup_retention_fixed","Backups kept (fixed)","Backup Retention Fixed","ok"
"settings_backup_retention_help","JellyGate automatically keeps the latest 7 backups (including imports).","Backup Retention Help","ok"
"settings_backup_save_schedule","Save backup schedule","Backup Save Schedule","ok"
"settings_backup_select_zip","Select a .zip file","Selecione um arquivo .zip","ok"
"settings_backup_title","Backups and restoration","Backup Title","ok"
"settings_default_lang","Server default language","Idioma padrao do servidor","ok"
"settings_default_lang_help","Language used when the user has no preference set","Idioma usado quando o usuario nao tem preferencia definida","ok"
"settings_default_none","Default (none)","Padrao (nenhum)","ok"
"settings_email_base_desc","This shared shell contains the HTML used by all emails. Simple message content is inserted automatically between these two blocks.","This shared shell contains the HTML used by all emails. Simple message content is inserted automatically between these two blocks.","untranslated"
"settings_email_base_footer","Base template: HTML footer","Base template: HTML footer","untranslated"
"settings_email_base_header","Base template: HTML header","Base template: HTML header","untranslated"
"settings_email_base_live_preview_desc","The render updates automatically while you edit the header or footer.","The render updates automatically while you edit the header or footer.","untranslated"
"settings_email_base_live_preview_title","Live base preview","Live base preview","untranslated"
"settings_email_base_preview","Preview base template","Preview base template","untranslated"
"settings_email_base_preview_demo","You received an invitation to join the Jellyfin server.

The button and direct link appear automatically below this message.","You received an invitation to join the Jellyfin server.

The button and direct link appear automatically below this message.","untranslated"
"settings_email_base_preview_desc","This preview shows the shared shell with a simple message and the standard automatic blocks.","This preview shows the shared shell with a simple message and the standard automatic blocks.","untranslated"
"settings_email_base_restore","Restore default base","Restore default base","untranslated"
"settings_email_base_title","Shared base template","Shared base template","untranslated"
"settings_email_base_variables_title","Advanced variables for the base template","Advanced variables for the base template","untranslated"
"settings_email_body_mode_desc","The editors below are no-code: plain text only, with support for variables such as {{.Username}}, {{.Email}}, or {{.ExpiryDate}}. Buttons, links, and system dates are added automatically in the final render.","The message editors below are no-code: plain text only. Buttons, links, and system dates are added automatically in the final render.","ok"
"settings_email_body_mode_title","Simple messages without markup","Simple messages without markup","untranslated"
"settings_email_delivery_desc","Enable only the emails or sections that JellyGate should send automatically.","Ative apenas os e-mails ou blocos que o JellyGate deve enviar automaticamente.","ok"
"settings_email_delivery_title","Optional messages","Mensagens opcionais","ok"
"settings_email_preview_close_aria","Close preview","Email Preview Close Aria","ok"
"settings_email_preview_desc","Preview the final render with the shared email wrapper and demonstration values.","Email Preview Desc","ok"
"settings_email_preview_title","Email template preview","Email Preview Title","ok"
"settings_email_reminder_days","N days before expiry","Email Reminder Days","ok"
"settings_email_reminder_schedule_desc","Define how many days before expiration an automatic reminder is sent.","Email Reminder Schedule Desc","ok"
"settings_email_reminder_schedule_title","Expiry reminder schedule","Email Reminder Schedule Title","ok"
"settings_email_section_lifecycle","Account lifecycle","Ciclo de vida da conta","ok"
"settings_email_section_onboarding","Signup and invitations","Cadastro e convites","ok"
"settings_email_section_security","Security and recovery","Seguranca e recuperacao","ok"
"settings_email_templates_desc","Write only the message content. JellyGate automatically inserts it into the shared email wrapper, and you can personalize the text with the available variables.","Edite apenas as mensagens que voce realmente usa. As secoes a direita deixam a pagina mais clara.","ok"
"settings_email_templates_title","Email templates","Modelos de e-mail","ok"
"settings_email_tpl_confirmation","Confirmation email","E-mail de confirmacao","ok"
"settings_email_tpl_confirmation_desc","Sent to confirm signup.","Email Tpl Confirmation Desc","ok"
"settings_email_tpl_email_verification","Email verification","Verificacao de e-mail","ok"
"settings_email_tpl_email_verification_desc","Sent to confirm a new or existing email address before account recovery and notifications.","Enviado para confirmar um endereco de e-mail novo ou existente antes da recuperacao da conta e das notificacoes.","ok"
"settings_email_tpl_email_verification_subject","Email verification subject","Assunto de verificacao de e-mail","ok"
"settings_email_tpl_email_verification_subject_desc","Subject line for email verification messages. Variables are supported.","Linha de assunto dos e-mails de verificacao. Variaveis sao suportadas.","ok"
"settings_email_tpl_expiry_adjusted","Expiry adjusted","Expiracao ajustada","ok"
"settings_email_tpl_expiry_adjusted_desc","Sent when account expiry date is modified.","Email Tpl Expiry Adjusted Desc","ok"
"settings_email_tpl_expiry_reminder","Expiry reminder","Lembrete de expiracao","ok"
"settings_email_tpl_expiry_reminder_1","Expiry reminder D-1","Lembrete de expiracao D-1","ok"
"settings_email_tpl_expiry_reminder_14","Expiry reminder D-14","Lembrete de expiracao D-14","ok"
"settings_email_tpl_expiry_reminder_14_desc","Template sent 14 days before expiration.","Email Tpl Expiry Reminder 14 Desc","ok"
"settings_email_tpl_expiry_reminder_1_desc","Template sent 1 day before expiration.","Email Tpl Expiry Reminder 1 Desc","ok"
"settings_email_tpl_expiry_reminder_7","Expiry reminder D-7","Lembrete de expiracao D-7","ok"
"settings_email_tpl_expiry_reminder_7_desc","Template sent 7 days before expiration.","Email Tpl Expiry Reminder 7 Desc","ok"
"settings_email_tpl_expiry_reminder_desc","Automatic notification before account expiry.","Email Tpl Expiry Reminder Desc","ok"
"settings_email_tpl_invitation","Invitation email","E-mail de convite","ok"
"settings_email_tpl_invitation_desc","Main message guiding users to Jellyfin access.","Email Tpl Invitation Desc","ok"
"settings_email_tpl_invite_expiry","Invitation expiry","Expiracao do convite","ok"
"settings_email_tpl_invite_expiry_desc","Reminder that an invitation link will expire soon.","Email Tpl Invite Expiry Desc","ok"
"settings_email_tpl_password_reset","Password reset","Redefinicao de senha","ok"
"settings_email_tpl_password_reset_desc","Contains reset link/code sent to user.","Email Tpl Password Reset Desc","ok"
"settings_email_tpl_post_signup_help","Post-signup help","Ajuda apos o cadastro","ok"
"settings_email_tpl_post_signup_help_desc","Instructions after account creation.","Email Tpl Post Signup Help Desc","ok"
"settings_email_tpl_pre_signup_help","Pre-signup help","Ajuda antes do cadastro","ok"
"settings_email_tpl_pre_signup_help_desc","Guidance before creating the account.","Email Tpl Pre Signup Help Desc","ok"
"settings_email_tpl_user_creation","User creation","Conta criada","ok"
"settings_email_tpl_user_creation_desc","Confirms account creation by an administrator.","Email Tpl User Creation Desc","ok"
"settings_email_tpl_user_deletion","User deletion","Conta removida","ok"
"settings_email_tpl_user_deletion_desc","Notification that an account was deleted.","Email Tpl User Deletion Desc","ok"
"settings_email_tpl_user_deletion_disable_notice","Do not send this email on user deletion","Email Tpl User Deletion Disable Notice","ok"
"settings_email_tpl_user_disabled","User disabled","Conta desativada","ok"
"settings_email_tpl_user_disabled_desc","Sent when an account is disabled.","Email Tpl User Disabled Desc","ok"
"settings_email_tpl_user_enabled","User enabled","Conta reativada","ok"
"settings_email_tpl_user_enabled_desc","Sent when an account is re-enabled.","Email Tpl User Enabled Desc","ok"
"settings_email_tpl_user_expired","User expired","Conta expirada","ok"
"settings_email_tpl_user_expired_desc","Sent when an account expires automatically.","Email Tpl User Expired Desc","ok"
"settings_email_tpl_welcome","Welcome","Boas-vindas","ok"
"settings_email_tpl_welcome_desc","Global post-signup welcome message.","Email Tpl Welcome Desc","ok"
"settings_email_var_email","email address","Email Var Email","ok"
"settings_email_var_expires_in","validity duration","Email Var Expires In","ok"
"settings_email_var_expiry_date","expiry date","Email Var Expiry Date","ok"
"settings_email_var_help_url","support / onboarding URL","Email Var Help Url","ok"
"settings_email_var_invite_code","invitation code","Email Var Invite Code","ok"
"settings_email_var_invite_link","invitation link","Email Var Invite Link","ok"
"settings_email_var_jellyfin_url","Jellyfin login URL","Email Var Jellyfin Url","ok"
"settings_email_var_jellygate_url","public JellyGate URL","Email Var Jellygate Url","ok"
"settings_email_var_jellyseerr_url","Jellyseerr URL","Email Var Jellyseerr Url","ok"
"settings_email_var_message","custom message (admin invitation)","Email Var Message","ok"
"settings_email_var_reset_code","reset code","Email Var Reset Code","ok"
"settings_email_var_reset_link","reset link","Email Var Reset Link","ok"
"settings_email_var_username","username","Email Var Username","ok"
"settings_email_var_verification_code","email verification code","codigo de verificacao de e-mail","ok"
"settings_email_var_verification_link","email verification link","link de verificacao de e-mail","ok"
"settings_email_variable_insert","Insert","Inserir","ok"
"settings_email_variable_picker_label","Variable to insert","Variavel para inserir","ok"
"settings_email_variable_picker_placeholder","Choose a variable","Escolha uma variavel","ok"
"settings_email_variables_title","Available variables","Email Variables Title","ok"
"settings_expiry_action_delete","Delete","Expiry Action Delete","ok"
"settings_expiry_action_disable","Disable","Expiry Action Disable","ok"
"settings_expiry_action_disable_then_delete","Disable then delete","Expiry Action Disable Then Delete","ok"
"settings_general_desc","Configure JellyGate global settings","Configure as definicoes globais do JellyGate","ok"
"settings_general_title","General Settings","Configuracoes gerais","ok"
"settings_host_required","Host *","Servidor *","ok"
"settings_invite_allow_inviter_grant","Allow inviters to let the new account create invitations","Allow inviters to let the new account create invitations","untranslated"
"settings_invite_allow_inviter_user_expiry","Allow inviters to customize user expiry","Invite Allow Inviter User Expiry","ok"
"settings_invite_delete_after_days","Delete account after (days)","Invite Delete After Days","ok"
"settings_invite_disable_after_days","Disable account after (days)","Invite Disable After Days","ok"
"settings_invite_enable_downloads","Allow direct downloads","Invite Enable Downloads","ok"
"settings_invite_expiry_action","Action on expiry","Invite Expiry Action","ok"
"settings_invite_inviter_max_link_hours","Max link TTL (hours, non-admin inviters)","Invite Inviter Max Link Hours","ok"
"settings_invite_inviter_max_uses","Max uses (non-admin inviters)","Invite Inviter Max Uses","ok"
"settings_invite_inviter_quota_day","Invite links quota / day (inviter)","Invite Inviter Quota Day","ok"
"settings_invite_inviter_quota_month","Invite links quota / month (inviter)","Invite Inviter Quota Month","ok"
"settings_invite_inviter_quota_week","Invite links quota / week (inviter)","Invite Inviter Quota Week","ok"
"settings_invite_password_max","Password max","Invite Password Max","ok"
"settings_invite_password_min","Password min","Invite Password Min","ok"
"settings_invite_profile_clone_user","Clone Jellyfin profile","Invite Profile Clone User","ok"
"settings_invite_profile_desc","These rules are automatically applied to each new invitation. Non-admin users cannot modify them from invitation creation.","Invite Profile Desc","ok"
"settings_invite_profile_preset","Jellyfin preset","Invite Profile Preset","ok"
"settings_invite_profile_title","Invitation profile","Invite Profile Title","ok"
"settings_invite_require_email","Email required at signup","E-mail obrigatorio no cadastro","ok"
"settings_invite_require_email_verification","Verify email before account creation","Verificar e-mail antes de criar a conta","ok"
"settings_invite_username_max","Username max","Invite Username Max","ok"
"settings_invite_username_min","Username min","Invite Username Min","ok"
"settings_ldap_base_dn","Base DN *","DN base *","ok"
"settings_ldap_bind_dn","Bind DN *","DN de bind *","ok"
"settings_ldap_bind_password","Bind password *","Senha de bind *","ok"
"settings_ldap_desc","Connect JellyGate to your directory via LDAP/LDAPS","Conecte o JellyGate ao seu diretorio via LDAP ou LDAPS","ok"
"settings_ldap_domain","AD domain *","Dominio AD *","ok"
"settings_ldap_group_admin","LDAP administrators group","Grupo LDAP de administradores","ok"
"settings_ldap_group_admin_help","This group targets full-control accounts.","Este grupo e destinado a contas com controle total.","ok"
"settings_ldap_group_inviter","LDAP inviter group","Grupo LDAP de convidadores","ok"
"settings_ldap_group_inviter_help","This group grants normal access and invite rights.","Este grupo recebe acesso normal e permissao para convidar.","ok"
"settings_ldap_group_member_attr","Group member attribute","Atributo de membro do grupo","ok"
"settings_ldap_group_member_attr_help","Set to member (AD/groupOfNames) or memberUid (posixGroup).","Use member (AD/groupOfNames) ou memberUid (posixGroup).","ok"
"settings_ldap_group_users","LDAP users group","Grupo LDAP de usuarios","ok"
"settings_ldap_group_users_help","Automatically assigned to standard users.","Atribuido automaticamente aos usuarios padrao.","ok"
"settings_ldap_mode_hybrid","Hybrid (LDAP + Jellyfin)","Hibrido (LDAP + Jellyfin)","ok"
"settings_ldap_mode_ldap_only","LDAP only (no Jellyfin API user creation)","Somente LDAP (sem criacao de usuarios via API do Jellyfin)","ok"
"settings_ldap_provision_mode","Provisioning mode","Modo de provisionamento","ok"
"settings_ldap_skip_verify","Skip TLS certificate verification","Ignorar verificacao do certificado TLS","ok"
"settings_ldap_test_connection_btn","Test LDAP connection","Testar conexao LDAP","ok"
"settings_ldap_test_credentials_required","Enter test username and password for Jellyfin LDAP plugin validation.","Informe usuario e senha de teste para validar o plugin LDAP do Jellyfin.","ok"
"settings_ldap_test_failed","Test failed","Teste falhou","ok"
"settings_ldap_test_jellyfin_btn","Test Jellyfin login (LDAP plugin)","Testar login Jellyfin (plugin LDAP)","ok"
"settings_ldap_test_password","Test password","Senha de teste","ok"
"settings_ldap_test_running","Test in progress...","Teste em andamento...","ok"
"settings_ldap_test_success","Test succeeded","Teste concluido","ok"
"settings_ldap_test_user_btn","Test user lookup","Testar busca de usuario","ok"
"settings_ldap_test_username","Test user identifier","Identificador de usuario de teste","ok"
"settings_ldap_test_username_required","Enter a test user identifier.","Informe um identificador de usuario de teste.","ok"
"settings_ldap_tests_desc","These tests do not save configuration. They validate LDAP connection, user lookup with the configured login attribute, then Jellyfin LDAP plugin authentication.","Esses testes nao salvam a configuracao. Eles validam a conexao LDAP, a busca de usuario com o atributo de login configurado e depois a autenticacao pelo plugin LDAP do Jellyfin.","ok"
"settings_ldap_tests_title","LDAP tests and Jellyfin LDAP plugin","Testes LDAP e plugin LDAP do Jellyfin","ok"
"settings_ldap_title","Active Directory / LDAP","Active Directory / LDAP","untranslated"
"settings_ldap_tls","LDAPS (TLS)","LDAPS (TLS)","untranslated"
"settings_ldap_user_object_class","User objectClass","objectClass de usuario","ok"
"settings_ldap_user_object_class_help","Set to auto for detection, or force values like user, person, inetOrgPerson, posixAccount.","Use auto para deteccao, ou force user, person, inetOrgPerson, posixAccount.","ok"
"settings_ldap_user_ou","User OU","OU de usuarios","ok"
"settings_ldap_username_attr_ad","sAMAccountName (Active Directory)","sAMAccountName (Active Directory)","untranslated"
"settings_ldap_username_attr_auto","Auto-detect (AD/OpenLDAP)","Deteccao automatica (AD/OpenLDAP)","ok"
"settings_ldap_username_attr_cn","cn (common name)","cn (nome comum)","ok"
"settings_ldap_username_attr_uid","uid (OpenLDAP / Synology)","uid (OpenLDAP / Synology)","untranslated"
"settings_ldap_username_attr_upn","userPrincipalName (UPN)","userPrincipalName (UPN)","untranslated"
"settings_ldap_username_attribute","User login attribute","Atributo de login do usuario","ok"
"settings_ldap_username_attribute_help","Pick the LDAP attribute used to identify users (uid on Synology/OpenLDAP, sAMAccountName on Active Directory).","Escolha o atributo LDAP usado para identificar usuarios (uid no Synology/OpenLDAP, sAMAccountName no Active Directory).","ok"
"settings_loading","Loading...","Carregando...","ok"
"settings_matrix_access_token","Access token","Matrix Access Token","ok"
"settings_matrix_homeserver_url","Homeserver URL","Matrix Homeserver Url","ok"
"settings_matrix_room_id","Room ID","Matrix Room Id","ok"
"settings_open_jellyfin","Open Jellyfin","Abrir Jellyfin","ok"
"settings_open_jellygate_public","Open public JellyGate","Abrir JellyGate publico","ok"
"settings_open_jellyseerr","Open Jellyseerr","Abrir Jellyseerr","ok"
"settings_open_jellytrack","Open jellytrack","Abrir jellytrack","ok"
"settings_overview_backup_desc","Plan backups, import archives, and prepare a safe restoration.","Agende backups, importe arquivos e prepare uma restauraÃ§Ã£o segura.","ok"
"settings_overview_desc","Move quickly between language defaults, identity, delivery channels, templates, and recovery workflows.","Alterne rapidamente entre idioma padrÃ£o, identidade, canais de envio, modelos e recuperaÃ§Ã£o.","ok"
"settings_overview_general_desc","Public URLs, default language, and invitation defaults.","URLs pÃºblicas, idioma padrÃ£o e regras bÃ¡sicas de convite.","ok"
"settings_overview_ldap_desc","Directory connection, provisioning mode, groups, and validation tests.","ConexÃ£o com diretÃ³rio, modo de provisionamento, grupos e testes de validaÃ§Ã£o.","ok"
"settings_overview_smtp_desc","Outgoing email transport used for invitations and password recovery.","Transporte de e-mail usado para convites e recuperaÃ§Ã£o de senha.","ok"
"settings_overview_templates_desc","Edit every email scenario and preview the rendered message.","Edite cada cenÃ¡rio de e-mail e confira a prÃ©via renderizada.","ok"
"settings_overview_title","Service control","Central de serviÃ§os","ok"
"settings_overview_webhooks_desc","Discord, Telegram, and Matrix notifications for registration activity.","NotificaÃ§Ãµes de Discord, Telegram e Matrix para novas inscriÃ§Ãµes.","ok"
"settings_password_digit_required","Digit required","Password Digit Required","ok"
"settings_password_lower_required","Lowercase required","Password Lower Required","ok"
"settings_password_special_required","Special character required","Password Special Required","ok"
"settings_password_upper_required","Uppercase required","Password Upper Required","ok"
"settings_port","Port","Porta","ok"
"settings_preset_fallback","Preset","Preset","untranslated"
"settings_preview_button","Preview","Pre-visualizar","ok"
"settings_preview_impossible","Preview unavailable","Pre-visualizacao indisponivel","ok"
"settings_preview_loading","Loading preview...","Carregando pre-visualizacao...","ok"
"settings_public_jellyfin_help","Used in buttons and email templates via","Public Jellyfin Help","ok"
"settings_public_jellyfin_url","Public Jellyfin URL","URL publica do Jellyfin","ok"
"settings_public_jellygate_help","Used for invitation links and templates via","Public Jellygate Help","ok"
"settings_public_jellygate_url","Public JellyGate URL","URL publica do JellyGate","ok"
"settings_public_jellyseerr_help","Available in templates via","Public Jellyseerr Help","ok"
"settings_public_jellyseerr_url","Public Jellyseerr URL","URL publica do Jellyseerr","ok"
"settings_public_jellytrack_help","Available in templates via","Public jellytrack Help","ok"
"settings_public_jellytrack_url","Public jellytrack URL","URL publica do jellytrack","ok"
"settings_quick_links","Quick links","Links rÃ¡pidos","ok"
"settings_save_error","Save failed","Falha ao salvar","ok"
"settings_save_invite_profile","Save invitation profile","Salvar perfil de convite","ok"
"settings_save_ldap","Save LDAP settings","Salvar configuraÃ§Ãµes LDAP","ok"
"settings_save_smtp","Save SMTP","Salvar SMTP","ok"
"settings_save_templates","Save templates","Salvar modelos","ok"
"settings_save_webhooks","Save Webhooks","Salvar webhooks","ok"
"settings_saved","Settings saved","Configuracoes salvas","ok"
"settings_smtp_desc","Configure email sending (invitations, password reset)","Configure o envio de e-mails para convites e redefinicao de senha","ok"
"settings_smtp_from","Sender address *","Smtp From","ok"
"settings_smtp_password","Password *","Smtp Password","ok"
"settings_smtp_starttls","STARTTLS / TLS","Smtp Starttls","ok"
"settings_smtp_title","SMTP server","Servidor SMTP","ok"
"settings_smtp_username","Username *","Smtp Username","ok"
"settings_subheading","Configure external services from this interface","Configure servicos externos por esta interface","ok"
"settings_tab_backup","Backups","Copias de seguranca","ok"
"settings_tab_email_templates","Email Templates","Modelos de e-mail","ok"
"settings_tab_general","General","Geral","ok"
"settings_tab_ldap","LDAP","LDAP","untranslated"
"settings_tab_smtp","SMTP","SMTP","untranslated"
"settings_tab_webhooks","Webhooks","Webhooks","untranslated"
"settings_telegram_bot_token","Bot token","Telegram Bot Token","ok"
"settings_telegram_chat_id","Chat ID","Telegram Chat Id","ok"
"settings_template_empty","Template is empty.","O modelo esta vazio.","ok"
"settings_webhook_url","Webhook URL","URL do webhook","ok"
"settings_webhooks_desc","Receive notifications when a user registers","Receba notificacoes quando um usuario se registrar","ok"
"settings_webhooks_title","Webhook notifications","Notificacoes de webhook","ok"
"settings_zero_no_extra_limit","0 = no extra limit.","Zero No Extra Limit","ok"
"settings_zero_unlimited","0 = unlimited.","Zero Unlimited","ok"
"stat_active_users","Active","Ativos","ok"
"stat_banned_users","Banned","Banidos","ok"
"stat_invitations","Invitations","Convites","ok"
"stat_total_users","Users","Usuarios","ok"
"status_active","Active","Ativo","ok"
"status_banned","Banned","Banido","ok"
"status_inactive","Inactive","Inativo","ok"
"submitting","Creating account...","Criando conta...","ok"
"success","Success","Sucesso","ok"
"users_action_activate","Activate account","Ativar conta","ok"
"users_action_activate_help","Re-enable the selected accounts without changing their other settings.","Reative as contas selecionadas sem alterar as outras configuracoes.","ok"
"users_action_apply_preset","Apply Jellyfin preset","Aplicar preset do Jellyfin","ok"
"users_action_apply_preset_help","Push a predefined Jellyfin policy preset to every selected account.","Envie um preset predefinido de politica do Jellyfin para todas as contas selecionadas.","ok"
"users_action_deactivate","Disable account","Desativar conta","ok"
"users_action_deactivate_help","Temporarily block access for the selected accounts.","Bloqueie temporariamente o acesso das contas selecionadas.","ok"
"users_action_delete","Delete account","Excluir conta","ok"
"users_action_delete_help","Permanently remove the selected accounts from every configured backend.","Remova permanentemente as contas selecionadas de todos os backends configurados.","ok"
"users_action_jellyfin_policy","Adjust Jellyfin policy","Ajustar politica do Jellyfin","ok"
"users_action_jellyfin_policy_help","Override downloads, remote access, sessions, or bitrate limits in bulk.","Altere em lote downloads, acesso remoto, sessoes ou limites de bitrate.","ok"
"users_action_send_email","Send email","Enviar e-mail","ok"
"users_action_send_email_help","Write a one-off message and deliver it to the selected users.","Escreva uma mensagem pontual e entregue-a aos usuarios selecionados.","ok"
"users_action_send_password_reset","Send password reset","Enviar redefinicao de senha","ok"
"users_action_send_password_reset_help","Trigger a password reset email for every selected account.","Dispare um e-mail de redefinicao de senha para cada conta selecionada.","ok"
"users_action_set_expiry","Set access expiry","Definir expiracao de acesso","ok"
"users_action_set_expiry_help","Define or clear the access expiration date on the selected users.","Defina ou limpe a data de expiracao de acesso dos usuarios selecionados.","ok"
"users_action_set_invite","Update invite rights","Atualizar direitos de convite","ok"
"users_action_set_invite_help","Grant or remove invitation rights on the selected accounts.","Conceda ou remova direitos de convite nas contas selecionadas.","ok"
"users_allow_invite","Can invite","Pode convidar","ok"
"users_apply","Apply","Aplicar","ok"
"users_bulk_action_failed","Bulk action failed","Falha na acao em lote","ok"
"users_bulk_action_generic","Bulk action","Acao em lote","ok"
"users_bulk_action_on","for","para","ok"
"users_bulk_action_placeholder","Choose a bulk action","Escolha uma acao em lote","ok"
"users_bulk_assistant_desc","Select the right users first, then configure the action with as little rework as possible.","Selecione primeiro os usuarios certos e depois configure a acao com o minimo de retrabalho.","ok"
"users_bulk_blocked_prefix","Blocked","Bloqueado","ok"
"users_bulk_choose_action","Choose an action","Escolha uma acao","ok"
"users_bulk_complete_required","Complete the required parameters","Preencha os parametros obrigatorios","ok"
"users_bulk_config_ready","Configuration looks valid","A configuracao parece valida","ok"
"users_bulk_confirm_template","{action}`n`nTarget users: {count}`nConfirm execution?","{action}`n`nUsuarios-alvo: {count}`nConfirmar execucao?","ok"
"users_bulk_desc","Select users, choose an action, then validate the required parameters before execution.","Selecione usuÃ¡rios, escolha uma aÃ§Ã£o e valide os parÃ¢metros obrigatÃ³rios antes de executar.","ok"
"users_bulk_done","Action completed: {success}/{total} success","Acao concluida: sucesso {success}/{total}","ok"
"users_bulk_email","Bulk email","E-mail em lote","ok"
"users_bulk_email_body","Message body","Corpo da mensagem","ok"
"users_bulk_email_open","Open the bulk email assistant","Abrir o assistente de e-mail em lote","ok"
"users_bulk_email_subject","Email subject","Assunto do e-mail","ok"
"users_bulk_email_variables","Available variables","Variaveis disponiveis","ok"
"users_bulk_instructions","The assistant prevents incomplete actions before execution. Select users, choose the action, then finish the required fields.","O assistente evita a execucao de acoes incompletas. Selecione usuarios, escolha a acao e depois preencha os campos obrigatorios.","ok"
"users_bulk_jellyfin_invalid","One or more Jellyfin policy values are invalid.","Um ou mais valores da politica do Jellyfin sao invalidos.","ok"
"users_bulk_need_email_body","Enter both the email subject and message body.","Preencha o assunto do e-mail e o corpo da mensagem.","ok"
"users_bulk_need_expiry","Set an expiry date or choose to clear the existing one.","Defina uma data de expiracao ou escolha limpar a data atual.","ok"
"users_bulk_need_jellyfin_param","Change at least one Jellyfin policy setting.","Altere pelo menos uma configuracao da politica do Jellyfin.","ok"
"users_bulk_need_preset","Choose a Jellyfin preset before continuing.","Escolha um preset do Jellyfin antes de continuar.","ok"
"users_bulk_no_extra_params","This action does not need extra parameters.","Esta acao nao precisa de parametros extras.","ok"
"users_bulk_none","none","nenhum","ok"
"users_bulk_ready_suffix","ready to apply","pronto para aplicar","ok"
"users_bulk_select_one","Select at least one user.","Selecione pelo menos um usuario.","ok"
"users_bulk_select_preset","Choose a preset","Escolha um preset","ok"
"users_bulk_selected_suffix","users selected","usuarios selecionados","ok"
"users_bulk_step_action","Choose action","Escolher acao","ok"
"users_bulk_step_select","Select users","Selecionar usuarios","ok"
"users_bulk_step_verify","Validate config","Validar configuracao","ok"
"users_bulk_summary_placeholder","Your action summary will appear here.","O resumo da acao aparecera aqui.","ok"
"users_bulk_title","Bulk assistant","Assistente em lote","ok"
"users_bulk_valid_prefix","Valid","Valido","ok"
"users_clear_expiry","Clear expiry","Limpar expiracao","ok"
"users_close","Close","Fechar","ok"
"users_col_expiry","Expiry","Expiracao","ok"
"users_col_group","Group","Grupo","ok"
"users_col_invite","Invite","Convite","ok"
"users_delete_confirm","Delete permanently","Excluir permanentemente","ok"
"users_delete_confirm_template","User ""{username}"" will be deleted from AD, Jellyfin, and the local database. This action is irreversible.","O usuario ""{username}"" sera excluido do AD, do Jellyfin e do banco de dados local. Esta acao e irreversivel.","ok"
"users_delete_confirm_title","Confirm deletion","Confirmar exclusao","ok"
"users_delete_error","Unable to delete this user.","Nao foi possivel excluir este usuario.","ok"
"users_delete_title","Delete user","Excluir usuario","ok"
"users_deleted","User deleted","Usuario excluido","ok"
"users_displayed_count","displayed /","exibidos /","ok"
"users_edit","Edit","Editar","ok"
"users_edit_title","Edit account","Editar conta","ok"
"users_filter_expiry_active","With expiry date","Com data de expiracao","ok"
"users_filter_expiry_expired","Already expired","Ja expirado","ok"
"users_filter_expiry_none","No expiry date","Sem data de expiracao","ok"
"users_filter_extra_all","Any extra signal","Qualquer sinal extra","ok"
"users_filter_invite_all","Any invite state","Qualquer estado de convite","ok"
"users_filter_invite_disabled","Invite disabled","Convite desativado","ok"
"users_filter_invite_enabled","Invite enabled","Convite ativado","ok"
"users_filter_jellyfin_all","Any Jellyfin state","Qualquer estado do Jellyfin","ok"
"users_filter_jellyfin_disabled","Jellyfin disabled","Jellyfin desativado","ok"
"users_filter_jellyfin_missing","Missing in Jellyfin","Ausente no Jellyfin","ok"
"users_filter_jellyfin_ok","Healthy in Jellyfin","Saudavel no Jellyfin","ok"
"users_filter_status_all","Any account status","Qualquer status da conta","ok"
"users_filter_with_email","Has email address","Tem endereco de e-mail","ok"
"users_filter_without_email","No email address","Sem endereco de e-mail","ok"
"users_filters_clear","Clear filters","Limpar filtros","ok"
"users_filters_desc","Combine search, state, Jellyfin sync, invitation rights, and expiry signals.","Combine busca, status, sincronizaÃ§Ã£o com Jellyfin, permissÃµes de convite e sinais de expiraÃ§Ã£o.","ok"
"users_filters_none","No active filters.","Nenhum filtro ativo.","ok"
"users_filters_title","Find the right accounts","Encontre as contas certas","ok"
"users_heading","User Management","Gestao de usuarios","ok"
"users_jellyfin_disabled","Jellyfin disabled","Jellyfin desativado","ok"
"users_jellyfin_missing","Jellyfin missing","Ausente no Jellyfin","ok"
"users_jf_bitrate_placeholder","Remote bitrate limit (kbps)","Limite de bitrate remoto (kbps)","ok"
"users_jf_download_allowed","Downloads allowed","Downloads permitidos","ok"
"users_jf_download_blocked","Downloads blocked","Downloads bloqueados","ok"
"users_jf_download_unchanged","Keep current download policy","Manter a politica atual de downloads","ok"
"users_jf_remote_allowed","Remote access allowed","Acesso remoto permitido","ok"
"users_jf_remote_blocked","Remote access blocked","Acesso remoto bloqueado","ok"
"users_jf_remote_unchanged","Keep current remote policy","Manter a politica atual de acesso remoto","ok"
"users_jf_sessions_placeholder","Max active sessions","Maximo de sessoes ativas","ok"
"users_live_filters_desc","See the active constraints before applying a bulk action.","Veja as restricoes ativas antes de aplicar uma acao em lote.","ok"
"users_live_filters_title","Filter snapshot","Resumo dos filtros","ok"
"users_load_error","Unable to load users","Nao foi possivel carregar os usuarios","ok"
"users_load_error_details","The users list could not be loaded.","Nao foi possivel carregar a lista de usuarios.","ok"
"users_no","No","Nao","ok"
"users_no_filter_match","No account matches the current filters.","Nenhuma conta corresponde aos filtros atuais.","ok"
"users_no_local","No local accounts found yet.","Nenhuma conta local encontrada ainda.","ok"
"users_overview_expiring","Expired access","Acessos expirados","ok"
"users_overview_filtered","Visible now","VisÃ­veis agora","ok"
"users_overview_inviters","Can invite","Podem convidar","ok"
"users_overview_total","Total accounts","Total de contas","ok"
"users_reset","Reset","Redefinir","ok"
"users_reset_error","Unable to send the password reset message.","Nao foi possivel enviar a mensagem de redefinicao de senha.","ok"
"users_reset_sent","Password reset link sent to {username}","Link de redefinicao de senha enviado para {username}","ok"
"users_search_placeholder","Search...","Buscar...","ok"
"users_segment_access","Access policy","PolÃ­tica de acesso","ok"
"users_segment_accounts","Account state","Estado da conta","ok"
"users_segment_delivery","Communication","ComunicaÃ§Ã£o","ok"
"users_select_filtered","Select filtered","Selecionar filtrados","ok"
"users_selection_clear","Clear selection","Limpar selecao","ok"
"users_selection_desc","Review the exact accounts that will be affected next.","Revise exatamente quais contas serao afetadas em seguida.","ok"
"users_selection_empty","No users selected yet.","Nenhum usuario selecionado ainda.","ok"
"users_selection_more","+{count} more","+{count} mais","ok"
"users_selection_title","Selection snapshot","Resumo da selecao","ok"
"users_subheading","Manage accounts, enable or delete users","Gerencie contas, habilite ou exclua usuarios","ok"
"users_subheading_extended","Manage local accounts, Jellyfin sync state, invitation rights, and expiry rules from one control room.","Gerencie contas locais, status de sincronizaÃ§Ã£o com o Jellyfin, permissÃµes de convite e regras de expiraÃ§Ã£o em uma Ãºnica central.","ok"
"users_sync_confirm","Launch a synchronization against Jellyfin now?","Iniciar uma sincronizacao com o Jellyfin agora?","ok"
"users_sync_done","Jellyfin sync completed","Sincronizacao com o Jellyfin concluida","ok"
"users_sync_error","Jellyfin sync failed","Falha na sincronizacao com o Jellyfin","ok"
"users_sync_jellyfin","Sync Jellyfin","Sincronizar Jellyfin","ok"
"users_sync_jellyfin_title","Refresh local data from Jellyfin","Atualizar dados locais a partir do Jellyfin","ok"
"users_sync_network_error","Network error during Jellyfin synchronization","Erro de rede durante a sincronizacao com o Jellyfin","ok"
"users_table_desc","Inspect each local account, then edit, reset, trace, enable, or delete in one click.","Inspecione cada conta local e depois edite, redefina, acompanhe, ative ou exclua com um clique.","ok"
"users_table_title","Accounts list","Lista de contas","ok"
"users_timeline_critical","Critical","Critico","ok"
"users_timeline_empty","No timeline events found for this user.","Nenhum evento encontrado na linha do tempo deste usuario.","ok"
"users_timeline_important","Important","Importante","ok"
"users_timeline_info","Info","Informacao","ok"
"users_timeline_load_error","Unable to load the user timeline.","Nao foi possivel carregar a linha do tempo do usuario.","ok"
"users_timeline_subtitle","{username} ({email})","{username} ({email})","untranslated"
"users_timeline_title","User timeline","Linha do tempo do usuario","ok"
"users_timeline_trace","Trace","Rastro","ok"
"users_title","Users","Usuarios","ok"
"users_toggle_error","Unable to update the account status.","Nao foi possivel atualizar o status da conta.","ok"
"users_toggle_updated","Account status updated","Status da conta atualizado","ok"
"users_toolbar_desc","Start with a filter, then use the bulk assistant or one-click actions on the right accounts.","Comece com um filtro e depois use o assistente em lote ou aÃ§Ãµes diretas nas contas certas.","ok"
"users_toolbar_title","User operations","OperaÃ§Ãµes de usuÃ¡rios","ok"
"users_update_error","Unable to save account changes.","Nao foi possivel salvar as alteracoes da conta.","ok"
"users_updated","Account updated","Conta atualizada","ok"
"users_yes","Yes","Sim","ok"
"verify_email_invite_expired_heading","Verification link expired","Link de verificacao expirado","ok"
"verify_email_invite_expired_message","This signup confirmation link has expired. Submit the invitation form again to receive a new email.","Este link de confirmacao de cadastro expirou. Envie novamente o formulario de convite para receber um novo e-mail.","ok"
"verify_email_invite_failed_heading","Account creation failed","Nao foi possivel criar a conta","ok"
"verify_email_invite_failed_message","We could not finish creating your account from this invitation. Submit the invitation form again or ask for a new invitation.","Nao foi possivel concluir a criacao da sua conta a partir deste convite. Envie o formulario novamente ou solicite um novo convite.","ok"
"verify_email_invite_success_heading","Email verified, account created","E-mail verificado, conta criada","ok"
"verify_email_invite_success_message","Your email address has been confirmed and your account is now ready. You can sign in to Jellyfin.","Seu endereco de e-mail foi confirmado e sua conta esta pronta. Agora voce pode entrar no Jellyfin.","ok"
"view_all","View all","Ver tudo","ok"