key,english,ru,status
"app_description","Invitation and user manager for Jellyfin","ÐœÐµÐ½ÐµÐ´Ð¶ÐµÑ€ Ð¿Ñ€Ð¸Ð³Ð»Ð°ÑˆÐµÐ½Ð¸Ð¹ Ð¸ Ð¿Ð¾Ð»ÑŒÐ·Ð¾Ð²Ð°Ñ‚ÐµÐ»ÐµÐ¹ Ð´Ð»Ñ Jellyfin","ok"
"automation_add","Add","Dobavit","ok"
"automation_col_bitrate","Bitrate (kbps)","Stolbec bitrate","ok"
"automation_col_delete_days","Delete after (days)","Ð”Ð½ÐµÐ¹ Ð´Ð¾ ÑƒÐ´Ð°Ð»ÐµÐ½Ð¸Ñ","ok"
"automation_col_disable_days","Disable after (days)","Ð”Ð½ÐµÐ¹ Ð´Ð¾ Ð¾Ñ‚ÐºÐ»ÑŽÑ‡ÐµÐ½Ð¸Ñ","ok"
"automation_col_download","Downloads","Ð—Ð°Ð³Ñ€ÑƒÐ·ÐºÐ¸","ok"
"automation_col_group","Group","Ð“Ñ€ÑƒÐ¿Ð¿Ð°","ok"
"automation_col_id","ID","ID","untranslated"
"automation_col_last_run","Last run","ÐŸÐ¾ÑÐ»ÐµÐ´Ð½Ð¸Ð¹ Ð·Ð°Ð¿ÑƒÑÐº","ok"
"automation_col_ldap_dn_optional","LDAP DN (optional)","LDAP DN (Ð½ÐµÐ¾Ð±ÑÐ·Ð°Ñ‚ÐµÐ»ÑŒÐ½Ð¾)","ok"
"automation_col_name","Name","ÐÐ°Ð·Ð²Ð°Ð½Ð¸Ðµ","ok"
"automation_col_payload","Payload","ÐŸÐ¾Ð»ÐµÐ·Ð½Ð°Ñ Ð½Ð°Ð³Ñ€ÑƒÐ·ÐºÐ°","ok"
"automation_col_preset_target","Target preset","Ð¦ÐµÐ»ÐµÐ²Ð¾Ð¹ Ð¿Ñ€ÐµÑÐµÑ‚","ok"
"automation_col_remote","Remote access","Ð£Ð´Ð°Ð»ÐµÐ½Ð½Ñ‹Ð¹ Ð´Ð¾ÑÑ‚ÑƒÐ¿","ok"
"automation_col_schedule","Schedule","Ð Ð°ÑÐ¿Ð¸ÑÐ°Ð½Ð¸Ðµ","ok"
"automation_col_sessions","Sessions","Ð¡ÐµÑÑÐ¸Ð¸","ok"
"automation_col_source","Source","Ð˜ÑÑ‚Ð¾Ñ‡Ð½Ð¸Ðº","ok"
"automation_col_type","Type","Ð¢Ð¸Ð¿","ok"
"automation_create","Create","Ð¡Ð¾Ð·Ð´Ð°Ñ‚ÑŒ","ok"
"automation_delete","Delete","Ð£Ð´Ð°Ð»Ð¸Ñ‚ÑŒ","ok"
"automation_disable","Disable","ÐžÑ‚ÐºÐ»ÑŽÑ‡Ð¸Ñ‚ÑŒ","ok"
"automation_enable","Enable","Ð’ÐºÐ»ÑŽÑ‡Ð¸Ñ‚ÑŒ","ok"
"automation_error_group_mappings","Unable to load group mappings.","ÐÐµ ÑƒÐ´Ð°Ð»Ð¾ÑÑŒ Ð·Ð°Ð³Ñ€ÑƒÐ·Ð¸Ñ‚ÑŒ ÑÐ¾Ð¿Ð¾ÑÑ‚Ð°Ð²Ð»ÐµÐ½Ð¸Ñ Ð³Ñ€ÑƒÐ¿Ð¿.","ok"
"automation_error_presets","Unable to load presets.","ÐÐµ ÑƒÐ´Ð°Ð»Ð¾ÑÑŒ Ð·Ð°Ð³Ñ€ÑƒÐ·Ð¸Ñ‚ÑŒ Ð¿Ñ€ÐµÑÐµÑ‚Ñ‹.","ok"
"automation_error_tasks","Unable to load tasks.","ÐÐµ ÑƒÐ´Ð°Ð»Ð¾ÑÑŒ Ð·Ð°Ð³Ñ€ÑƒÐ·Ð¸Ñ‚ÑŒ Ð·Ð°Ð´Ð°Ñ‡Ð¸.","ok"
"automation_group_mappings_desc","Map LDAP or application groups to Jellyfin presets.","Ð¡Ð²ÑÐ¶Ð¸Ñ‚Ðµ LDAP-Ð³Ñ€ÑƒÐ¿Ð¿Ñ‹ Ð¸Ð»Ð¸ Ð³Ñ€ÑƒÐ¿Ð¿Ñ‹ Ð¿Ñ€Ð¸Ð»Ð¾Ð¶ÐµÐ½Ð¸Ñ Ñ Ð¿Ñ€ÐµÑÐµÑ‚Ð°Ð¼Ð¸ Jellyfin.","ok"
"automation_group_mappings_title","Group mappings","Ð¡Ð¾Ð¿Ð¾ÑÑ‚Ð°Ð²Ð»ÐµÐ½Ð¸Ñ Ð³Ñ€ÑƒÐ¿Ð¿","ok"
"automation_guidance_desc","Start with Jellyfin access presets, attach them to groups, then schedule the recurring jobs that keep everything in sync.","ÐÐ°Ñ‡Ð½Ð¸Ñ‚Ðµ Ñ Ð¿Ñ€ÐµÑÐµÑ‚Ð¾Ð² Ð´Ð¾ÑÑ‚ÑƒÐ¿Ð° Jellyfin, Ð¿Ñ€Ð¸Ð²ÑÐ¶Ð¸Ñ‚Ðµ Ð¸Ñ… Ðº Ð³Ñ€ÑƒÐ¿Ð¿Ð°Ð¼, Ð° Ð·Ð°Ñ‚ÐµÐ¼ Ð½Ð°ÑÑ‚Ñ€Ð¾Ð¹Ñ‚Ðµ Ñ€ÐµÐ³ÑƒÐ»ÑÑ€Ð½Ñ‹Ðµ Ð·Ð°Ð´Ð°Ñ‡Ð¸, ÐºÐ¾Ñ‚Ð¾Ñ€Ñ‹Ðµ Ð±ÑƒÐ´ÑƒÑ‚ Ð¿Ð¾Ð´Ð´ÐµÑ€Ð¶Ð¸Ð²Ð°Ñ‚ÑŒ Ð¿Ð¾Ñ€ÑÐ´Ð¾Ðº Ð°Ð²Ñ‚Ð¾Ð¼Ð°Ñ‚Ð¸Ñ‡ÐµÑÐºÐ¸.","ok"
"automation_guidance_title","Keep presets, groups, and schedules aligned.","Ð”ÐµÑ€Ð¶Ð¸Ñ‚Ðµ Ð¿Ñ€ÐµÑÐµÑ‚Ñ‹, Ð³Ñ€ÑƒÐ¿Ð¿Ñ‹ Ð¸ Ñ€Ð°ÑÐ¿Ð¸ÑÐ°Ð½Ð¸Ñ Ð² ÑÐ¾Ð³Ð»Ð°ÑÐ¾Ð²Ð°Ð½Ð½Ð¾Ð¼ ÑÐ¾ÑÑ‚Ð¾ÑÐ½Ð¸Ð¸.","ok"
"automation_kicker","Automation control room","Ð¦ÐµÐ½Ñ‚Ñ€ Ð°Ð²Ñ‚Ð¾Ð¼Ð°Ñ‚Ð¸Ð·Ð°Ñ†Ð¸Ð¸","ok"
"automation_mappings_saved","Group mappings saved.","Ð¡Ð¾Ð¿Ð¾ÑÑ‚Ð°Ð²Ð»ÐµÐ½Ð¸Ñ Ð³Ñ€ÑƒÐ¿Ð¿ ÑÐ¾Ñ…Ñ€Ð°Ð½ÐµÐ½Ñ‹.","ok"
"automation_new_preset","New preset","ÐÐ¾Ð²Ñ‹Ð¹ Ð¿Ñ€ÐµÑÐµÑ‚","ok"
"automation_no_group_mappings","No group mappings configured.","Ð¡Ð¾Ð¿Ð¾ÑÑ‚Ð°Ð²Ð»ÐµÐ½Ð¸Ñ Ð³Ñ€ÑƒÐ¿Ð¿ Ð½Ðµ Ð½Ð°ÑÑ‚Ñ€Ð¾ÐµÐ½Ñ‹.","ok"
"automation_no_presets","No presets configured.","ÐŸÑ€ÐµÑÐµÑ‚Ñ‹ Ð½Ðµ Ð½Ð°ÑÑ‚Ñ€Ð¾ÐµÐ½Ñ‹.","ok"
"automation_no_tasks","No scheduled tasks.","ÐÐµÑ‚ Ð·Ð°Ð¿Ð»Ð°Ð½Ð¸Ñ€Ð¾Ð²Ð°Ð½Ð½Ñ‹Ñ… Ð·Ð°Ð´Ð°Ñ‡.","ok"
"automation_presets_desc","Define the reusable Jellyfin access baseline that can be applied manually or through group mappings.","Ð—Ð°Ð´Ð°Ð¹Ñ‚Ðµ Ð¿Ð¾Ð²Ñ‚Ð¾Ñ€Ð½Ð¾ Ð¸ÑÐ¿Ð¾Ð»ÑŒÐ·ÑƒÐµÐ¼ÑƒÑŽ Ð±Ð°Ð·Ð¾Ð²ÑƒÑŽ Ð¿Ð¾Ð»Ð¸Ñ‚Ð¸ÐºÑƒ Ð´Ð¾ÑÑ‚ÑƒÐ¿Ð° Jellyfin Ð´Ð»Ñ Ñ€ÑƒÑ‡Ð½Ð¾Ð³Ð¾ Ð¿Ñ€Ð¸Ð¼ÐµÐ½ÐµÐ½Ð¸Ñ Ð¸Ð»Ð¸ Ñ‡ÐµÑ€ÐµÐ· ÑÐ¾Ð¿Ð¾ÑÑ‚Ð°Ð²Ð»ÐµÐ½Ð¸Ñ Ð³Ñ€ÑƒÐ¿Ð¿.","ok"
"automation_presets_saved","Presets saved.","ÐŸÑ€ÐµÑÐµÑ‚Ñ‹ ÑÐ¾Ñ…Ñ€Ð°Ð½ÐµÐ½Ñ‹.","ok"
"automation_presets_title","Jellyfin presets","ÐŸÑ€ÐµÑÐµÑ‚Ñ‹ Jellyfin","ok"
"automation_run_now","Run now","Ð—Ð°Ð¿ÑƒÑÑ‚Ð¸Ñ‚ÑŒ ÑÐµÐ¹Ñ‡Ð°Ñ","ok"
"automation_save","Save","Ð¡Ð¾Ñ…Ñ€Ð°Ð½Ð¸Ñ‚ÑŒ","ok"
"automation_save_mappings_failed","Unable to save group mappings.","ÐÐµ ÑƒÐ´Ð°Ð»Ð¾ÑÑŒ ÑÐ¾Ñ…Ñ€Ð°Ð½Ð¸Ñ‚ÑŒ ÑÐ¾Ð¿Ð¾ÑÑ‚Ð°Ð²Ð»ÐµÐ½Ð¸Ñ Ð³Ñ€ÑƒÐ¿Ð¿.","ok"
"automation_save_presets_failed","Unable to save presets.","ÐÐµ ÑƒÐ´Ð°Ð»Ð¾ÑÑŒ ÑÐ¾Ñ…Ñ€Ð°Ð½Ð¸Ñ‚ÑŒ Ð¿Ñ€ÐµÑÐµÑ‚Ñ‹.","ok"
"automation_select_preset","Select a preset","Ð’Ñ‹Ð±ÐµÑ€Ð¸Ñ‚Ðµ Ð¿Ñ€ÐµÑÐµÑ‚","ok"
"automation_subheading","Manage presets, mappings, and scheduled tasks.","Ð£Ð¿Ñ€Ð°Ð²Ð»ÑÐ¹Ñ‚Ðµ Ð¿Ñ€ÐµÑÐµÑ‚Ð°Ð¼Ð¸, ÑÐ¾Ð¿Ð¾ÑÑ‚Ð°Ð²Ð»ÐµÐ½Ð¸ÑÐ¼Ð¸ Ð¸ Ð·Ð°Ð¿Ð»Ð°Ð½Ð¸Ñ€Ð¾Ð²Ð°Ð½Ð½Ñ‹Ð¼Ð¸ Ð·Ð°Ð´Ð°Ñ‡Ð°Ð¼Ð¸.","ok"
"automation_task_builder_desc","Use clear names and a stable hour/minute so the job remains easy to audit later.","Ð˜ÑÐ¿Ð¾Ð»ÑŒÐ·ÑƒÐ¹Ñ‚Ðµ Ð¿Ð¾Ð½ÑÑ‚Ð½Ñ‹Ðµ Ð¸Ð¼ÐµÐ½Ð° Ð¸ ÑÑ‚Ð°Ð±Ð¸Ð»ÑŒÐ½Ð¾Ðµ Ð²Ñ€ÐµÐ¼Ñ Ð·Ð°Ð¿ÑƒÑÐºÐ°, Ñ‡Ñ‚Ð¾Ð±Ñ‹ Ð¿Ð¾Ð·Ð¶Ðµ Ð±Ñ‹Ð»Ð¾ Ð¿Ñ€Ð¾Ñ‰Ðµ Ð¿Ñ€Ð¾Ð²Ð¾Ð´Ð¸Ñ‚ÑŒ Ð°ÑƒÐ´Ð¸Ñ‚.","ok"
"automation_task_builder_title","Build a scheduled task","Ð¡Ð¾Ð±Ñ€Ð°Ñ‚ÑŒ Ð·Ð°Ð¿Ð»Ð°Ð½Ð¸Ñ€Ð¾Ð²Ð°Ð½Ð½ÑƒÑŽ Ð·Ð°Ð´Ð°Ñ‡Ñƒ","ok"
"automation_task_create_failed","Unable to create task.","ÐÐµ ÑƒÐ´Ð°Ð»Ð¾ÑÑŒ ÑÐ¾Ð·Ð´Ð°Ñ‚ÑŒ Ð·Ð°Ð´Ð°Ñ‡Ñƒ.","ok"
"automation_task_created","Task created.","Ð—Ð°Ð´Ð°Ñ‡Ð° ÑÐ¾Ð·Ð´Ð°Ð½Ð°.","ok"
"automation_task_delete_confirm","Delete this task?","Ð£Ð´Ð°Ð»Ð¸Ñ‚ÑŒ ÑÑ‚Ñƒ Ð·Ð°Ð´Ð°Ñ‡Ñƒ?","ok"
"automation_task_delete_failed","Unable to delete task.","ÐÐµ ÑƒÐ´Ð°Ð»Ð¾ÑÑŒ ÑƒÐ´Ð°Ð»Ð¸Ñ‚ÑŒ Ð·Ð°Ð´Ð°Ñ‡Ñƒ.","ok"
"automation_task_deleted","Task deleted.","Ð—Ð°Ð´Ð°Ñ‡Ð° ÑƒÐ´Ð°Ð»ÐµÐ½Ð°.","ok"
"automation_task_enabled","Enabled","Ð’ÐºÐ»ÑŽÑ‡ÐµÐ½Ð°","ok"
"automation_task_hour_placeholder","Hour (0-23)","Ð§Ð°Ñ (0-23)","ok"
"automation_task_minute_placeholder","Minute (0-59)","ÐœÐ¸Ð½ÑƒÑ‚Ð° (0-59)","ok"
"automation_task_name_placeholder","Task name","ÐÐ°Ð·Ð²Ð°Ð½Ð¸Ðµ Ð·Ð°Ð´Ð°Ñ‡Ð¸","ok"
"automation_task_payload_empty","No payload","Ð‘ÐµÐ· payload","ok"
"automation_task_payload_placeholder","JSON payload (optional)","JSON payload (Ð½ÐµÐ¾Ð±ÑÐ·Ð°Ñ‚ÐµÐ»ÑŒÐ½Ð¾)","ok"
"automation_task_payload_ready","Payload ready","Payload Ð³Ð¾Ñ‚Ð¾Ð²","ok"
"automation_task_preview_empty","Fill the form to preview the schedule and execution state.","Ð—Ð°Ð¿Ð¾Ð»Ð½Ð¸Ñ‚Ðµ Ñ„Ð¾Ñ€Ð¼Ñƒ, Ñ‡Ñ‚Ð¾Ð±Ñ‹ ÑƒÐ²Ð¸Ð´ÐµÑ‚ÑŒ Ñ€Ð°ÑÐ¿Ð¸ÑÐ°Ð½Ð¸Ðµ Ð¸ ÑÐ¾ÑÑ‚Ð¾ÑÐ½Ð¸Ðµ Ð²Ñ‹Ð¿Ð¾Ð»Ð½ÐµÐ½Ð¸Ñ.","ok"
"automation_task_preview_title","Task preview","ÐŸÑ€ÐµÐ´Ð¿Ñ€Ð¾ÑÐ¼Ð¾Ñ‚Ñ€ Ð·Ð°Ð´Ð°Ñ‡Ð¸","ok"
"automation_task_run_failed","Task execution failed.","ÐÐµ ÑƒÐ´Ð°Ð»Ð¾ÑÑŒ Ð²Ñ‹Ð¿Ð¾Ð»Ð½Ð¸Ñ‚ÑŒ Ð·Ð°Ð´Ð°Ñ‡Ñƒ.","ok"
"automation_task_run_success","Task started.","Ð—Ð°Ð´Ð°Ñ‡Ð° Ð·Ð°Ð¿ÑƒÑ‰ÐµÐ½Ð°.","ok"
"automation_task_update_failed","Unable to update task.","ÐÐµ ÑƒÐ´Ð°Ð»Ð¾ÑÑŒ Ð¾Ð±Ð½Ð¾Ð²Ð¸Ñ‚ÑŒ Ð·Ð°Ð´Ð°Ñ‡Ñƒ.","ok"
"automation_tasks_desc","Create recurring jobs, then verify the schedule and payload before saving.","Ð¡Ð¾Ð·Ð´Ð°Ð²Ð°Ð¹Ñ‚Ðµ Ñ€ÐµÐ³ÑƒÐ»ÑÑ€Ð½Ñ‹Ðµ Ð·Ð°Ð´Ð°Ñ‡Ð¸ Ð¸ Ð¿Ñ€Ð¾Ð²ÐµÑ€ÑÐ¹Ñ‚Ðµ Ñ€Ð°ÑÐ¿Ð¸ÑÐ°Ð½Ð¸Ðµ Ñ payload Ð¿ÐµÑ€ÐµÐ´ ÑÐ¾Ñ…Ñ€Ð°Ð½ÐµÐ½Ð¸ÐµÐ¼.","ok"
"automation_tasks_title","Scheduled tasks","Ð—Ð°Ð¿Ð»Ð°Ð½Ð¸Ñ€Ð¾Ð²Ð°Ð½Ð½Ñ‹Ðµ Ð·Ð°Ð´Ð°Ñ‡Ð¸","ok"
"automation_type_cleanup_resets_desc","Remove expired password reset requests to keep the recovery flow clean.","Ð£Ð´Ð°Ð»ÑÐ¹Ñ‚Ðµ Ð¿Ñ€Ð¾ÑÑ€Ð¾Ñ‡ÐµÐ½Ð½Ñ‹Ðµ Ð·Ð°Ð¿Ñ€Ð¾ÑÑ‹ Ð½Ð° ÑÐ±Ñ€Ð¾Ñ Ð¿Ð°Ñ€Ð¾Ð»Ñ, Ñ‡Ñ‚Ð¾Ð±Ñ‹ Ð´ÐµÑ€Ð¶Ð°Ñ‚ÑŒ Ð¿Ð¾Ñ‚Ð¾Ðº Ð²Ð¾ÑÑÑ‚Ð°Ð½Ð¾Ð²Ð»ÐµÐ½Ð¸Ñ Ð² Ð¿Ð¾Ñ€ÑÐ´ÐºÐµ.","ok"
"automation_type_create_backup_desc","Create a fresh backup snapshot for restore or audit purposes.","Ð¡Ð¾Ð·Ð´Ð°Ð²Ð°Ð¹Ñ‚Ðµ Ð½Ð¾Ð²Ñ‹Ð¹ ÑÐ½Ð¸Ð¼Ð¾Ðº Ñ€ÐµÐ·ÐµÑ€Ð²Ð½Ð¾Ð¹ ÐºÐ¾Ð¿Ð¸Ð¸ Ð´Ð»Ñ Ð²Ð¾ÑÑÑ‚Ð°Ð½Ð¾Ð²Ð»ÐµÐ½Ð¸Ñ Ð¸Ð»Ð¸ Ð°ÑƒÐ´Ð¸Ñ‚Ð°.","ok"
"automation_type_sync_users_desc","Sync local users with Jellyfin or directory state to keep access consistent.","Ð¡Ð¸Ð½Ñ…Ñ€Ð¾Ð½Ð¸Ð·Ð¸Ñ€ÑƒÐ¹Ñ‚Ðµ Ð»Ð¾ÐºÐ°Ð»ÑŒÐ½Ñ‹Ñ… Ð¿Ð¾Ð»ÑŒÐ·Ð¾Ð²Ð°Ñ‚ÐµÐ»ÐµÐ¹ Ñ Jellyfin Ð¸Ð»Ð¸ ÐºÐ°Ñ‚Ð°Ð»Ð¾Ð³Ð¾Ð¼, Ñ‡Ñ‚Ð¾Ð±Ñ‹ Ð´Ð¾ÑÑ‚ÑƒÐ¿ Ð¾ÑÑ‚Ð°Ð²Ð°Ð»ÑÑ ÑÐ¾Ð³Ð»Ð°ÑÐ¾Ð²Ð°Ð½Ð½Ñ‹Ð¼.","ok"
"back_to_login","Back to login","ÐÐ°Ð·Ð°Ð´ ÐºÐ¾ Ð²Ñ…Ð¾Ð´Ñƒ","ok"
"base_language_label","Language","Ð¯Ð·Ñ‹Ðº","ok"
"btn_save","Save","Ð¡Ð¾Ñ…Ñ€Ð°Ð½Ð¸Ñ‚ÑŒ","ok"
"cancel","Cancel","ÐžÑ‚Ð¼ÐµÐ½Ð°","ok"
"col_actions","Actions","Ð”ÐµÐ¹ÑÑ‚Ð²Ð¸Ñ","ok"
"col_created_at","Date","Ð”Ð°Ñ‚Ð°","ok"
"col_email","Email","E-mail","ok"
"col_invited_by","Invited by","ÐŸÑ€Ð¸Ð³Ð»Ð°ÑÐ¸Ð»","ok"
"col_jellyfin","Jellyfin","Jellyfin","untranslated"
"col_status","Status","Ð¡Ñ‚Ð°Ñ‚ÑƒÑ","ok"
"col_username","User","ÐŸÐ¾Ð»ÑŒÐ·Ð¾Ð²Ð°Ñ‚ÐµÐ»ÑŒ","ok"
"common_bad_request","Invalid request","ÐÐµÐ´Ð¾Ð¿ÑƒÑÑ‚Ð¸Ð¼Ñ‹Ð¹ Ð·Ð°Ð¿Ñ€Ð¾Ñ","ok"
"common_next","Next","Dalee","ok"
"common_previous","Previous","Nazad","ok"
"common_server_error","Server error","ÐžÑˆÐ¸Ð±ÐºÐ° ÑÐµÑ€Ð²ÐµÑ€Ð°","ok"
"dashboard_heading","Dashboard","ÐŸÐ°Ð½ÐµÐ»ÑŒ ÑƒÐ¿Ñ€Ð°Ð²Ð»ÐµÐ½Ð¸Ñ","ok"
"dashboard_intro_title","Jellyfin Access Manager","Менеджер доступа Jellyfin","ok"
"dashboard_my_account_title","Account","ÐœÐ¾Ð¹ Ð°ÐºÐºÐ°ÑƒÐ½Ñ‚","ok"
"dashboard_no_users","No users yet","ÐŸÐ¾Ð»ÑŒÐ·Ð¾Ð²Ð°Ñ‚ÐµÐ»ÐµÐ¹ Ð¿Ð¾ÐºÐ° Ð½ÐµÑ‚","ok"
"dashboard_open_my_account","Open My Account","ÐžÑ‚ÐºÑ€Ñ‹Ñ‚ÑŒ Ð¼Ð¾Ð¹ Ð°ÐºÐºÐ°ÑƒÐ½Ñ‚","ok"
"dashboard_panel_invites_title","Invitations","Приглашения","ok"
"dashboard_panel_settings_title","Settings","Настройки","ok"
"dashboard_panel_users_title","Users","Пользователи","ok"
"dashboard_recent_users","Recent users","ÐÐµÐ´Ð°Ð²Ð½Ð¸Ðµ Ð¿Ð¾Ð»ÑŒÐ·Ð¾Ð²Ð°Ñ‚ÐµÐ»Ð¸","ok"
"dashboard_stats_title","Pulse","Активность","ok"
"dashboard_title","Dashboard","ÐŸÐ°Ð½ÐµÐ»ÑŒ ÑƒÐ¿Ñ€Ð°Ð²Ð»ÐµÐ½Ð¸Ñ","ok"
"dashboard_welcome","Welcome","Ð”Ð¾Ð±Ñ€Ð¾ Ð¿Ð¾Ð¶Ð°Ð»Ð¾Ð²Ð°Ñ‚ÑŒ","ok"
"failure","Failure","ÐžÑˆÐ¸Ð±ÐºÐ°","ok"
"field_display_name","Display name","ÐžÑ‚Ð¾Ð±Ñ€Ð°Ð¶Ð°ÐµÐ¼Ð¾Ðµ Ð¸Ð¼Ñ","ok"
"field_display_name_placeholder","E.g. John Doe","ÐÐ°Ð¿Ñ€Ð¸Ð¼ÐµÑ€: John Doe","ok"
"field_email","Email","E-mail","ok"
"field_email_placeholder","E.g. john@example.com","ÐÐ°Ð¿Ñ€Ð¸Ð¼ÐµÑ€: john@example.com","ok"
"field_email_required","Email","E-mail","ok"
"field_identifier","Email or username","E-mail Ð¸Ð»Ð¸ Ð¸Ð¼Ñ Ð¿Ð¾Ð»ÑŒÐ·Ð¾Ð²Ð°Ñ‚ÐµÐ»Ñ","ok"
"field_identifier_placeholder","E.g. john_doe or john@example.com","ÐÐ°Ð¿Ñ€Ð¸Ð¼ÐµÑ€: john_doe Ð¸Ð»Ð¸ john@example.com","ok"
"field_new_password","New password","ÐÐ¾Ð²Ñ‹Ð¹ Ð¿Ð°Ñ€Ð¾Ð»ÑŒ","ok"
"field_password","Password","ÐŸÐ°Ñ€Ð¾Ð»ÑŒ","ok"
"field_password_confirm","Confirm password","ÐŸÐ¾Ð´Ñ‚Ð²ÐµÑ€Ð´Ð¸Ñ‚Ðµ Ð¿Ð°Ñ€Ð¾Ð»ÑŒ","ok"
"field_password_confirm_placeholder","Re-enter your password","Ð’Ð²ÐµÐ´Ð¸Ñ‚Ðµ Ð¿Ð°Ñ€Ð¾Ð»ÑŒ ÐµÑ‰Ñ‘ Ñ€Ð°Ð·","ok"
"field_password_placeholder","Minimum 8 characters","ÐœÐ¸Ð½Ð¸Ð¼ÑƒÐ¼ 8 ÑÐ¸Ð¼Ð²Ð¾Ð»Ð¾Ð²","ok"
"field_username","Username","Ð˜Ð¼Ñ Ð¿Ð¾Ð»ÑŒÐ·Ð¾Ð²Ð°Ñ‚ÐµÐ»Ñ","ok"
"field_username_help","3-32 characters: letters, numbers, dashes, underscores","3-32 ÑÐ¸Ð¼Ð²Ð¾Ð»Ð°: Ð±ÑƒÐºÐ²Ñ‹, Ñ†Ð¸Ñ„Ñ€Ñ‹, Ð´ÐµÑ„Ð¸ÑÑ‹ Ð¸ Ð¿Ð¾Ð´Ñ‡Ñ‘Ñ€ÐºÐ¸Ð²Ð°Ð½Ð¸Ñ","ok"
"field_username_placeholder","E.g. john_doe","ÐÐ°Ð¿Ñ€Ð¸Ð¼ÐµÑ€: john_doe","ok"
"i18n_report_back_settings","Back to settings","ÐÐ°Ð·Ð°Ð´ Ðº Ð½Ð°ÑÑ‚Ñ€Ð¾Ð¹ÐºÐ°Ð¼","ok"
"i18n_report_col_fallback","Fallback values","Fallback-Ð·Ð½Ð°Ñ‡ÐµÐ½Ð¸Ñ","ok"
"i18n_report_col_locale","Locale","Ð¯Ð·Ñ‹Ðº","ok"
"i18n_report_col_missing_base","Missing vs base","ÐžÑ‚ÑÑƒÑ‚ÑÑ‚Ð²ÑƒÐµÑ‚ Ð¾Ñ‚Ð½Ð¾ÑÐ¸Ñ‚ÐµÐ»ÑŒÐ½Ð¾ Ð±Ð°Ð·Ñ‹","ok"
"i18n_report_col_missing_template","Missing template keys","ÐžÑ‚ÑÑƒÑ‚ÑÑ‚Ð²ÑƒÑŽÑ‚ ÐºÐ»ÑŽÑ‡Ð¸ ÑˆÐ°Ð±Ð»Ð¾Ð½Ð¾Ð²","ok"
"i18n_report_col_placeholder","Placeholder mismatches","ÐÐµÑÐ¾Ð²Ð¿Ð°Ð´ÐµÐ½Ð¸Ñ Ð¿Ð»ÐµÐ¹ÑÑ…Ð¾Ð»Ð´ÐµÑ€Ð¾Ð²","ok"
"i18n_report_col_total_keys","Total keys","Ð’ÑÐµÐ³Ð¾ ÐºÐ»ÑŽÑ‡ÐµÐ¹","ok"
"i18n_report_intro","Checks template key coverage, placeholder consistency, and fallback values by locale.","ÐŸÑ€Ð¾Ð²ÐµÑ€ÑÐµÑ‚ Ð¿Ð¾ÐºÑ€Ñ‹Ñ‚Ð¸Ðµ ÐºÐ»ÑŽÑ‡ÐµÐ¹ ÑˆÐ°Ð±Ð»Ð¾Ð½Ð¾Ð², ÑÐ¾Ð³Ð»Ð°ÑÐ¾Ð²Ð°Ð½Ð½Ð¾ÑÑ‚ÑŒ Ð¿Ð»ÐµÐ¹ÑÑ…Ð¾Ð»Ð´ÐµÑ€Ð¾Ð² Ð¸ fallback-Ð·Ð½Ð°Ñ‡ÐµÐ½Ð¸Ñ Ð¿Ð¾ ÑÐ·Ñ‹ÐºÐ°Ð¼.","ok"
"i18n_report_load_error","Unable to load the i18n report.","ÐÐµ ÑƒÐ´Ð°Ð»Ð¾ÑÑŒ Ð·Ð°Ð³Ñ€ÑƒÐ·Ð¸Ñ‚ÑŒ Ð¾Ñ‚Ñ‡ÐµÑ‚ i18n.","ok"
"i18n_report_no_data","No data.","ÐÐµÑ‚ Ð´Ð°Ð½Ð½Ñ‹Ñ….","ok"
"i18n_report_title","i18n Report","ÐžÑ‚Ñ‡ÐµÑ‚ i18n","ok"
"invitations_badge_active","Active","Aktivno","ok"
"invitations_badge_expired","Expired","Isteklo","ok"
"invitations_col_email","Delivery","Otpravka","ok"
"invitations_col_link_code","Invitation link","Ssylka priglasheniya","ok"
"invitations_col_link_expiry","Link expiry","Srok deystviya ssylki","ok"
"invitations_col_profile_expiry","Account policy","Politika akkaunta","ok"
"invitations_conversion_rate","Conversion rate","Konversiya","ok"
"invitations_conversions","Conversions","Konversii","ok"
"invitations_copy","Copy","Kopirovat","ok"
"invitations_copy_full_link","Copy full link","Kopirovat polnuyu ssylku","ok"
"invitations_copy_unavailable","Clipboard access is unavailable","Ð‘ÑƒÑ„ÐµÑ€ Ð¾Ð±Ð¼ÐµÐ½Ð° Ð½ÐµÐ´Ð¾ÑÑ‚ÑƒÐ¿ÐµÐ½","ok"
"invitations_create_desc","Generate a reusable signup link, prefill account rules, and optionally send it by email.","Ð¡Ð¾Ð·Ð´Ð°Ð¹Ñ‚Ðµ Ð¼Ð½Ð¾Ð³Ð¾Ñ€Ð°Ð·Ð¾Ð²ÑƒÑŽ ÑÑÑ‹Ð»ÐºÑƒ Ñ€ÐµÐ³Ð¸ÑÑ‚Ñ€Ð°Ñ†Ð¸Ð¸, Ð·Ð°Ñ€Ð°Ð½ÐµÐµ Ð·Ð°Ð´Ð°Ð¹Ñ‚Ðµ Ð¿Ñ€Ð°Ð²Ð¸Ð»Ð° Ð°ÐºÐºÐ°ÑƒÐ½Ñ‚Ð° Ð¸ Ð¿Ñ€Ð¸ Ð½ÐµÐ¾Ð±Ñ…Ð¾Ð´Ð¸Ð¼Ð¾ÑÑ‚Ð¸ Ð¾Ñ‚Ð¿Ñ€Ð°Ð²ÑŒÑ‚Ðµ ÐµÐµ Ð¿Ð¾ e-mail.","ok"
"invitations_create_link","Create invitation","Ð¡Ð¾Ð·Ð´Ð°Ñ‚ÑŒ Ð¿Ñ€Ð¸Ð³Ð»Ð°ÑˆÐµÐ½Ð¸Ðµ","ok"
"invitations_create_title","Invitation flow","ÐŸÐ¾Ñ‚Ð¾Ðº Ð¿Ñ€Ð¸Ð³Ð»Ð°ÑˆÐµÐ½Ð¸Ð¹","ok"
"invitations_created","Invitation created","ÐŸÑ€Ð¸Ð³Ð»Ð°ÑˆÐµÐ½Ð¸Ðµ ÑÐ¾Ð·Ð´Ð°Ð½Ð¾","ok"
"invitations_default_policy","Default policy","ÐŸÐ¾Ð»Ð¸Ñ‚Ð¸ÐºÐ° Ð¿Ð¾ ÑƒÐ¼Ð¾Ð»Ñ‡Ð°Ð½Ð¸ÑŽ","ok"
"invitations_delete","Delete","Ð£Ð´Ð°Ð»Ð¸Ñ‚ÑŒ","ok"
"invitations_delete_after_days","Delete account after {n} days","Ð£Ð´Ð°Ð»Ð¸Ñ‚ÑŒ Ð°ÐºÐºÐ°ÑƒÐ½Ñ‚ Ñ‡ÐµÑ€ÐµÐ· {n} Ð´Ð½ÐµÐ¹","ok"
"invitations_delete_desc","This invitation will be removed permanently. Existing users created from it are not affected.","Ð­Ñ‚Ð¾ Ð¿Ñ€Ð¸Ð³Ð»Ð°ÑˆÐµÐ½Ð¸Ðµ Ð±ÑƒÐ´ÐµÑ‚ ÑƒÐ´Ð°Ð»ÐµÐ½Ð¾ Ð½Ð°Ð²ÑÐµÐ³Ð´Ð°. ÐŸÐ¾Ð»ÑŒÐ·Ð¾Ð²Ð°Ñ‚ÐµÐ»Ð¸, ÑƒÐ¶Ðµ ÑÐ¾Ð·Ð´Ð°Ð½Ð½Ñ‹Ðµ Ð¿Ð¾ Ð½ÐµÐ¼Ñƒ, Ð½Ðµ Ð·Ð°Ñ‚Ñ€Ð°Ð³Ð¸Ð²Ð°ÑŽÑ‚ÑÑ.","ok"
"invitations_delete_title","Delete invitation","Ð£Ð´Ð°Ð»Ð¸Ñ‚ÑŒ Ð¿Ñ€Ð¸Ð³Ð»Ð°ÑˆÐµÐ½Ð¸Ðµ","ok"
"invitations_deleted","Invitation deleted","ÐŸÑ€Ð¸Ð³Ð»Ð°ÑˆÐµÐ½Ð¸Ðµ ÑƒÐ´Ð°Ð»ÐµÐ½Ð¾","ok"
"invitations_disable_after_days","Disable account after {n} days","ÐžÑ‚ÐºÐ»ÑŽÑ‡Ð¸Ñ‚ÑŒ Ð°ÐºÐºÐ°ÑƒÐ½Ñ‚ Ñ‡ÐµÑ€ÐµÐ· {n} Ð´Ð½ÐµÐ¹","ok"
"invitations_email_manual","Email delivery","ÐžÑ‚Ð¿Ñ€Ð°Ð²ÐºÐ° Ð¿Ð¾ e-mail","ok"
"invitations_error_loading","Unable to load invitations","ÐÐµ ÑƒÐ´Ð°Ð»Ð¾ÑÑŒ Ð·Ð°Ð³Ñ€ÑƒÐ·Ð¸Ñ‚ÑŒ Ð¿Ñ€Ð¸Ð³Ð»Ð°ÑˆÐµÐ½Ð¸Ñ","ok"
"invitations_expires_on","Expires on {date}","Ð˜ÑÑ‚ÐµÐºÐ°ÐµÑ‚ {date}","ok"
"invitations_forced_username","Reserved username","Ð—Ð°Ñ€ÐµÐ·ÐµÑ€Ð²Ð¸Ñ€Ð¾Ð²Ð°Ð½Ð½Ð¾Ðµ Ð¸Ð¼Ñ Ð¿Ð¾Ð»ÑŒÐ·Ð¾Ð²Ð°Ñ‚ÐµÐ»Ñ","ok"
"invitations_forced_username_help","Optional. Lock the signup to a single username when you need a pre-assigned account.","ÐÐµÐ¾Ð±ÑÐ·Ð°Ñ‚ÐµÐ»ÑŒÐ½Ð¾. Ð—Ð°ÐºÑ€ÐµÐ¿Ð¸Ñ‚Ðµ Ñ€ÐµÐ³Ð¸ÑÑ‚Ñ€Ð°Ñ†Ð¸ÑŽ Ð·Ð° Ð¾Ð´Ð½Ð¸Ð¼ Ð¸Ð¼ÐµÐ½ÐµÐ¼ Ð¿Ð¾Ð»ÑŒÐ·Ð¾Ð²Ð°Ñ‚ÐµÐ»Ñ, ÐµÑÐ»Ð¸ Ð°ÐºÐºÐ°ÑƒÐ½Ñ‚ Ð½Ð°Ð·Ð½Ð°Ñ‡ÐµÐ½ Ð·Ð°Ñ€Ð°Ð½ÐµÐµ.","ok"
"invitations_forced_username_placeholder","Leave blank to let the user choose","ÐžÑÑ‚Ð°Ð²ÑŒÑ‚Ðµ Ð¿ÑƒÑÑ‚Ñ‹Ð¼, Ñ‡Ñ‚Ð¾Ð±Ñ‹ Ð¿Ð¾Ð»ÑŒÐ·Ð¾Ð²Ð°Ñ‚ÐµÐ»ÑŒ Ð²Ñ‹Ð±Ñ€Ð°Ð» ÑÐ°Ð¼","ok"
"invitations_group_default","Default group","Ð“Ñ€ÑƒÐ¿Ð¿Ð° Ð¿Ð¾ ÑƒÐ¼Ð¾Ð»Ñ‡Ð°Ð½Ð¸ÑŽ","ok"
"invitations_group_prefix","Group: {group}","Ð“Ñ€ÑƒÐ¿Ð¿Ð°: {group}","ok"
"invitations_invalid_max_uses","Your current policy allows between 1 and {n} uses per link.","Ð¢ÐµÐºÑƒÑ‰Ð°Ñ Ð¿Ð¾Ð»Ð¸Ñ‚Ð¸ÐºÐ° Ñ€Ð°Ð·Ñ€ÐµÑˆÐ°ÐµÑ‚ Ð¾Ñ‚ 1 Ð´Ð¾ {n} Ð¸ÑÐ¿Ð¾Ð»ÑŒÐ·Ð¾Ð²Ð°Ð½Ð¸Ð¹ ÑÑÑ‹Ð»ÐºÐ¸.","ok"
"invitations_invalid_user_expiry","Choose a relative or absolute expiry before creating the invitation.","Ð’Ñ‹Ð±ÐµÑ€Ð¸Ñ‚Ðµ Ð¾Ñ‚Ð½Ð¾ÑÐ¸Ñ‚ÐµÐ»ÑŒÐ½Ñ‹Ð¹ Ð¸Ð»Ð¸ Ð°Ð±ÑÐ¾Ð»ÑŽÑ‚Ð½Ñ‹Ð¹ ÑÑ€Ð¾Ðº Ð´ÐµÐ¹ÑÑ‚Ð²Ð¸Ñ Ð¿ÐµÑ€ÐµÐ´ ÑÐ¾Ð·Ð´Ð°Ð½Ð¸ÐµÐ¼ Ð¿Ñ€Ð¸Ð³Ð»Ð°ÑˆÐµÐ½Ð¸Ñ.","ok"
"invitations_invite_option_enabled_help","The invited account will be allowed to create invitations after signup.","ÐŸÑ€Ð¸Ð³Ð»Ð°ÑˆÐµÐ½Ð½Ñ‹Ð¹ Ð°ÐºÐºÐ°ÑƒÐ½Ñ‚ ÑÐ¼Ð¾Ð¶ÐµÑ‚ ÑÐ¾Ð·Ð´Ð°Ð²Ð°Ñ‚ÑŒ Ð¿Ñ€Ð¸Ð³Ð»Ð°ÑˆÐµÐ½Ð¸Ñ Ð¿Ð¾ÑÐ»Ðµ Ñ€ÐµÐ³Ð¸ÑÑ‚Ñ€Ð°Ñ†Ð¸Ð¸.","ok"
"invitations_invite_option_policy_limited","Your role cannot grant invite rights on new accounts.","Ð’Ð°ÑˆÐ° Ñ€Ð¾Ð»ÑŒ Ð½Ðµ Ð¼Ð¾Ð¶ÐµÑ‚ Ð²Ñ‹Ð´Ð°Ð²Ð°Ñ‚ÑŒ Ð¿Ñ€Ð°Ð²Ð° Ð½Ð° Ð¿Ñ€Ð¸Ð³Ð»Ð°ÑˆÐµÐ½Ð¸Ðµ Ð½Ð¾Ð²Ñ‹Ð¼ Ð°ÐºÐºÐ°ÑƒÐ½Ñ‚Ð°Ð¼.","ok"
"invitations_last_link_label","Latest generated link","ÐŸÐ¾ÑÐ»ÐµÐ´Ð½ÑÑ ÑÐ¾Ð·Ð´Ð°Ð½Ð½Ð°Ñ ÑÑÑ‹Ð»ÐºÐ°","ok"
"invitations_last_link_placeholder","The newest invitation URL will appear here","Ð—Ð´ÐµÑÑŒ Ð¿Ð¾ÑÐ²Ð¸Ñ‚ÑÑ ÑÐ°Ð¼Ñ‹Ð¹ Ð½Ð¾Ð²Ñ‹Ð¹ URL Ð¿Ñ€Ð¸Ð³Ð»Ð°ÑˆÐµÐ½Ð¸Ñ","ok"
"invitations_link_copied","Invitation link copied","Ð¡ÑÑ‹Ð»ÐºÐ° Ð¿Ñ€Ð¸Ð³Ð»Ð°ÑˆÐµÐ½Ð¸Ñ ÑÐºÐ¾Ð¿Ð¸Ñ€Ð¾Ð²Ð°Ð½Ð°","ok"
"invitations_link_expires_label","Link expiry","Ð¡Ñ€Ð¾Ðº Ð´ÐµÐ¹ÑÑ‚Ð²Ð¸Ñ ÑÑÑ‹Ð»ÐºÐ¸","ok"
"invitations_link_help_default","Leave empty to keep the link valid until it is used or revoked.","ÐžÑÑ‚Ð°Ð²ÑŒÑ‚Ðµ Ð¿ÑƒÑÑ‚Ñ‹Ð¼, Ñ‡Ñ‚Ð¾Ð±Ñ‹ ÑÑÑ‹Ð»ÐºÐ° Ð¾ÑÑ‚Ð°Ð²Ð°Ð»Ð°ÑÑŒ Ð´ÐµÐ¹ÑÑ‚Ð²Ð¸Ñ‚ÐµÐ»ÑŒÐ½Ð¾Ð¹ Ð´Ð¾ Ð¸ÑÐ¿Ð¾Ð»ÑŒÐ·Ð¾Ð²Ð°Ð½Ð¸Ñ Ð¸Ð»Ð¸ Ð¾Ñ‚Ð·Ñ‹Ð²Ð°.","ok"
"invitations_link_help_limited","Your current policy recommends an expiry within the next {n} hours.","Ð¢ÐµÐºÑƒÑ‰Ð°Ñ Ð¿Ð¾Ð»Ð¸Ñ‚Ð¸ÐºÐ° Ñ€ÐµÐºÐ¾Ð¼ÐµÐ½Ð´ÑƒÐµÑ‚ Ð¸ÑÑ‚ÐµÑ‡ÐµÐ½Ð¸Ðµ Ð² Ñ‚ÐµÑ‡ÐµÐ½Ð¸Ðµ ÑÐ»ÐµÐ´ÑƒÑŽÑ‰Ð¸Ñ… {n} Ñ‡Ð°ÑÐ¾Ð².","ok"
"invitations_links_active","Active links","ÐÐºÑ‚Ð¸Ð²Ð½Ñ‹Ðµ ÑÑÑ‹Ð»ÐºÐ¸","ok"
"invitations_links_closed","Closed links","Ð—Ð°ÐºÑ€Ñ‹Ñ‚Ñ‹Ðµ ÑÑÑ‹Ð»ÐºÐ¸","ok"
"invitations_links_created","Links created","Ð¡Ð¾Ð·Ð´Ð°Ð½Ð½Ñ‹Ðµ ÑÑÑ‹Ð»ÐºÐ¸","ok"
"invitations_max_uses_label","Maximum uses","ÐœÐ°ÐºÑÐ¸Ð¼ÑƒÐ¼ Ð¸ÑÐ¿Ð¾Ð»ÑŒÐ·Ð¾Ð²Ð°Ð½Ð¸Ð¹","ok"
"invitations_new_invitation","New invitation","ÐÐ¾Ð²Ð¾Ðµ Ð¿Ñ€Ð¸Ð³Ð»Ð°ÑˆÐµÐ½Ð¸Ðµ","ok"
"invitations_new_user_can_invite","Grant invite rights to the new account","Ð Ð°Ð·Ñ€ÐµÑˆÐ¸Ñ‚ÑŒ Ð½Ð¾Ð²Ð¾Ð¼Ñƒ Ð°ÐºÐºÐ°ÑƒÐ½Ñ‚Ñƒ Ð¿Ñ€Ð¸Ð³Ð»Ð°ÑˆÐ°Ñ‚ÑŒ","ok"
"invitations_no_link_to_copy","There is no invitation link to copy yet.","ÐŸÐ¾ÐºÐ° Ð½ÐµÑ‚ ÑÑÑ‹Ð»ÐºÐ¸ Ð¿Ñ€Ð¸Ð³Ð»Ð°ÑˆÐµÐ½Ð¸Ñ Ð´Ð»Ñ ÐºÐ¾Ð¿Ð¸Ñ€Ð¾Ð²Ð°Ð½Ð¸Ñ.","ok"
"invitations_no_planned_delete","No deletion planned","Ð£Ð´Ð°Ð»ÐµÐ½Ð¸Ðµ Ð½Ðµ Ð·Ð°Ð¿Ð»Ð°Ð½Ð¸Ñ€Ð¾Ð²Ð°Ð½Ð¾","ok"
"invitations_none_active","No active invitations found.","ÐÐºÑ‚Ð¸Ð²Ð½Ñ‹Ðµ Ð¿Ñ€Ð¸Ð³Ð»Ð°ÑˆÐµÐ½Ð¸Ñ Ð½Ðµ Ð½Ð°Ð¹Ð´ÐµÐ½Ñ‹.","ok"
"invitations_policy_base_links","Base URL: {url}","Ð‘Ð°Ð·Ð¾Ð²Ñ‹Ð¹ URL: {url}","ok"
"invitations_policy_expiry_locked","User expiry is locked by the active invitation policy.","Ð¡Ñ€Ð¾Ðº Ð´ÐµÐ¹ÑÑ‚Ð²Ð¸Ñ Ð¿Ð¾Ð»ÑŒÐ·Ð¾Ð²Ð°Ñ‚ÐµÐ»Ñ Ð·Ð°Ð±Ð»Ð¾ÐºÐ¸Ñ€Ð¾Ð²Ð°Ð½ Ð°ÐºÑ‚Ð¸Ð²Ð½Ð¾Ð¹ Ð¿Ð¾Ð»Ð¸Ñ‚Ð¸ÐºÐ¾Ð¹ Ð¿Ñ€Ð¸Ð³Ð»Ð°ÑˆÐµÐ½Ð¸Ð¹.","ok"
"invitations_policy_grant_locked","Invite rights are locked by the active invitation policy.","ÐŸÑ€Ð°Ð²Ð° Ð½Ð° Ð¿Ñ€Ð¸Ð³Ð»Ð°ÑˆÐµÐ½Ð¸Ðµ Ð·Ð°Ð±Ð»Ð¾ÐºÐ¸Ñ€Ð¾Ð²Ð°Ð½Ñ‹ Ð°ÐºÑ‚Ð¸Ð²Ð½Ð¾Ð¹ Ð¿Ð¾Ð»Ð¸Ñ‚Ð¸ÐºÐ¾Ð¹ Ð¿Ñ€Ð¸Ð³Ð»Ð°ÑˆÐµÐ½Ð¸Ð¹.","ok"
"invitations_policy_loading","Loading invitation policy...","Ð—Ð°Ð³Ñ€ÑƒÐ·ÐºÐ° Ð¿Ð¾Ð»Ð¸Ñ‚Ð¸ÐºÐ¸ Ð¿Ñ€Ð¸Ð³Ð»Ð°ÑˆÐµÐ½Ð¸Ð¹...","ok"
"invitations_policy_max_ttl","Max link lifetime: {n}h","ÐœÐ°ÐºÑÐ¸Ð¼Ð°Ð»ÑŒÐ½Ñ‹Ð¹ ÑÑ€Ð¾Ðº Ð¶Ð¸Ð·Ð½Ð¸ ÑÑÑ‹Ð»ÐºÐ¸: {n}Ñ‡","ok"
"invitations_policy_max_uses","Max uses per link: {n}","ÐœÐ°ÐºÑÐ¸Ð¼ÑƒÐ¼ Ð¸ÑÐ¿Ð¾Ð»ÑŒÐ·Ð¾Ð²Ð°Ð½Ð¸Ð¹ ÑÑÑ‹Ð»ÐºÐ¸: {n}","ok"
"invitations_policy_quota_day","Daily quota: {n}","Ð”Ð½ÐµÐ²Ð½Ð°Ñ ÐºÐ²Ð¾Ñ‚Ð°: {n}","ok"
"invitations_policy_quota_month","Monthly quota: {n}","ÐœÐµÑÑÑ‡Ð½Ð°Ñ ÐºÐ²Ð¾Ñ‚Ð°: {n}","ok"
"invitations_policy_quota_week","Weekly quota: {n}","ÐÐµÐ´ÐµÐ»ÑŒÐ½Ð°Ñ ÐºÐ²Ð¾Ñ‚Ð°: {n}","ok"
"invitations_rate","Rate","Ð”Ð¾Ð»Ñ","ok"
"invitations_role_can_invite","can invite others","Ð¼Ð¾Ð¶ÐµÑ‚ Ð¿Ñ€Ð¸Ð³Ð»Ð°ÑˆÐ°Ñ‚ÑŒ","ok"
"invitations_role_standard","standard account","ÑÑ‚Ð°Ð½Ð´Ð°Ñ€Ñ‚Ð½Ñ‹Ð¹ Ð°ÐºÐºÐ°ÑƒÐ½Ñ‚","ok"
"invitations_section_link_settings","Link settings","ÐÐ°ÑÑ‚Ñ€Ð¾Ð¹ÐºÐ¸ ÑÑÑ‹Ð»ÐºÐ¸","ok"
"invitations_section_smtp_notification","Email delivery","ÐžÑ‚Ð¿Ñ€Ð°Ð²ÐºÐ° Ð¿Ð¾ e-mail","ok"
"invitations_section_user_profile","Future account rules","ÐŸÑ€Ð°Ð²Ð¸Ð»Ð° Ð±ÑƒÐ´ÑƒÑ‰ÐµÐ³Ð¾ Ð°ÐºÐºÐ°ÑƒÐ½Ñ‚Ð°","ok"
"invitations_send_to_email_help","Optional. If SMTP is configured, JellyGate sends the invitation immediately.","ÐÐµÐ¾Ð±ÑÐ·Ð°Ñ‚ÐµÐ»ÑŒÐ½Ð¾. Ð•ÑÐ»Ð¸ SMTP Ð½Ð°ÑÑ‚Ñ€Ð¾ÐµÐ½, JellyGate Ð¾Ñ‚Ð¿Ñ€Ð°Ð²Ð¸Ñ‚ Ð¿Ñ€Ð¸Ð³Ð»Ð°ÑˆÐµÐ½Ð¸Ðµ ÑÑ€Ð°Ð·Ñƒ.","ok"
"invitations_send_to_email_label","Send invitation to","ÐžÑ‚Ð¿Ñ€Ð°Ð²Ð¸Ñ‚ÑŒ Ð¿Ñ€Ð¸Ð³Ð»Ð°ÑˆÐµÐ½Ð¸Ðµ Ð½Ð°","ok"
"invitations_sponsor","Sponsor","Ð¡Ð¿Ð¾Ð½ÑÐ¾Ñ€","ok"
"invitations_sponsor_dashboard","Sponsor activity","ÐÐºÑ‚Ð¸Ð²Ð½Ð¾ÑÑ‚ÑŒ ÑÐ¿Ð¾Ð½ÑÐ¾Ñ€Ð¾Ð²","ok"
"invitations_sponsor_no_data","No sponsor activity available yet.","ÐŸÐ¾ÐºÐ° Ð½ÐµÑ‚ Ð´Ð°Ð½Ð½Ñ‹Ñ… Ð¾Ð± Ð°ÐºÑ‚Ð¸Ð²Ð½Ð¾ÑÑ‚Ð¸ ÑÐ¿Ð¾Ð½ÑÐ¾Ñ€Ð¾Ð².","ok"
"invitations_stats_error","Unable to load sponsor statistics","ÐÐµ ÑƒÐ´Ð°Ð»Ð¾ÑÑŒ Ð·Ð°Ð³Ñ€ÑƒÐ·Ð¸Ñ‚ÑŒ ÑÑ‚Ð°Ñ‚Ð¸ÑÑ‚Ð¸ÐºÑƒ ÑÐ¿Ð¾Ð½ÑÐ¾Ñ€Ð¾Ð²","ok"
"invitations_stats_loading","Loading sponsor statistics...","Ð—Ð°Ð³Ñ€ÑƒÐ·ÐºÐ° ÑÑ‚Ð°Ñ‚Ð¸ÑÑ‚Ð¸ÐºÐ¸ ÑÐ¿Ð¾Ð½ÑÐ¾Ñ€Ð¾Ð²...","ok"
"invitations_stats_updated_at","Updated {at}","ÐžÐ±Ð½Ð¾Ð²Ð»ÐµÐ½Ð¾ {at}","ok"
"invitations_subheading","Create invitation links, monitor sponsor activity, and keep onboarding rules consistent.","Ð¡Ð¾Ð·Ð´Ð°Ð²Ð°Ð¹Ñ‚Ðµ ÑÑÑ‹Ð»ÐºÐ¸ Ð¿Ñ€Ð¸Ð³Ð»Ð°ÑˆÐµÐ½Ð¸Ð¹, ÑÐ»ÐµÐ´Ð¸Ñ‚Ðµ Ð·Ð° Ð°ÐºÑ‚Ð¸Ð²Ð½Ð¾ÑÑ‚ÑŒÑŽ ÑÐ¿Ð¾Ð½ÑÐ¾Ñ€Ð¾Ð² Ð¸ Ð¿Ð¾Ð´Ð´ÐµÑ€Ð¶Ð¸Ð²Ð°Ð¹Ñ‚Ðµ ÐµÐ´Ð¸Ð½Ñ‹Ðµ Ð¿Ñ€Ð°Ð²Ð¸Ð»Ð° Ð¾Ð½Ð±Ð¾Ñ€Ð´Ð¸Ð½Ð³Ð°.","ok"
"invitations_unknown_error","An unexpected error occurred","ÐŸÑ€Ð¾Ð¸Ð·Ð¾ÑˆÐ»Ð° Ð½ÐµÐ¿Ñ€ÐµÐ´Ð²Ð¸Ð´ÐµÐ½Ð½Ð°Ñ Ð¾ÑˆÐ¸Ð±ÐºÐ°","ok"
"invitations_unknown_sponsor","(unknown)","(Ð½ÐµÐ¸Ð·Ð²ÐµÑÑ‚Ð½Ð¾)","ok"
"invitations_unlimited","Unlimited","Ð‘ÐµÐ· Ð¾Ð³Ñ€Ð°Ð½Ð¸Ñ‡ÐµÐ½Ð¸Ð¹","ok"
"invitations_user_expiry_absolute","Absolute account expiry","ÐÐ±ÑÐ¾Ð»ÑŽÑ‚Ð½Ñ‹Ð¹ ÑÑ€Ð¾Ðº Ð´ÐµÐ¹ÑÑ‚Ð²Ð¸Ñ Ð°ÐºÐºÐ°ÑƒÐ½Ñ‚Ð°","ok"
"invitations_user_expiry_absolute_help","Optional. Set a fixed expiry date instead of a relative delay.","ÐÐµÐ¾Ð±ÑÐ·Ð°Ñ‚ÐµÐ»ÑŒÐ½Ð¾. Ð£ÐºÐ°Ð¶Ð¸Ñ‚Ðµ Ñ„Ð¸ÐºÑÐ¸Ñ€Ð¾Ð²Ð°Ð½Ð½ÑƒÑŽ Ð´Ð°Ñ‚Ñƒ Ð¸ÑÑ‚ÐµÑ‡ÐµÐ½Ð¸Ñ Ð²Ð¼ÐµÑÑ‚Ð¾ Ð¾Ñ‚Ð½Ð¾ÑÐ¸Ñ‚ÐµÐ»ÑŒÐ½Ð¾Ð³Ð¾ ÑÑ€Ð¾ÐºÐ°.","ok"
"invitations_user_expiry_days_help","Apply a relative expiry window once the invited account is created.","ÐŸÑ€Ð¸Ð¼ÐµÐ½Ð¸Ñ‚Ðµ Ð¾Ñ‚Ð½Ð¾ÑÐ¸Ñ‚ÐµÐ»ÑŒÐ½Ð¾Ðµ Ð¾ÐºÐ½Ð¾ Ð¸ÑÑ‚ÐµÑ‡ÐµÐ½Ð¸Ñ Ð¿Ð¾ÑÐ»Ðµ ÑÐ¾Ð·Ð´Ð°Ð½Ð¸Ñ Ð¿Ñ€Ð¸Ð³Ð»Ð°ÑˆÐµÐ½Ð½Ð¾Ð³Ð¾ Ð°ÐºÐºÐ°ÑƒÐ½Ñ‚Ð°.","ok"
"invitations_user_expiry_enable","Set an expiry policy for the invited account","Ð—Ð°Ð´Ð°Ñ‚ÑŒ Ð¿Ð¾Ð»Ð¸Ñ‚Ð¸ÐºÑƒ Ð¸ÑÑ‚ÐµÑ‡ÐµÐ½Ð¸Ñ Ð´Ð»Ñ Ð¿Ñ€Ð¸Ð³Ð»Ð°ÑˆÐµÐ½Ð½Ð¾Ð³Ð¾ Ð°ÐºÐºÐ°ÑƒÐ½Ñ‚Ð°","ok"
"invitations_user_expiry_future","The absolute expiry must be in the future.","ÐÐ±ÑÐ¾Ð»ÑŽÑ‚Ð½Ð°Ñ Ð´Ð°Ñ‚Ð° Ð¸ÑÑ‚ÐµÑ‡ÐµÐ½Ð¸Ñ Ð´Ð¾Ð»Ð¶Ð½Ð° Ð±Ñ‹Ñ‚ÑŒ Ð² Ð±ÑƒÐ´ÑƒÑ‰ÐµÐ¼.","ok"
"invitations_uses","Uses","Ð˜ÑÐ¿Ð¾Ð»ÑŒÐ·Ð¾Ð²Ð°Ð½Ð¸Ñ","ok"
"invitations_uses_help_default","Use 0 for unlimited redemptions.","Ð˜ÑÐ¿Ð¾Ð»ÑŒÐ·ÑƒÐ¹Ñ‚Ðµ 0 Ð´Ð»Ñ Ð½ÐµÐ¾Ð³Ñ€Ð°Ð½Ð¸Ñ‡ÐµÐ½Ð½Ð¾Ð³Ð¾ Ñ‡Ð¸ÑÐ»Ð° Ñ€ÐµÐ³Ð¸ÑÑ‚Ñ€Ð°Ñ†Ð¸Ð¹.","ok"
"invitations_uses_help_limited","Your current policy allows between 1 and {n} redemptions.","Ð¢ÐµÐºÑƒÑ‰Ð°Ñ Ð¿Ð¾Ð»Ð¸Ñ‚Ð¸ÐºÐ° Ñ€Ð°Ð·Ñ€ÐµÑˆÐ°ÐµÑ‚ Ð¾Ñ‚ 1 Ð´Ð¾ {n} Ñ€ÐµÐ³Ð¸ÑÑ‚Ñ€Ð°Ñ†Ð¸Ð¹.","ok"
"invite_error_config","Invitation configuration error","ÐžÑˆÐ¸Ð±ÐºÐ° ÐºÐ¾Ð½Ñ„Ð¸Ð³ÑƒÑ€Ð°Ñ†Ð¸Ð¸ Ð¿Ñ€Ð¸Ð³Ð»Ð°ÑˆÐµÐ½Ð¸Ñ","ok"
"invite_error_email_verification_unavailable","Email verification is enabled, but email sending is unavailable right now.","ÐŸÑ€Ð¾Ð²ÐµÑ€ÐºÐ° e-mail Ð²ÐºÐ»ÑŽÑ‡ÐµÐ½Ð°, Ð½Ð¾ Ð¾Ñ‚Ð¿Ñ€Ð°Ð²ÐºÐ° Ð¿Ð¸ÑÐµÐ¼ ÑÐµÐ¹Ñ‡Ð°Ñ Ð½ÐµÐ´Ð¾ÑÑ‚ÑƒÐ¿Ð½Ð°.","ok"
"invite_error_invalid_or_expired","Invalid or expired invitation","ÐÐµÐ´ÐµÐ¹ÑÑ‚Ð²Ð¸Ñ‚ÐµÐ»ÑŒÐ½Ð¾Ðµ Ð¸Ð»Ð¸ Ð¸ÑÑ‚ÐµÐºÑˆÐµÐµ Ð¿Ñ€Ð¸Ð³Ð»Ð°ÑˆÐµÐ½Ð¸Ðµ","ok"
"invite_error_jellyfin_create","Error while creating the account (Jellyfin)","ÐžÑˆÐ¸Ð±ÐºÐ° Ð¿Ñ€Ð¸ ÑÐ¾Ð·Ð´Ð°Ð½Ð¸Ð¸ Ð°ÐºÐºÐ°ÑƒÐ½Ñ‚Ð° (Jellyfin)","ok"
"invite_error_ldap_create","Error while creating the account (LDAP)","ÐžÑˆÐ¸Ð±ÐºÐ° Ð¿Ñ€Ð¸ ÑÐ¾Ð·Ð´Ð°Ð½Ð¸Ð¸ Ð°ÐºÐºÐ°ÑƒÐ½Ñ‚Ð° (LDAP)","ok"
"invite_error_persist","Error while saving the account","ÐžÑˆÐ¸Ð±ÐºÐ° Ð¿Ñ€Ð¸ ÑÐ¾Ñ…Ñ€Ð°Ð½ÐµÐ½Ð¸Ð¸ Ð°ÐºÐºÐ°ÑƒÐ½Ñ‚Ð°","ok"
"invite_footer","Powered by JellyGate","Ð Ð°Ð±Ð¾Ñ‚Ð°ÐµÑ‚ Ð½Ð° JellyGate","ok"
"invite_heading","Create your account","Ð¡Ð¾Ð·Ð´Ð°Ð¹Ñ‚Ðµ Ð°ÐºÐºÐ°ÑƒÐ½Ñ‚","ok"
"invite_login_jellyfin","Sign in to Jellyfin","Ð’Ð¾Ð¹Ñ‚Ð¸ Ð² Jellyfin","ok"
"invite_open_jellyseerr","Open Jellyseerr","ÐžÑ‚ÐºÑ€Ñ‹Ñ‚ÑŒ Jellyseerr","ok"
"invite_open_jellytrack","Open jellytrack","ÐžÑ‚ÐºÑ€Ñ‹Ñ‚ÑŒ jellytrack","ok"
"invite_quick_links","Quick links","Ð‘Ñ‹ÑÑ‚Ñ€Ñ‹Ðµ ÑÑÑ‹Ð»ÐºÐ¸","ok"
"invite_subheading","Fill in the form to join the media library","Ð—Ð°Ð¿Ð¾Ð»Ð½Ð¸Ñ‚Ðµ Ñ„Ð¾Ñ€Ð¼Ñƒ, Ñ‡Ñ‚Ð¾Ð±Ñ‹ Ð¿Ð¾Ð»ÑƒÑ‡Ð¸Ñ‚ÑŒ Ð´Ð¾ÑÑ‚ÑƒÐ¿ Ðº Ð¼ÐµÐ´Ð¸Ð°Ñ‚ÐµÐºÐµ","ok"
"invite_submit","Create my account","Ð¡Ð¾Ð·Ð´Ð°Ñ‚ÑŒ Ð¼Ð¾Ð¹ Ð°ÐºÐºÐ°ÑƒÐ½Ñ‚","ok"
"invite_success_hybrid","Welcome {username}! Your account was created in Jellyfin and in LDAP.","Ð”Ð¾Ð±Ñ€Ð¾ Ð¿Ð¾Ð¶Ð°Ð»Ð¾Ð²Ð°Ñ‚ÑŒ, {username}. Ð’Ð°Ñˆ Ð°ÐºÐºÐ°ÑƒÐ½Ñ‚ ÑÐ¾Ð·Ð´Ð°Ð½ Ð² Jellyfin Ð¸ Ð² LDAP.","ok"
"invite_success_ldap_only","Welcome {username}! Your account was created in LDAP. Jellyfin access will use your LDAP integration.","Ð”Ð¾Ð±Ñ€Ð¾ Ð¿Ð¾Ð¶Ð°Ð»Ð¾Ð²Ð°Ñ‚ÑŒ, {username}. Ð’Ð°Ñˆ Ð°ÐºÐºÐ°ÑƒÐ½Ñ‚ ÑÐ¾Ð·Ð´Ð°Ð½ Ð² LDAP. Ð”Ð¾ÑÑ‚ÑƒÐ¿ Ðº Jellyfin Ð±ÑƒÐ´ÐµÑ‚ Ð¸ÑÐ¿Ð¾Ð»ÑŒÐ·Ð¾Ð²Ð°Ñ‚ÑŒ Ð²Ð°ÑˆÑƒ LDAP-Ð¸Ð½Ñ‚ÐµÐ³Ñ€Ð°Ñ†Ð¸ÑŽ.","ok"
"invite_success_pending_verification","Check your email to confirm the creation of account {username}. Your account will be created only after this confirmation.","ÐŸÑ€Ð¾Ð²ÐµÑ€ÑŒÑ‚Ðµ ÑÐ²Ð¾ÑŽ Ð¿Ð¾Ñ‡Ñ‚Ñƒ, Ñ‡Ñ‚Ð¾Ð±Ñ‹ Ð¿Ð¾Ð´Ñ‚Ð²ÐµÑ€Ð´Ð¸Ñ‚ÑŒ ÑÐ¾Ð·Ð´Ð°Ð½Ð¸Ðµ Ð°ÐºÐºÐ°ÑƒÐ½Ñ‚Ð° {username}. ÐÐºÐºÐ°ÑƒÐ½Ñ‚ Ð±ÑƒÐ´ÐµÑ‚ ÑÐ¾Ð·Ð´Ð°Ð½ Ñ‚Ð¾Ð»ÑŒÐºÐ¾ Ð¿Ð¾ÑÐ»Ðµ ÑÑ‚Ð¾Ð³Ð¾ Ð¿Ð¾Ð´Ñ‚Ð²ÐµÑ€Ð¶Ð´ÐµÐ½Ð¸Ñ.","ok"
"invite_title","Sign Up","Ð ÐµÐ³Ð¸ÑÑ‚Ñ€Ð°Ñ†Ð¸Ñ","ok"
"login_error_forbidden","You are not an administrator","Ð£ Ð²Ð°Ñ Ð½ÐµÑ‚ Ð¿Ñ€Ð°Ð² Ð°Ð´Ð¼Ð¸Ð½Ð¸ÑÑ‚Ñ€Ð°Ñ‚Ð¾Ñ€Ð°","ok"
"login_error_invalid","Invalid credentials","ÐÐµÐ²ÐµÑ€Ð½Ñ‹Ðµ ÑƒÑ‡ÐµÑ‚Ð½Ñ‹Ðµ Ð´Ð°Ð½Ð½Ñ‹Ðµ","ok"
"login_error_required","Enter both your username and password.","Ð’Ð²ÐµÐ´Ð¸Ñ‚Ðµ Ð¸Ð¼Ñ Ð¿Ð¾Ð»ÑŒÐ·Ð¾Ð²Ð°Ñ‚ÐµÐ»Ñ Ð¸ Ð¿Ð°Ñ€Ð¾Ð»ÑŒ.","ok"
"login_forgot_password","Forgot password?","Ð—Ð°Ð±Ñ‹Ð»Ð¸ Ð¿Ð°Ñ€Ð¾Ð»ÑŒ?","ok"
"login_jellyfin_desc","Media library access","Доступ к библиотеке","ok"
"login_jellyseerr_desc","Browse and request content","Запросы контента","ok"
"login_jellytrack_desc","Playback statistics tracking","Статистика","ok"
"login_shortcuts","Shortcuts","Сокращения","ok"
"login_subheading","Administration","ÐÐ´Ð¼Ð¸Ð½Ð¸ÑÑ‚Ñ€Ð¸Ñ€Ð¾Ð²Ð°Ð½Ð¸Ðµ","ok"
"login_submit","Sign in","Ð’Ð¾Ð¹Ñ‚Ð¸","ok"
"login_title","Login","Ð’Ñ…Ð¾Ð´","ok"
"logs_col_action","Action","Ð”ÐµÐ¹ÑÑ‚Ð²Ð¸Ðµ","ok"
"logs_col_actor","Actor","Ð˜ÑÐ¿Ð¾Ð»Ð½Ð¸Ñ‚ÐµÐ»ÑŒ","ok"
"logs_col_details","Details","Ð”ÐµÑ‚Ð°Ð»Ð¸","ok"
"logs_col_target","Target","Ð¦ÐµÐ»ÑŒ","ok"
"logs_load_error","Unable to load audit logs","ÐÐµ ÑƒÐ´Ð°Ð»Ð¾ÑÑŒ Ð·Ð°Ð³Ñ€ÑƒÐ·Ð¸Ñ‚ÑŒ Ð¶ÑƒÑ€Ð½Ð°Ð» Ð°ÑƒÐ´Ð¸Ñ‚Ð°","ok"
"logs_loading","Loading audit logs...","Ð—Ð°Ð³Ñ€ÑƒÐ·ÐºÐ° Ð¶ÑƒÑ€Ð½Ð°Ð»Ð° Ð°ÑƒÐ´Ð¸Ñ‚Ð°...","ok"
"logs_network_error","Network error while loading audit logs","ÐžÑˆÐ¸Ð±ÐºÐ° ÑÐµÑ‚Ð¸ Ð¿Ñ€Ð¸ Ð·Ð°Ð³Ñ€ÑƒÐ·ÐºÐµ Ð¶ÑƒÑ€Ð½Ð°Ð»Ð° Ð°ÑƒÐ´Ð¸Ñ‚Ð°","ok"
"logs_no_results","No audit events match the current filters.","ÐÐµÑ‚ ÑÐ¾Ð±Ñ‹Ñ‚Ð¸Ð¹ Ð°ÑƒÐ´Ð¸Ñ‚Ð°, ÑÐ¾Ð¾Ñ‚Ð²ÐµÑ‚ÑÑ‚Ð²ÑƒÑŽÑ‰Ð¸Ñ… Ñ‚ÐµÐºÑƒÑ‰Ð¸Ð¼ Ñ„Ð¸Ð»ÑŒÑ‚Ñ€Ð°Ð¼.","ok"
"logs_no_results_short","No matching events","ÐÐµÑ‚ ÑÐ¾Ð²Ð¿Ð°Ð´Ð°ÑŽÑ‰Ð¸Ñ… ÑÐ¾Ð±Ñ‹Ñ‚Ð¸Ð¹","ok"
"logs_of_label","of","Ð¸Ð·","ok"
"logs_page_label","Page","Ð¡Ñ‚Ñ€Ð°Ð½Ð¸Ñ†Ð°","ok"
"logs_pagination_loading","Loading pagination...","Ð—Ð°Ð³Ñ€ÑƒÐ·ÐºÐ° Ð¿Ð°Ð³Ð¸Ð½Ð°Ñ†Ð¸Ð¸...","ok"
"logs_per_page_suffix","per page","Ð½Ð° ÑÑ‚Ñ€Ð°Ð½Ð¸Ñ†Ðµ","ok"
"logs_search_placeholder","Search actions, actors, targets, details, or request IDs","Ð˜Ñ‰Ð¸Ñ‚Ðµ Ð´ÐµÐ¹ÑÑ‚Ð²Ð¸Ñ, Ð¸ÑÐ¿Ð¾Ð»Ð½Ð¸Ñ‚ÐµÐ»ÐµÐ¹, Ñ†ÐµÐ»Ð¸, Ð´ÐµÑ‚Ð°Ð»Ð¸ Ð¸Ð»Ð¸ request_id","ok"
"logs_system_actor","System","Ð¡Ð¸ÑÑ‚ÐµÐ¼Ð°","ok"
"logs_total_label","Total","Ð’ÑÐµÐ³Ð¾","ok"
"my_account_channel_discord","Discord","Discord","untranslated"
"my_account_channel_email","Email","E-mail","ok"
"my_account_channel_optin","Delivery channels","ÐšÐ°Ð½Ð°Ð»Ñ‹ Ð´Ð¾ÑÑ‚Ð°Ð²ÐºÐ¸","ok"
"my_account_channel_telegram","Telegram","Telegram","untranslated"
"my_account_contact_help","Update contact information and notification preferences.","Обновите контактную информацию и настройки уведомлений.","ok"
"my_account_default_server_lang","Use the server default language","Ð˜ÑÐ¿Ð¾Ð»ÑŒÐ·Ð¾Ð²Ð°Ñ‚ÑŒ ÑÐ·Ñ‹Ðº ÑÐµÑ€Ð²ÐµÑ€Ð° Ð¿Ð¾ ÑƒÐ¼Ð¾Ð»Ñ‡Ð°Ð½Ð¸ÑŽ","ok"
"my_account_edit_profile","Edit profile","Редактировать профиль","ok"
"my_account_email_pending_label","Pending email:","ÐžÐ¶Ð¸Ð´Ð°ÑŽÑ‰Ð¸Ð¹ e-mail:","ok"
"my_account_email_status_missing","No email configured","E-mail Ð½Ðµ Ð½Ð°ÑÑ‚Ñ€Ð¾ÐµÐ½","ok"
"my_account_email_status_pending","Pending verification","ÐžÐ¶Ð¸Ð´Ð°ÐµÑ‚ Ð¿Ð¾Ð´Ñ‚Ð²ÐµÑ€Ð¶Ð´ÐµÐ½Ð¸Ñ","ok"
"my_account_email_status_unverified","Verification required","Ð¢Ñ€ÐµÐ±ÑƒÐµÑ‚ÑÑ Ð¿Ð¾Ð´Ñ‚Ð²ÐµÑ€Ð¶Ð´ÐµÐ½Ð¸Ðµ","ok"
"my_account_email_status_verified","Verified","ÐŸÐ¾Ð´Ñ‚Ð²ÐµÑ€Ð¶Ð´ÐµÐ½","ok"
"my_account_email_verification_help","Confirm this email address to receive account messages and recovery links.","ÐŸÐ¾Ð´Ñ‚Ð²ÐµÑ€Ð´Ð¸Ñ‚Ðµ ÑÑ‚Ð¾Ñ‚ e-mail, Ñ‡Ñ‚Ð¾Ð±Ñ‹ Ð¿Ð¾Ð»ÑƒÑ‡Ð°Ñ‚ÑŒ ÑÐ¾Ð¾Ð±Ñ‰ÐµÐ½Ð¸Ñ Ð°ÐºÐºÐ°ÑƒÐ½Ñ‚Ð° Ð¸ ÑÑÑ‹Ð»ÐºÐ¸ Ð´Ð»Ñ Ð²Ð¾ÑÑÑ‚Ð°Ð½Ð¾Ð²Ð»ÐµÐ½Ð¸Ñ.","ok"
"my_account_email_verification_label","Email verification","ÐŸÐ¾Ð´Ñ‚Ð²ÐµÑ€Ð¶Ð´ÐµÐ½Ð¸Ðµ e-mail","ok"
"my_account_email_verification_missing","Add an email address to enable verification and password recovery.","Ð”Ð¾Ð±Ð°Ð²ÑŒÑ‚Ðµ Ð°Ð´Ñ€ÐµÑ e-mail, Ñ‡Ñ‚Ð¾Ð±Ñ‹ Ð²ÐºÐ»ÑŽÑ‡Ð¸Ñ‚ÑŒ Ð¿Ð¾Ð´Ñ‚Ð²ÐµÑ€Ð¶Ð´ÐµÐ½Ð¸Ðµ Ð¸ Ð²Ð¾ÑÑÑ‚Ð°Ð½Ð¾Ð²Ð»ÐµÐ½Ð¸Ðµ Ð¿Ð°Ñ€Ð¾Ð»Ñ.","ok"
"my_account_email_verification_ok","Your current email address is verified.","Ð’Ð°Ñˆ Ñ‚ÐµÐºÑƒÑ‰Ð¸Ð¹ Ð°Ð´Ñ€ÐµÑ e-mail Ð¿Ð¾Ð´Ñ‚Ð²ÐµÑ€Ð¶Ð´ÐµÐ½.","ok"
"my_account_email_verification_pending","Check your inbox and click the confirmation link sent to the pending address.","ÐŸÑ€Ð¾Ð²ÐµÑ€ÑŒÑ‚Ðµ Ð¿Ð¾Ñ‡Ñ‚Ñƒ Ð¸ Ð¾Ñ‚ÐºÑ€Ð¾Ð¹Ñ‚Ðµ ÑÑÑ‹Ð»ÐºÑƒ, Ð¾Ñ‚Ð¿Ñ€Ð°Ð²Ð»ÐµÐ½Ð½ÑƒÑŽ Ð½Ð° Ð¾Ð¶Ð¸Ð´Ð°ÑŽÑ‰Ð¸Ð¹ Ð°Ð´Ñ€ÐµÑ.","ok"
"my_account_email_verification_resend","Resend verification email","ÐžÑ‚Ð¿Ñ€Ð°Ð²Ð¸Ñ‚ÑŒ Ð¿Ð¸ÑÑŒÐ¼Ð¾ Ð¿Ð¾Ð´Ñ‚Ð²ÐµÑ€Ð¶Ð´ÐµÐ½Ð¸Ñ ÐµÑ‰Ðµ Ñ€Ð°Ð·","ok"
"my_account_email_verification_send_error","Unable to send a verification email","ÐÐµ ÑƒÐ´Ð°Ð»Ð¾ÑÑŒ Ð¾Ñ‚Ð¿Ñ€Ð°Ð²Ð¸Ñ‚ÑŒ Ð¿Ð¸ÑÑŒÐ¼Ð¾ Ð¿Ð¾Ð´Ñ‚Ð²ÐµÑ€Ð¶Ð´ÐµÐ½Ð¸Ñ","ok"
"my_account_email_verification_sent","A verification email has been sent.","ÐŸÐ¸ÑÑŒÐ¼Ð¾ Ð¿Ð¾Ð´Ñ‚Ð²ÐµÑ€Ð¶Ð´ÐµÐ½Ð¸Ñ Ð¾Ñ‚Ð¿Ñ€Ð°Ð²Ð»ÐµÐ½Ð¾.","ok"
"my_account_label_access_expiry","Access expiry","Ð¡Ñ€Ð¾Ðº Ð´Ð¾ÑÑ‚ÑƒÐ¿Ð°","ok"
"my_account_label_confirm_password","Confirm new password","ÐŸÐ¾Ð´Ñ‚Ð²ÐµÑ€Ð´Ð¸Ñ‚Ðµ Ð½Ð¾Ð²Ñ‹Ð¹ Ð¿Ð°Ñ€Ð¾Ð»ÑŒ","ok"
"my_account_label_discord","Discord handle","ÐÐ¸Ðº Discord","ok"
"my_account_label_email","Email address","ÐÐ´Ñ€ÐµÑ e-mail","ok"
"my_account_label_new_password","New password","ÐÐ¾Ð²Ñ‹Ð¹ Ð¿Ð°Ñ€Ð¾Ð»ÑŒ","ok"
"my_account_label_preferred_lang","Preferred language","ÐŸÑ€ÐµÐ´Ð¿Ð¾Ñ‡Ð¸Ñ‚Ð°ÐµÐ¼Ñ‹Ð¹ ÑÐ·Ñ‹Ðº","ok"
"my_account_label_role","Role","Ð Ð¾Ð»ÑŒ","ok"
"my_account_label_telegram","Telegram handle","ÐÐ¸Ðº Telegram","ok"
"my_account_label_user","Username","Ð˜Ð¼Ñ Ð¿Ð¾Ð»ÑŒÐ·Ð¾Ð²Ð°Ñ‚ÐµÐ»Ñ","ok"
"my_account_load_error","Unable to load your account","ÐÐµ ÑƒÐ´Ð°Ð»Ð¾ÑÑŒ Ð·Ð°Ð³Ñ€ÑƒÐ·Ð¸Ñ‚ÑŒ Ð²Ð°Ñˆ Ð°ÐºÐºÐ°ÑƒÐ½Ñ‚","ok"
"my_account_no_expiry","No expiry configured","Ð¡Ñ€Ð¾Ðº Ð´ÐµÐ¹ÑÑ‚Ð²Ð¸Ñ Ð½Ðµ Ð·Ð°Ð´Ð°Ð½","ok"
"my_account_notify_events","Notify me about account events","Ð£Ð²ÐµÐ´Ð¾Ð¼Ð»ÑÑ‚ÑŒ Ð¼ÐµÐ½Ñ Ð¾ ÑÐ¾Ð±Ñ‹Ñ‚Ð¸ÑÑ… Ð°ÐºÐºÐ°ÑƒÐ½Ñ‚Ð°","ok"
"my_account_notify_expiry","Notify me before access expires","ÐŸÑ€ÐµÐ´ÑƒÐ¿Ñ€ÐµÐ¶Ð´Ð°Ñ‚ÑŒ Ð¼ÐµÐ½Ñ Ð¿ÐµÑ€ÐµÐ´ Ð¸ÑÑ‚ÐµÑ‡ÐµÐ½Ð¸ÐµÐ¼ Ð´Ð¾ÑÑ‚ÑƒÐ¿Ð°","ok"
"my_account_password_help","Change your password. Choose a strong password (min. 8 characters).","Измените пароль. Выберите надежный пароль (мин. 8 символов).","ok"
"my_account_password_min_hint","At least 8 characters","ÐÐµ Ð¼ÐµÐ½ÐµÐµ 8 ÑÐ¸Ð¼Ð²Ð¾Ð»Ð¾Ð²","ok"
"my_account_password_mismatch","The passwords do not match","ÐŸÐ°Ñ€Ð¾Ð»Ð¸ Ð½Ðµ ÑÐ¾Ð²Ð¿Ð°Ð´Ð°ÑŽÑ‚","ok"
"my_account_password_too_short","The password must contain at least 8 characters","ÐŸÐ°Ñ€Ð¾Ð»ÑŒ Ð´Ð¾Ð»Ð¶ÐµÐ½ ÑÐ¾Ð´ÐµÑ€Ð¶Ð°Ñ‚ÑŒ Ð½Ðµ Ð¼ÐµÐ½ÐµÐµ 8 ÑÐ¸Ð¼Ð²Ð¾Ð»Ð¾Ð²","ok"
"my_account_password_update_error","Unable to update the password","ÐÐµ ÑƒÐ´Ð°Ð»Ð¾ÑÑŒ Ð¾Ð±Ð½Ð¾Ð²Ð¸Ñ‚ÑŒ Ð¿Ð°Ñ€Ð¾Ð»ÑŒ","ok"
"my_account_password_updated","Password updated","ÐŸÐ°Ñ€Ð¾Ð»ÑŒ Ð¾Ð±Ð½Ð¾Ð²Ð»ÐµÐ½","ok"
"my_account_save_error","Unable to save your preferences","ÐÐµ ÑƒÐ´Ð°Ð»Ð¾ÑÑŒ ÑÐ¾Ñ…Ñ€Ð°Ð½Ð¸Ñ‚ÑŒ Ð²Ð°ÑˆÐ¸ Ð½Ð°ÑÑ‚Ñ€Ð¾Ð¹ÐºÐ¸","ok"
"my_account_save_preferences","Save preferences","Ð¡Ð¾Ñ…Ñ€Ð°Ð½Ð¸Ñ‚ÑŒ Ð½Ð°ÑÑ‚Ñ€Ð¾Ð¹ÐºÐ¸","ok"
"my_account_saved","Preferences saved","ÐÐ°ÑÑ‚Ñ€Ð¾Ð¹ÐºÐ¸ ÑÐ¾Ñ…Ñ€Ð°Ð½ÐµÐ½Ñ‹","ok"
"my_account_section_contact","Contact and preferences","ÐšÐ¾Ð½Ñ‚Ð°ÐºÑ‚Ñ‹ Ð¸ Ð½Ð°ÑÑ‚Ñ€Ð¾Ð¹ÐºÐ¸","ok"
"my_account_section_password","Password","ÐŸÐ°Ñ€Ð¾Ð»ÑŒ","ok"
"my_account_section_profile","Profile summary","Ð¡Ð²Ð¾Ð´ÐºÐ° Ð¿Ñ€Ð¾Ñ„Ð¸Ð»Ñ","ok"
"my_account_subheading","Keep your contact details, delivery channels, language, and password up to date.","ÐŸÐ¾Ð´Ð´ÐµÑ€Ð¶Ð¸Ð²Ð°Ð¹Ñ‚Ðµ Ð² Ð°ÐºÑ‚ÑƒÐ°Ð»ÑŒÐ½Ð¾Ð¼ ÑÐ¾ÑÑ‚Ð¾ÑÐ½Ð¸Ð¸ ÐºÐ¾Ð½Ñ‚Ð°ÐºÑ‚Ñ‹, ÐºÐ°Ð½Ð°Ð»Ñ‹ Ð´Ð¾ÑÑ‚Ð°Ð²ÐºÐ¸, ÑÐ·Ñ‹Ðº Ð¸ Ð¿Ð°Ñ€Ð¾Ð»ÑŒ.","ok"
"my_account_subtitle","Manage your profile and preferences","Управляйте своим профилем и настройками","ok"
"my_account_update_password","Update password","ÐžÐ±Ð½Ð¾Ð²Ð¸Ñ‚ÑŒ Ð¿Ð°Ñ€Ð¾Ð»ÑŒ","ok"
"nav_automation","Automation","ÐÐ²Ñ‚Ð¾Ð¼Ð°Ñ‚Ð¸Ð·Ð°Ñ†Ð¸Ñ","ok"
"nav_dashboard","Dashboard","ÐŸÐ°Ð½ÐµÐ»ÑŒ","ok"
"nav_invitations","Invitations","ÐŸÑ€Ð¸Ð³Ð»Ð°ÑˆÐµÐ½Ð¸Ñ","ok"
"nav_logout","Sign out","Ð’Ñ‹Ð¹Ñ‚Ð¸","ok"
"nav_logs","Logs","Ð–ÑƒÑ€Ð½Ð°Ð»Ñ‹","ok"
"nav_my_account","My Account","ÐœÐ¾Ð¹ Ð°ÐºÐºÐ°ÑƒÐ½Ñ‚","ok"
"nav_settings","Settings","ÐÐ°ÑÑ‚Ñ€Ð¾Ð¹ÐºÐ¸","ok"
"nav_theme","Theme","Тема","ok"
"nav_users","Users","ÐŸÐ¾Ð»ÑŒÐ·Ð¾Ð²Ð°Ñ‚ÐµÐ»Ð¸","ok"
"password_match","Passwords match","ÐŸÐ°Ñ€Ð¾Ð»Ð¸ ÑÐ¾Ð²Ð¿Ð°Ð´Ð°ÑŽÑ‚","ok"
"password_mismatch","Passwords do not match","ÐŸÐ°Ñ€Ð¾Ð»Ð¸ Ð½Ðµ ÑÐ¾Ð²Ð¿Ð°Ð´Ð°ÑŽÑ‚","ok"
"password_policy_missing","Missing requirements","ÐÐµ Ñ…Ð²Ð°Ñ‚Ð°ÐµÑ‚ Ð¾Ð±ÑÐ·Ð°Ñ‚ÐµÐ»ÑŒÐ½Ñ‹Ñ… Ñ‚Ñ€ÐµÐ±Ð¾Ð²Ð°Ð½Ð¸Ð¹","ok"
"password_policy_ok","Password rules satisfied","Ð¢Ñ€ÐµÐ±Ð¾Ð²Ð°Ð½Ð¸Ñ Ðº Ð¿Ð°Ñ€Ð¾Ð»ÑŽ Ð²Ñ‹Ð¿Ð¾Ð»Ð½ÐµÐ½Ñ‹","ok"
"password_rule_at_least","at least {n} characters","Ð½Ðµ Ð¼ÐµÐ½ÐµÐµ {n} ÑÐ¸Ð¼Ð²Ð¾Ð»Ð¾Ð²","ok"
"password_rule_at_most","at most {n} characters","Ð½Ðµ Ð±Ð¾Ð»ÐµÐµ {n} ÑÐ¸Ð¼Ð²Ð¾Ð»Ð¾Ð²","ok"
"password_rule_digit","one digit","Ð¾Ð´Ð½Ð° Ñ†Ð¸Ñ„Ñ€Ð°","ok"
"password_rule_lower","one lowercase letter","Ð¾Ð´Ð½Ð° ÑÑ‚Ñ€Ð¾Ñ‡Ð½Ð°Ñ Ð±ÑƒÐºÐ²Ð°","ok"
"password_rule_special","one special character","Ð¾Ð´Ð¸Ð½ ÑÐ¿ÐµÑ†Ð¸Ð°Ð»ÑŒÐ½Ñ‹Ð¹ ÑÐ¸Ð¼Ð²Ð¾Ð»","ok"
"password_rule_upper","one uppercase letter","Ð¾Ð´Ð½Ð° Ð·Ð°Ð³Ð»Ð°Ð²Ð½Ð°Ñ Ð±ÑƒÐºÐ²Ð°","ok"
"password_rules_chars","characters","ÑÐ¸Ð¼Ð²Ð¾Ð»Ð¾Ð²","ok"
"password_rules_prefix","Rules:","ÐŸÑ€Ð°Ð²Ð¸Ð»Ð°:","ok"
"reset_new_heading","New password","ÐÐ¾Ð²Ñ‹Ð¹ Ð¿Ð°Ñ€Ð¾Ð»ÑŒ","ok"
"reset_new_subheading","Choose a new secure password","Ð’Ñ‹Ð±ÐµÑ€Ð¸Ñ‚Ðµ Ð½Ð¾Ð²Ñ‹Ð¹ Ð±ÐµÐ·Ð¾Ð¿Ð°ÑÐ½Ñ‹Ð¹ Ð¿Ð°Ñ€Ð¾Ð»ÑŒ","ok"
"reset_request_heading","Forgot password","Ð—Ð°Ð±Ñ‹Ð»Ð¸ Ð¿Ð°Ñ€Ð¾Ð»ÑŒ","ok"
"reset_request_subheading","Enter your identifier to receive a reset link","Ð’Ð²ÐµÐ´Ð¸Ñ‚Ðµ ÑÐ²Ð¾Ð¹ Ð¸Ð´ÐµÐ½Ñ‚Ð¸Ñ„Ð¸ÐºÐ°Ñ‚Ð¾Ñ€, Ñ‡Ñ‚Ð¾Ð±Ñ‹ Ð¿Ð¾Ð»ÑƒÑ‡Ð¸Ñ‚ÑŒ ÑÑÑ‹Ð»ÐºÑƒ Ð´Ð»Ñ ÑÐ±Ñ€Ð¾ÑÐ°","ok"
"reset_request_submit","Send reset link","ÐžÑ‚Ð¿Ñ€Ð°Ð²Ð¸Ñ‚ÑŒ ÑÑÑ‹Ð»ÐºÑƒ","ok"
"reset_submit","Reset password","Ð¡Ð±Ñ€Ð¾ÑÐ¸Ñ‚ÑŒ Ð¿Ð°Ñ€Ð¾Ð»ÑŒ","ok"
"reset_title","Password Reset","Ð¡Ð±Ñ€Ð¾Ñ Ð¿Ð°Ñ€Ð¾Ð»Ñ","ok"
"role_admin","Administrator","ÐÐ´Ð¼Ð¸Ð½Ð¸ÑÑ‚Ñ€Ð°Ñ‚Ð¾Ñ€","ok"
"role_user","User","ÐŸÐ¾Ð»ÑŒÐ·Ð¾Ð²Ð°Ñ‚ÐµÐ»ÑŒ","ok"
"settings_backup_action_delete","Delete","Ð£Ð´Ð°Ð»Ð¸Ñ‚ÑŒ","ok"
"settings_backup_action_export","Export","Ð­ÐºÑÐ¿Ð¾Ñ€Ñ‚","ok"
"settings_backup_action_restore","Restore","Ð’Ð¾ÑÑÑ‚Ð°Ð½Ð¾Ð²Ð¸Ñ‚ÑŒ","ok"
"settings_backup_archives_desc","Restoration is prepared then applied on next JellyGate restart.","Backup Archives Desc","ok"
"settings_backup_archives_title","Available archives","Backup Archives Title","ok"
"settings_backup_col_actions","Actions","Backup Col Actions","ok"
"settings_backup_col_archive","Archive","Backup Col Archive","ok"
"settings_backup_col_date","Date","Backup Col Date","ok"
"settings_backup_col_size","Size","Backup Col Size","ok"
"settings_backup_create_now","Create backup now","Backup Create Now","ok"
"settings_backup_created","Backup created","Ð ÐµÐ·ÐµÑ€Ð²Ð½Ð°Ñ ÐºÐ¾Ð¿Ð¸Ñ ÑÐ¾Ð·Ð´Ð°Ð½Ð°","ok"
"settings_backup_daily_time","Daily execution time","Backup Daily Time","ok"
"settings_backup_delete_confirm_prefix","Delete permanently","Ð£Ð´Ð°Ð»Ð¸Ñ‚ÑŒ Ð½Ð°Ð²ÑÐµÐ³Ð´Ð°","ok"
"settings_backup_delete_error","Delete failed","Ð£Ð´Ð°Ð»ÐµÐ½Ð¸Ðµ Ð½Ðµ ÑƒÐ´Ð°Ð»Ð¾ÑÑŒ","ok"
"settings_backup_deleted","Backup deleted","Ð ÐµÐ·ÐµÑ€Ð²Ð½Ð°Ñ ÐºÐ¾Ð¿Ð¸Ñ ÑƒÐ´Ð°Ð»ÐµÐ½Ð°","ok"
"settings_backup_desc","Configure automatic backups, create manual backups, import archives, and prepare a restoration.","Backup Desc","ok"
"settings_backup_enable_auto","Enable automatic backups","Backup Enable Auto","ok"
"settings_backup_error","Backup error","ÐžÑˆÐ¸Ð±ÐºÐ° Ñ€ÐµÐ·ÐµÑ€Ð²Ð½Ð¾Ð³Ð¾ ÐºÐ¾Ð¿Ð¸Ñ€Ð¾Ð²Ð°Ð½Ð¸Ñ","ok"
"settings_backup_import_btn","Import","Backup Import Btn","ok"
"settings_backup_import_desc","Import a ZIP archive into JellyGate for later restoration. Export/Delete actions remain available below.","Backup Import Desc","ok"
"settings_backup_import_error","Import failed","Ð˜Ð¼Ð¿Ð¾Ñ€Ñ‚ Ð½Ðµ ÑƒÐ´Ð°Ð»ÑÑ","ok"
"settings_backup_import_title","Import a backup","Backup Import Title","ok"
"settings_backup_imported","Backup imported","Ð ÐµÐ·ÐµÑ€Ð²Ð½Ð°Ñ ÐºÐ¾Ð¿Ð¸Ñ Ð¸Ð¼Ð¿Ð¾Ñ€Ñ‚Ð¸Ñ€Ð¾Ð²Ð°Ð½Ð°","ok"
"settings_backup_list_empty","No backup available.","Backup List Empty","ok"
"settings_backup_list_load_error","Unable to load backups.","Backup List Load Error","ok"
"settings_backup_list_pg_unavailable","PostgreSQL mode: SQLite archives are unavailable. Use pg_dump/pg_restore.","Backup List Pg Unavailable","ok"
"settings_backup_manual_desc","Create an exportable ZIP archive (SQLite DB + settings + templates).","Backup Manual Desc","ok"
"settings_backup_manual_title","Manual backup","Backup Manual Title","ok"
"settings_backup_pg_mode_desc_1","Native JellyGate ZIP backups (SQLite) are disabled.","Backup Pg Mode Desc 1","ok"
"settings_backup_pg_mode_desc_2","Use pg_dump and pg_restore for PostgreSQL.","Backup Pg Mode Desc 2","ok"
"settings_backup_pg_mode_title","PostgreSQL mode detected","Backup Pg Mode Title","ok"
"settings_backup_pg_not_supported","Action not supported in PostgreSQL mode","Ð”ÐµÐ¹ÑÑ‚Ð²Ð¸Ðµ Ð½Ðµ Ð¿Ð¾Ð´Ð´ÐµÑ€Ð¶Ð¸Ð²Ð°ÐµÑ‚ÑÑ Ð² Ñ€ÐµÐ¶Ð¸Ð¼Ðµ PostgreSQL","ok"
"settings_backup_pg_plan_unavailable","Local backup scheduler unavailable in PostgreSQL mode (use pg_dump/pg_restore)","Backup Pg Plan Unavailable","ok"
"settings_backup_restore_confirm_prefix","Prepare restoration for","ÐŸÐ¾Ð´Ð³Ð¾Ñ‚Ð¾Ð²Ð¸Ñ‚ÑŒ Ð²Ð¾ÑÑÑ‚Ð°Ð½Ð¾Ð²Ð»ÐµÐ½Ð¸Ðµ Ð´Ð»Ñ","ok"
"settings_backup_restore_confirm_suffix","A restart is required.","Ð¢Ñ€ÐµÐ±ÑƒÐµÑ‚ÑÑ Ð¿ÐµÑ€ÐµÐ·Ð°Ð¿ÑƒÑÐº.","ok"
"settings_backup_restore_error","Restore failed","Ð’Ð¾ÑÑÑ‚Ð°Ð½Ð¾Ð²Ð»ÐµÐ½Ð¸Ðµ Ð½Ðµ ÑƒÐ´Ð°Ð»Ð¾ÑÑŒ","ok"
"settings_backup_restore_ready","Restoration prepared. Restart JellyGate.","Ð’Ð¾ÑÑÑ‚Ð°Ð½Ð¾Ð²Ð»ÐµÐ½Ð¸Ðµ Ð¿Ð¾Ð´Ð³Ð¾Ñ‚Ð¾Ð²Ð»ÐµÐ½Ð¾. ÐŸÐµÑ€ÐµÐ·Ð°Ð¿ÑƒÑÑ‚Ð¸Ñ‚Ðµ JellyGate.","ok"
"settings_backup_retention_fixed","Backups kept (fixed)","Backup Retention Fixed","ok"
"settings_backup_retention_help","JellyGate automatically keeps the latest 7 backups (including imports).","Backup Retention Help","ok"
"settings_backup_save_schedule","Save backup schedule","Backup Save Schedule","ok"
"settings_backup_select_zip","Select a .zip file","Ð’Ñ‹Ð±ÐµÑ€Ð¸Ñ‚Ðµ Ñ„Ð°Ð¹Ð» .zip","ok"
"settings_backup_title","Backups and restoration","Backup Title","ok"
"settings_default_lang","Server default language","Ð¯Ð·Ñ‹Ðº ÑÐµÑ€Ð²ÐµÑ€Ð° Ð¿Ð¾ ÑƒÐ¼Ð¾Ð»Ñ‡Ð°Ð½Ð¸ÑŽ","ok"
"settings_default_lang_help","Language used when the user has no preference set","Ð¯Ð·Ñ‹Ðº, Ð¸ÑÐ¿Ð¾Ð»ÑŒÐ·ÑƒÐµÐ¼Ñ‹Ð¹, ÐµÑÐ»Ð¸ Ñƒ Ð¿Ð¾Ð»ÑŒÐ·Ð¾Ð²Ð°Ñ‚ÐµÐ»Ñ Ð½Ðµ Ð·Ð°Ð´Ð°Ð½Ð¾ Ð¿Ñ€ÐµÐ´Ð¿Ð¾Ñ‡Ñ‚ÐµÐ½Ð¸Ðµ","ok"
"settings_default_none","Default (none)","ÐŸÐ¾ ÑƒÐ¼Ð¾Ð»Ñ‡Ð°Ð½Ð¸ÑŽ (Ð½ÐµÑ‚)","ok"
"settings_email_base_desc","This shared shell contains the HTML used by all emails. Simple message content is inserted automatically between these two blocks.","This shared shell contains the HTML used by all emails. Simple message content is inserted automatically between these two blocks.","untranslated"
"settings_email_base_footer","Base template: HTML footer","Base template: HTML footer","untranslated"
"settings_email_base_header","Base template: HTML header","Base template: HTML header","untranslated"
"settings_email_base_live_preview_desc","The render updates automatically while you edit the header or footer.","The render updates automatically while you edit the header or footer.","untranslated"
"settings_email_base_live_preview_title","Live base preview","Live base preview","untranslated"
"settings_email_base_preview","Preview base template","Preview base template","untranslated"
"settings_email_base_preview_demo","You received an invitation to join the Jellyfin server.

The button and direct link appear automatically below this message.","You received an invitation to join the Jellyfin server.

The button and direct link appear automatically below this message.","untranslated"
"settings_email_base_preview_desc","This preview shows the shared shell with a simple message and the standard automatic blocks.","This preview shows the shared shell with a simple message and the standard automatic blocks.","untranslated"
"settings_email_base_restore","Restore default base","Restore default base","untranslated"
"settings_email_base_title","Shared base template","Shared base template","untranslated"
"settings_email_base_variables_title","Advanced variables for the base template","Advanced variables for the base template","untranslated"
"settings_email_body_mode_desc","The editors below are no-code: plain text only, with support for variables such as {{.Username}}, {{.Email}}, or {{.ExpiryDate}}. Buttons, links, and system dates are added automatically in the final render.","The message editors below are no-code: plain text only. Buttons, links, and system dates are added automatically in the final render.","ok"
"settings_email_body_mode_title","Simple messages without markup","Simple messages without markup","untranslated"
"settings_email_delivery_desc","Enable only the emails or sections that JellyGate should send automatically.","Vklyuchayte tolko te pisma ili bloki, kotorye JellyGate dolzhen otpravlyat avtomaticheski.","ok"
"settings_email_delivery_title","Optional messages","Neobyazatelnye soobshcheniya","ok"
"settings_email_preview_close_aria","Close preview","Email Preview Close Aria","ok"
"settings_email_preview_desc","Preview the final render with the shared email wrapper and demonstration values.","Email Preview Desc","ok"
"settings_email_preview_title","Email template preview","Email Preview Title","ok"
"settings_email_reminder_days","N days before expiry","Email Reminder Days","ok"
"settings_email_reminder_schedule_desc","Define how many days before expiration an automatic reminder is sent.","Email Reminder Schedule Desc","ok"
"settings_email_reminder_schedule_title","Expiry reminder schedule","Email Reminder Schedule Title","ok"
"settings_email_section_lifecycle","Account lifecycle","Zhiznennyy tsikl akkaunta","ok"
"settings_email_section_onboarding","Signup and invitations","Registratsiya i priglasheniya","ok"
"settings_email_section_security","Security and recovery","Bezopasnost i vosstanovlenie","ok"
"settings_email_templates_desc","Write only the message content. JellyGate automatically inserts it into the shared email wrapper, and you can personalize the text with the available variables.","Redaktiruyte tolko te soobshcheniya, kotorye deystvitelno ispolzuete. Sektsii sprava delayut stranicu prosche.","ok"
"settings_email_templates_title","Email templates","Shablony pisem","ok"
"settings_email_tpl_confirmation","Confirmation email","Pismo podtverzhdeniya","ok"
"settings_email_tpl_confirmation_desc","Sent to confirm signup.","Email Tpl Confirmation Desc","ok"
"settings_email_tpl_email_verification","Email verification","Podtverzhdenie e-mail","ok"
"settings_email_tpl_email_verification_desc","Sent to confirm a new or existing email address before account recovery and notifications.","Otpravlyaetsya dlya podtverzhdeniya novogo ili sushchestvuyushchego adresa e-mail pered vosstanovleniem akkaunta i uvedomleniyami.","ok"
"settings_email_tpl_email_verification_subject","Email verification subject","Tema podtverzhdeniya e-mail","ok"
"settings_email_tpl_email_verification_subject_desc","Subject line for email verification messages. Variables are supported.","Tema pisem dlya podtverzhdeniya e-mail. Peremennye podderzhivayutsya.","ok"
"settings_email_tpl_expiry_adjusted","Expiry adjusted","Srok deystviya izmenen","ok"
"settings_email_tpl_expiry_adjusted_desc","Sent when account expiry date is modified.","Email Tpl Expiry Adjusted Desc","ok"
"settings_email_tpl_expiry_reminder","Expiry reminder","Napominanie ob istechenii","ok"
"settings_email_tpl_expiry_reminder_1","Expiry reminder D-1","Napominanie ob istechenii D-1","ok"
"settings_email_tpl_expiry_reminder_14","Expiry reminder D-14","Napominanie ob istechenii D-14","ok"
"settings_email_tpl_expiry_reminder_14_desc","Template sent 14 days before expiration.","Email Tpl Expiry Reminder 14 Desc","ok"
"settings_email_tpl_expiry_reminder_1_desc","Template sent 1 day before expiration.","Email Tpl Expiry Reminder 1 Desc","ok"
"settings_email_tpl_expiry_reminder_7","Expiry reminder D-7","Napominanie ob istechenii D-7","ok"
"settings_email_tpl_expiry_reminder_7_desc","Template sent 7 days before expiration.","Email Tpl Expiry Reminder 7 Desc","ok"
"settings_email_tpl_expiry_reminder_desc","Automatic notification before account expiry.","Email Tpl Expiry Reminder Desc","ok"
"settings_email_tpl_invitation","Invitation email","Pismo-priglashenie","ok"
"settings_email_tpl_invitation_desc","Main message guiding users to Jellyfin access.","Email Tpl Invitation Desc","ok"
"settings_email_tpl_invite_expiry","Invitation expiry","Istechenie priglasheniya","ok"
"settings_email_tpl_invite_expiry_desc","Reminder that an invitation link will expire soon.","Email Tpl Invite Expiry Desc","ok"
"settings_email_tpl_password_reset","Password reset","Sbros parolya","ok"
"settings_email_tpl_password_reset_desc","Contains reset link/code sent to user.","Email Tpl Password Reset Desc","ok"
"settings_email_tpl_post_signup_help","Post-signup help","Pomoshch posle registratsii","ok"
"settings_email_tpl_post_signup_help_desc","Instructions after account creation.","Email Tpl Post Signup Help Desc","ok"
"settings_email_tpl_pre_signup_help","Pre-signup help","Pomoshch do registratsii","ok"
"settings_email_tpl_pre_signup_help_desc","Guidance before creating the account.","Email Tpl Pre Signup Help Desc","ok"
"settings_email_tpl_user_creation","User creation","Akkaunt sozdan","ok"
"settings_email_tpl_user_creation_desc","Confirms account creation by an administrator.","Email Tpl User Creation Desc","ok"
"settings_email_tpl_user_deletion","User deletion","Akkaunt udalen","ok"
"settings_email_tpl_user_deletion_desc","Notification that an account was deleted.","Email Tpl User Deletion Desc","ok"
"settings_email_tpl_user_deletion_disable_notice","Do not send this email on user deletion","Email Tpl User Deletion Disable Notice","ok"
"settings_email_tpl_user_disabled","User disabled","Akkaunt otklyuchen","ok"
"settings_email_tpl_user_disabled_desc","Sent when an account is disabled.","Email Tpl User Disabled Desc","ok"
"settings_email_tpl_user_enabled","User enabled","Akkaunt snova aktiven","ok"
"settings_email_tpl_user_enabled_desc","Sent when an account is re-enabled.","Email Tpl User Enabled Desc","ok"
"settings_email_tpl_user_expired","User expired","Srok akkaunta isteks","ok"
"settings_email_tpl_user_expired_desc","Sent when an account expires automatically.","Email Tpl User Expired Desc","ok"
"settings_email_tpl_welcome","Welcome","Privetstvie","ok"
"settings_email_tpl_welcome_desc","Global post-signup welcome message.","Email Tpl Welcome Desc","ok"
"settings_email_var_email","email address","Email Var Email","ok"
"settings_email_var_expires_in","validity duration","Email Var Expires In","ok"
"settings_email_var_expiry_date","expiry date","Email Var Expiry Date","ok"
"settings_email_var_help_url","support / onboarding URL","Email Var Help Url","ok"
"settings_email_var_invite_code","invitation code","Email Var Invite Code","ok"
"settings_email_var_invite_link","invitation link","Email Var Invite Link","ok"
"settings_email_var_jellyfin_url","Jellyfin login URL","Email Var Jellyfin Url","ok"
"settings_email_var_jellygate_url","public JellyGate URL","Email Var Jellygate Url","ok"
"settings_email_var_jellyseerr_url","Jellyseerr URL","Email Var Jellyseerr Url","ok"
"settings_email_var_message","custom message (admin invitation)","Email Var Message","ok"
"settings_email_var_reset_code","reset code","Email Var Reset Code","ok"
"settings_email_var_reset_link","reset link","Email Var Reset Link","ok"
"settings_email_var_username","username","Email Var Username","ok"
"settings_email_var_verification_code","email verification code","kod podtverzhdeniya e-mail","ok"
"settings_email_var_verification_link","email verification link","ssylka podtverzhdeniya e-mail","ok"
"settings_email_variable_insert","Insert","Vstavit","ok"
"settings_email_variable_picker_label","Variable to insert","Peremennaya dlya vstavki","ok"
"settings_email_variable_picker_placeholder","Choose a variable","Vyberite peremennuyu","ok"
"settings_email_variables_title","Available variables","Email Variables Title","ok"
"settings_expiry_action_delete","Delete","Expiry Action Delete","ok"
"settings_expiry_action_disable","Disable","Expiry Action Disable","ok"
"settings_expiry_action_disable_then_delete","Disable then delete","Expiry Action Disable Then Delete","ok"
"settings_general_desc","Configure JellyGate global settings","ÐÐ°ÑÑ‚Ñ€Ð¾Ð¹Ñ‚Ðµ Ð³Ð»Ð¾Ð±Ð°Ð»ÑŒÐ½Ñ‹Ðµ Ð¿Ð°Ñ€Ð°Ð¼ÐµÑ‚Ñ€Ñ‹ JellyGate","ok"
"settings_general_title","General Settings","ÐžÐ±Ñ‰Ð¸Ðµ Ð½Ð°ÑÑ‚Ñ€Ð¾Ð¹ÐºÐ¸","ok"
"settings_host_required","Host *","Ð¥Ð¾ÑÑ‚ *","ok"
"settings_invite_allow_inviter_grant","Allow inviters to let the new account create invitations","Allow inviters to let the new account create invitations","untranslated"
"settings_invite_allow_inviter_user_expiry","Allow inviters to customize user expiry","Invite Allow Inviter User Expiry","ok"
"settings_invite_delete_after_days","Delete account after (days)","Invite Delete After Days","ok"
"settings_invite_disable_after_days","Disable account after (days)","Invite Disable After Days","ok"
"settings_invite_enable_downloads","Allow direct downloads","Invite Enable Downloads","ok"
"settings_invite_expiry_action","Action on expiry","Invite Expiry Action","ok"
"settings_invite_inviter_max_link_hours","Max link TTL (hours, non-admin inviters)","Invite Inviter Max Link Hours","ok"
"settings_invite_inviter_max_uses","Max uses (non-admin inviters)","Invite Inviter Max Uses","ok"
"settings_invite_inviter_quota_day","Invite links quota / day (inviter)","Invite Inviter Quota Day","ok"
"settings_invite_inviter_quota_month","Invite links quota / month (inviter)","Invite Inviter Quota Month","ok"
"settings_invite_inviter_quota_week","Invite links quota / week (inviter)","Invite Inviter Quota Week","ok"
"settings_invite_password_max","Password max","Invite Password Max","ok"
"settings_invite_password_min","Password min","Invite Password Min","ok"
"settings_invite_profile_clone_user","Clone Jellyfin profile","Invite Profile Clone User","ok"
"settings_invite_profile_desc","These rules are automatically applied to each new invitation. Non-admin users cannot modify them from invitation creation.","Invite Profile Desc","ok"
"settings_invite_profile_preset","Jellyfin preset","Invite Profile Preset","ok"
"settings_invite_profile_title","Invitation profile","Invite Profile Title","ok"
"settings_invite_require_email","Email required at signup","E-mail Ð¾Ð±ÑÐ·Ð°Ñ‚ÐµÐ»ÐµÐ½ Ð¿Ñ€Ð¸ Ñ€ÐµÐ³Ð¸ÑÑ‚Ñ€Ð°Ñ†Ð¸Ð¸","ok"
"settings_invite_require_email_verification","Verify email before account creation","ÐŸÐ¾Ð´Ñ‚Ð²ÐµÑ€Ð¶Ð´Ð°Ñ‚ÑŒ e-mail Ð´Ð¾ ÑÐ¾Ð·Ð´Ð°Ð½Ð¸Ñ Ð°ÐºÐºÐ°ÑƒÐ½Ñ‚Ð°","ok"
"settings_invite_username_max","Username max","Invite Username Max","ok"
"settings_invite_username_min","Username min","Invite Username Min","ok"
"settings_ldap_base_dn","Base DN *","Bazovyi DN *","ok"
"settings_ldap_bind_dn","Bind DN *","DN Ð¿Ñ€Ð¸Ð²ÑÐ·ÐºÐ¸ *","ok"
"settings_ldap_bind_password","Bind password *","Parol bind *","ok"
"settings_ldap_desc","Connect JellyGate to your directory via LDAP/LDAPS","ÐŸÐ¾Ð´ÐºÐ»ÑŽÑ‡Ð¸Ñ‚Ðµ JellyGate Ðº ÐºÐ°Ñ‚Ð°Ð»Ð¾Ð³Ñƒ Ñ‡ÐµÑ€ÐµÐ· LDAP Ð¸Ð»Ð¸ LDAPS","ok"
"settings_ldap_domain","AD domain *","Domen AD *","ok"
"settings_ldap_group_admin","LDAP administrators group","LDAP-gruppa administratorov","ok"
"settings_ldap_group_admin_help","This group targets full-control accounts.","Eta gruppa dlya uchetnyh zapisei s polnym dostupom.","ok"
"settings_ldap_group_inviter","LDAP inviter group","LDAP-gruppa priglashayushchih","ok"
"settings_ldap_group_inviter_help","This group grants normal access and invite rights.","Eta gruppa daet obychnyi dostup i prava na priglasheniya.","ok"
"settings_ldap_group_member_attr","Group member attribute","Atribut chlena gruppy","ok"
"settings_ldap_group_member_attr_help","Set to member (AD/groupOfNames) or memberUid (posixGroup).","Ispolzuite member (AD/groupOfNames) ili memberUid (posixGroup).","ok"
"settings_ldap_group_users","LDAP users group","LDAP-gruppa polzovatelei","ok"
"settings_ldap_group_users_help","Automatically assigned to standard users.","Avtomaticheski naznachaetsya standartnym polzovatelyam.","ok"
"settings_ldap_mode_hybrid","Hybrid (LDAP + Jellyfin)","Gibrid (LDAP + Jellyfin)","ok"
"settings_ldap_mode_ldap_only","LDAP only (no Jellyfin API user creation)","Tolko LDAP (bez sozdaniya polzovatelei cherez API Jellyfin)","ok"
"settings_ldap_provision_mode","Provisioning mode","Rezhim provisioninga","ok"
"settings_ldap_skip_verify","Skip TLS certificate verification","Propustit proverku TLS-sertifikata","ok"
"settings_ldap_test_connection_btn","Test LDAP connection","Proverit LDAP-soedinenie","ok"
"settings_ldap_test_credentials_required","Enter test username and password for Jellyfin LDAP plugin validation.","Vvedite testovye login i parol dlya proverki LDAP-plagina Jellyfin.","ok"
"settings_ldap_test_failed","Test failed","Test ne proiden","ok"
"settings_ldap_test_jellyfin_btn","Test Jellyfin login (LDAP plugin)","Proverit vhod v Jellyfin (LDAP-plugin)","ok"
"settings_ldap_test_password","Test password","Testovyi parol","ok"
"settings_ldap_test_running","Test in progress...","Vypolnyaetsya test...","ok"
"settings_ldap_test_success","Test succeeded","Test uspeshen","ok"
"settings_ldap_test_user_btn","Test user lookup","Proverit poisk polzovatelya","ok"
"settings_ldap_test_username","Test user identifier","Testovyi identifikator polzovatelya","ok"
"settings_ldap_test_username_required","Enter a test user identifier.","Vvedite testovyi identifikator polzovatelya.","ok"
"settings_ldap_tests_desc","These tests do not save configuration. They validate LDAP connection, user lookup with the configured login attribute, then Jellyfin LDAP plugin authentication.","Eti testy ne sohranyayut konfiguraciyu. Oni proveryayut LDAP-soedinenie, poisk polzovatelya po nastroennomu atributu vhoda i zatem autentifikaciyu cherez LDAP-plugin Jellyfin.","ok"
"settings_ldap_tests_title","LDAP tests and Jellyfin LDAP plugin","LDAP-testy i LDAP-plugin Jellyfin","ok"
"settings_ldap_title","Active Directory / LDAP","Active Directory / LDAP","untranslated"
"settings_ldap_tls","LDAPS (TLS)","LDAPS (TLS)","untranslated"
"settings_ldap_user_object_class","User objectClass","objectClass polzovatelya","ok"
"settings_ldap_user_object_class_help","Set to auto for detection, or force values like user, person, inetOrgPerson, posixAccount.","Ispolzuite auto dlya opredeleniya ili zadayte user, person, inetOrgPerson, posixAccount.","ok"
"settings_ldap_user_ou","User OU","OU polzovatelei","ok"
"settings_ldap_username_attr_ad","sAMAccountName (Active Directory)","sAMAccountName (Active Directory)","untranslated"
"settings_ldap_username_attr_auto","Auto-detect (AD/OpenLDAP)","Avto-opredelenie (AD/OpenLDAP)","ok"
"settings_ldap_username_attr_cn","cn (common name)","cn (obshchee imya)","ok"
"settings_ldap_username_attr_uid","uid (OpenLDAP / Synology)","uid (OpenLDAP / Synology)","untranslated"
"settings_ldap_username_attr_upn","userPrincipalName (UPN)","userPrincipalName (UPN)","untranslated"
"settings_ldap_username_attribute","User login attribute","Atribut vhoda polzovatelya","ok"
"settings_ldap_username_attribute_help","Pick the LDAP attribute used to identify users (uid on Synology/OpenLDAP, sAMAccountName on Active Directory).","Vyberite LDAP-atribut dlya identifikacii polzovatelei (uid dlya Synology/OpenLDAP, sAMAccountName dlya Active Directory).","ok"
"settings_loading","Loading...","Ð—Ð°Ð³Ñ€ÑƒÐ·ÐºÐ°...","ok"
"settings_matrix_access_token","Access token","Matrix Access Token","ok"
"settings_matrix_homeserver_url","Homeserver URL","Matrix Homeserver Url","ok"
"settings_matrix_room_id","Room ID","Matrix Room Id","ok"
"settings_open_jellyfin","Open Jellyfin","ÐžÑ‚ÐºÑ€Ñ‹Ñ‚ÑŒ Jellyfin","ok"
"settings_open_jellygate_public","Open public JellyGate","ÐžÑ‚ÐºÑ€Ñ‹Ñ‚ÑŒ Ð¿ÑƒÐ±Ð»Ð¸Ñ‡Ð½Ñ‹Ð¹ JellyGate","ok"
"settings_open_jellyseerr","Open Jellyseerr","ÐžÑ‚ÐºÑ€Ñ‹Ñ‚ÑŒ Jellyseerr","ok"
"settings_open_jellytrack","Open jellytrack","ÐžÑ‚ÐºÑ€Ñ‹Ñ‚ÑŒ jellytrack","ok"
"settings_overview_backup_desc","Plan backups, import archives, and prepare a safe restoration.","ÐŸÐ»Ð°Ð½Ð¸Ñ€ÑƒÐ¹Ñ‚Ðµ Ñ€ÐµÐ·ÐµÑ€Ð²Ð½Ñ‹Ðµ ÐºÐ¾Ð¿Ð¸Ð¸, Ð¸Ð¼Ð¿Ð¾Ñ€Ñ‚Ð¸Ñ€ÑƒÐ¹Ñ‚Ðµ Ð°Ñ€Ñ…Ð¸Ð²Ñ‹ Ð¸ Ð³Ð¾Ñ‚Ð¾Ð²ÑŒÑ‚Ðµ Ð±ÐµÐ·Ð¾Ð¿Ð°ÑÐ½Ð¾Ðµ Ð²Ð¾ÑÑÑ‚Ð°Ð½Ð¾Ð²Ð»ÐµÐ½Ð¸Ðµ.","ok"
"settings_overview_desc","Move quickly between language defaults, identity, delivery channels, templates, and recovery workflows.","Ð‘Ñ‹ÑÑ‚Ñ€Ð¾ Ð¿ÐµÑ€ÐµÐºÐ»ÑŽÑ‡Ð°Ð¹Ñ‚ÐµÑÑŒ Ð¼ÐµÐ¶Ð´Ñƒ ÑÐ·Ñ‹ÐºÐ¾Ð¼ Ð¿Ð¾ ÑƒÐ¼Ð¾Ð»Ñ‡Ð°Ð½Ð¸ÑŽ, Ð¸Ð´ÐµÐ½Ñ‚Ð¸Ñ„Ð¸ÐºÐ°Ñ†Ð¸ÐµÐ¹, ÐºÐ°Ð½Ð°Ð»Ð°Ð¼Ð¸ Ð¾Ñ‚Ð¿Ñ€Ð°Ð²ÐºÐ¸, ÑˆÐ°Ð±Ð»Ð¾Ð½Ð°Ð¼Ð¸ Ð¸ Ð²Ð¾ÑÑÑ‚Ð°Ð½Ð¾Ð²Ð»ÐµÐ½Ð¸ÐµÐ¼.","ok"
"settings_overview_general_desc","Public URLs, default language, and invitation defaults.","ÐŸÑƒÐ±Ð»Ð¸Ñ‡Ð½Ñ‹Ðµ URL, ÑÐ·Ñ‹Ðº Ð¿Ð¾ ÑƒÐ¼Ð¾Ð»Ñ‡Ð°Ð½Ð¸ÑŽ Ð¸ Ð±Ð°Ð·Ð¾Ð²Ñ‹Ðµ Ð¿Ñ€Ð°Ð²Ð¸Ð»Ð° Ð¿Ñ€Ð¸Ð³Ð»Ð°ÑˆÐµÐ½Ð¸Ð¹.","ok"
"settings_overview_ldap_desc","Directory connection, provisioning mode, groups, and validation tests.","ÐŸÐ¾Ð´ÐºÐ»ÑŽÑ‡ÐµÐ½Ð¸Ðµ Ðº ÐºÐ°Ñ‚Ð°Ð»Ð¾Ð³Ñƒ, Ñ€ÐµÐ¶Ð¸Ð¼ Ð¿Ð¾Ð´Ð³Ð¾Ñ‚Ð¾Ð²ÐºÐ¸, Ð³Ñ€ÑƒÐ¿Ð¿Ñ‹ Ð¸ Ñ‚ÐµÑÑ‚Ñ‹ Ð¿Ñ€Ð¾Ð²ÐµÑ€ÐºÐ¸.","ok"
"settings_overview_smtp_desc","Outgoing email transport used for invitations and password recovery.","ÐŸÐ¾Ñ‡Ñ‚Ð¾Ð²Ñ‹Ð¹ Ñ‚Ñ€Ð°Ð½ÑÐ¿Ð¾Ñ€Ñ‚ Ð´Ð»Ñ Ð¿Ñ€Ð¸Ð³Ð»Ð°ÑˆÐµÐ½Ð¸Ð¹ Ð¸ Ð²Ð¾ÑÑÑ‚Ð°Ð½Ð¾Ð²Ð»ÐµÐ½Ð¸Ñ Ð¿Ð°Ñ€Ð¾Ð»Ñ.","ok"
"settings_overview_templates_desc","Edit every email scenario and preview the rendered message.","Ð ÐµÐ´Ð°ÐºÑ‚Ð¸Ñ€ÑƒÐ¹Ñ‚Ðµ ÐºÐ°Ð¶Ð´Ñ‹Ð¹ ÑÑ†ÐµÐ½Ð°Ñ€Ð¸Ð¹ Ð¿Ð¸ÑÑŒÐ¼Ð° Ð¸ Ð¿Ñ€Ð¾Ð²ÐµÑ€ÑÐ¹Ñ‚Ðµ Ð¸Ñ‚Ð¾Ð³Ð¾Ð²Ñ‹Ð¹ Ð¿Ñ€ÐµÐ´Ð¿Ñ€Ð¾ÑÐ¼Ð¾Ñ‚Ñ€.","ok"
"settings_overview_title","Service control","Ð¦ÐµÐ½Ñ‚Ñ€ ÑÐµÑ€Ð²Ð¸ÑÐ¾Ð²","ok"
"settings_overview_webhooks_desc","Discord, Telegram, and Matrix notifications for registration activity.","Ð£Ð²ÐµÐ´Ð¾Ð¼Ð»ÐµÐ½Ð¸Ñ Discord, Telegram Ð¸ Matrix Ð¾ Ð½Ð¾Ð²Ñ‹Ñ… Ñ€ÐµÐ³Ð¸ÑÑ‚Ñ€Ð°Ñ†Ð¸ÑÑ….","ok"
"settings_password_digit_required","Digit required","Password Digit Required","ok"
"settings_password_lower_required","Lowercase required","Password Lower Required","ok"
"settings_password_special_required","Special character required","Password Special Required","ok"
"settings_password_upper_required","Uppercase required","Password Upper Required","ok"
"settings_port","Port","ÐŸÐ¾Ñ€Ñ‚","ok"
"settings_preset_fallback","Preset","ÐŸÑ€ÐµÑÐµÑ‚","ok"
"settings_preview_button","Preview","Predprosmotr","ok"
"settings_preview_impossible","Preview unavailable","ÐŸÑ€ÐµÐ´Ð¿Ñ€Ð¾ÑÐ¼Ð¾Ñ‚Ñ€ Ð½ÐµÐ´Ð¾ÑÑ‚ÑƒÐ¿ÐµÐ½","ok"
"settings_preview_loading","Loading preview...","Ð—Ð°Ð³Ñ€ÑƒÐ·ÐºÐ° Ð¿Ñ€ÐµÐ´Ð¿Ñ€Ð¾ÑÐ¼Ð¾Ñ‚Ñ€Ð°...","ok"
"settings_public_jellyfin_help","Used in buttons and email templates via","Public Jellyfin Help","ok"
"settings_public_jellyfin_url","Public Jellyfin URL","ÐŸÑƒÐ±Ð»Ð¸Ñ‡Ð½Ñ‹Ð¹ URL Jellyfin","ok"
"settings_public_jellygate_help","Used for invitation links and templates via","Public Jellygate Help","ok"
"settings_public_jellygate_url","Public JellyGate URL","ÐŸÑƒÐ±Ð»Ð¸Ñ‡Ð½Ñ‹Ð¹ URL JellyGate","ok"
"settings_public_jellyseerr_help","Available in templates via","Public Jellyseerr Help","ok"
"settings_public_jellyseerr_url","Public Jellyseerr URL","ÐŸÑƒÐ±Ð»Ð¸Ñ‡Ð½Ñ‹Ð¹ URL Jellyseerr","ok"
"settings_public_jellytrack_help","Available in templates via","Public jellytrack Help","ok"
"settings_public_jellytrack_url","Public jellytrack URL","ÐŸÑƒÐ±Ð»Ð¸Ñ‡Ð½Ñ‹Ð¹ URL jellytrack","ok"
"settings_quick_links","Quick links","Ð‘Ñ‹ÑÑ‚Ñ€Ñ‹Ðµ ÑÑÑ‹Ð»ÐºÐ¸","ok"
"settings_save_error","Save failed","Ð¡Ð¾Ñ…Ñ€Ð°Ð½ÐµÐ½Ð¸Ðµ Ð½Ðµ ÑƒÐ´Ð°Ð»Ð¾ÑÑŒ","ok"
"settings_save_invite_profile","Save invitation profile","Ð¡Ð¾Ñ…Ñ€Ð°Ð½Ð¸Ñ‚ÑŒ Ð¿Ñ€Ð¾Ñ„Ð¸Ð»ÑŒ Ð¿Ñ€Ð¸Ð³Ð»Ð°ÑˆÐµÐ½Ð¸Ñ","ok"
"settings_save_ldap","Save LDAP settings","Ð¡Ð¾Ñ…Ñ€Ð°Ð½Ð¸Ñ‚ÑŒ Ð½Ð°ÑÑ‚Ñ€Ð¾Ð¹ÐºÐ¸ LDAP","ok"
"settings_save_smtp","Save SMTP","Ð¡Ð¾Ñ…Ñ€Ð°Ð½Ð¸Ñ‚ÑŒ SMTP","ok"
"settings_save_templates","Save templates","Ð¡Ð¾Ñ…Ñ€Ð°Ð½Ð¸Ñ‚ÑŒ ÑˆÐ°Ð±Ð»Ð¾Ð½Ñ‹","ok"
"settings_save_webhooks","Save Webhooks","Ð¡Ð¾Ñ…Ñ€Ð°Ð½Ð¸Ñ‚ÑŒ Ð²ÐµÐ±Ñ…ÑƒÐºÐ¸","ok"
"settings_saved","Settings saved","ÐÐ°ÑÑ‚Ñ€Ð¾Ð¹ÐºÐ¸ ÑÐ¾Ñ…Ñ€Ð°Ð½ÐµÐ½Ñ‹","ok"
"settings_smtp_desc","Configure email sending (invitations, password reset)","ÐÐ°ÑÑ‚Ñ€Ð¾Ð¹Ñ‚Ðµ Ð¾Ñ‚Ð¿Ñ€Ð°Ð²ÐºÑƒ Ð¿Ð¸ÑÐµÐ¼ Ð´Ð»Ñ Ð¿Ñ€Ð¸Ð³Ð»Ð°ÑˆÐµÐ½Ð¸Ð¹ Ð¸ ÑÐ±Ñ€Ð¾ÑÐ° Ð¿Ð°Ñ€Ð¾Ð»Ñ","ok"
"settings_smtp_from","Sender address *","Smtp From","ok"
"settings_smtp_password","Password *","Smtp Password","ok"
"settings_smtp_starttls","STARTTLS / TLS","Smtp Starttls","ok"
"settings_smtp_title","SMTP server","SMTP-ÑÐµÑ€Ð²ÐµÑ€","ok"
"settings_smtp_username","Username *","Smtp Username","ok"
"settings_subheading","Configure external services from this interface","ÐÐ°ÑÑ‚Ñ€Ð¾Ð¹Ñ‚Ðµ Ð²Ð½ÐµÑˆÐ½Ð¸Ðµ ÑÐµÑ€Ð²Ð¸ÑÑ‹ Ð¸Ð· ÑÑ‚Ð¾Ð³Ð¾ Ð¸Ð½Ñ‚ÐµÑ€Ñ„ÐµÐ¹ÑÐ°","ok"
"settings_tab_backup","Backups","Ð ÐµÐ·ÐµÑ€Ð²Ð½Ñ‹Ðµ ÐºÐ¾Ð¿Ð¸Ð¸","ok"
"settings_tab_email_templates","Email Templates","Ð¨Ð°Ð±Ð»Ð¾Ð½Ñ‹ Ð¿Ð¸ÑÐµÐ¼","ok"
"settings_tab_general","General","ÐžÐ±Ñ‰Ð¸Ðµ","ok"
"settings_tab_ldap","LDAP","LDAP","untranslated"
"settings_tab_smtp","SMTP","SMTP","untranslated"
"settings_tab_webhooks","Webhooks","Ð’ÐµÐ±Ñ…ÑƒÐºÐ¸","ok"
"settings_telegram_bot_token","Bot token","Telegram Bot Token","ok"
"settings_telegram_chat_id","Chat ID","Telegram Chat Id","ok"
"settings_template_empty","Template is empty.","Ð¨Ð°Ð±Ð»Ð¾Ð½ Ð¿ÑƒÑÑ‚.","ok"
"settings_webhook_url","Webhook URL","URL Ð²ÐµÐ±Ñ…ÑƒÐºÐ°","ok"
"settings_webhooks_desc","Receive notifications when a user registers","ÐŸÐ¾Ð»ÑƒÑ‡Ð°Ð¹Ñ‚Ðµ ÑƒÐ²ÐµÐ´Ð¾Ð¼Ð»ÐµÐ½Ð¸Ñ, ÐºÐ¾Ð³Ð´Ð° Ð¿Ð¾Ð»ÑŒÐ·Ð¾Ð²Ð°Ñ‚ÐµÐ»ÑŒ Ñ€ÐµÐ³Ð¸ÑÑ‚Ñ€Ð¸Ñ€ÑƒÐµÑ‚ÑÑ","ok"
"settings_webhooks_title","Webhook notifications","Ð£Ð²ÐµÐ´Ð¾Ð¼Ð»ÐµÐ½Ð¸Ñ Ð²ÐµÐ±Ñ…ÑƒÐºÐ¾Ð²","ok"
"settings_zero_no_extra_limit","0 = no extra limit.","Zero No Extra Limit","ok"
"settings_zero_unlimited","0 = unlimited.","Zero Unlimited","ok"
"stat_active_users","Active","ÐÐºÑ‚Ð¸Ð²Ð½Ñ‹Ðµ","ok"
"stat_banned_users","Banned","Ð—Ð°Ð±Ð»Ð¾ÐºÐ¸Ñ€Ð¾Ð²Ð°Ð½Ð½Ñ‹Ðµ","ok"
"stat_invitations","Invitations","ÐŸÑ€Ð¸Ð³Ð»Ð°ÑˆÐµÐ½Ð¸Ñ","ok"
"stat_total_users","Users","ÐŸÐ¾Ð»ÑŒÐ·Ð¾Ð²Ð°Ñ‚ÐµÐ»Ð¸","ok"
"status_active","Active","ÐÐºÑ‚Ð¸Ð²ÐµÐ½","ok"
"status_banned","Banned","Ð—Ð°Ð±Ð»Ð¾ÐºÐ¸Ñ€Ð¾Ð²Ð°Ð½","ok"
"status_inactive","Inactive","ÐÐµÐ°ÐºÑ‚Ð¸Ð²ÐµÐ½","ok"
"submitting","Creating account...","Ð¡Ð¾Ð·Ð´Ð°Ð½Ð¸Ðµ Ð°ÐºÐºÐ°ÑƒÐ½Ñ‚Ð°...","ok"
"success","Success","Ð£ÑÐ¿ÐµÑ…","ok"
"users_action_activate","Activate account","ÐÐºÑ‚Ð¸Ð²Ð¸Ñ€Ð¾Ð²Ð°Ñ‚ÑŒ Ð°ÐºÐºÐ°ÑƒÐ½Ñ‚","ok"
"users_action_activate_help","Re-enable the selected accounts without changing their other settings.","ÐŸÐ¾Ð²Ñ‚Ð¾Ñ€Ð½Ð¾ Ð²ÐºÐ»ÑŽÑ‡Ð¸Ñ‚ÑŒ Ð²Ñ‹Ð±Ñ€Ð°Ð½Ð½Ñ‹Ðµ Ð°ÐºÐºÐ°ÑƒÐ½Ñ‚Ñ‹ Ð±ÐµÐ· Ð¸Ð·Ð¼ÐµÐ½ÐµÐ½Ð¸Ñ Ð¾ÑÑ‚Ð°Ð»ÑŒÐ½Ñ‹Ñ… Ð½Ð°ÑÑ‚Ñ€Ð¾ÐµÐº.","ok"
"users_action_apply_preset","Apply Jellyfin preset","ÐŸÑ€Ð¸Ð¼ÐµÐ½Ð¸Ñ‚ÑŒ Ð¿Ñ€ÐµÑÐµÑ‚ Jellyfin","ok"
"users_action_apply_preset_help","Push a predefined Jellyfin policy preset to every selected account.","ÐŸÑ€Ð¸Ð¼ÐµÐ½Ð¸Ñ‚ÑŒ Ð·Ð°Ñ€Ð°Ð½ÐµÐµ Ð¿Ð¾Ð´Ð³Ð¾Ñ‚Ð¾Ð²Ð»ÐµÐ½Ð½Ñ‹Ð¹ Ð¿Ñ€ÐµÑÐµÑ‚ Ð¿Ð¾Ð»Ð¸Ñ‚Ð¸ÐºÐ¸ Jellyfin ÐºÐ¾ Ð²ÑÐµÐ¼ Ð²Ñ‹Ð±Ñ€Ð°Ð½Ð½Ñ‹Ð¼ Ð°ÐºÐºÐ°ÑƒÐ½Ñ‚Ð°Ð¼.","ok"
"users_action_deactivate","Disable account","ÐžÑ‚ÐºÐ»ÑŽÑ‡Ð¸Ñ‚ÑŒ Ð°ÐºÐºÐ°ÑƒÐ½Ñ‚","ok"
"users_action_deactivate_help","Temporarily block access for the selected accounts.","Ð’Ñ€ÐµÐ¼ÐµÐ½Ð½Ð¾ Ð·Ð°Ð±Ð»Ð¾ÐºÐ¸Ñ€Ð¾Ð²Ð°Ñ‚ÑŒ Ð´Ð¾ÑÑ‚ÑƒÐ¿ Ð´Ð»Ñ Ð²Ñ‹Ð±Ñ€Ð°Ð½Ð½Ñ‹Ñ… Ð°ÐºÐºÐ°ÑƒÐ½Ñ‚Ð¾Ð².","ok"
"users_action_delete","Delete account","Ð£Ð´Ð°Ð»Ð¸Ñ‚ÑŒ Ð°ÐºÐºÐ°ÑƒÐ½Ñ‚","ok"
"users_action_delete_help","Permanently remove the selected accounts from every configured backend.","ÐÐ°Ð²ÑÐµÐ³Ð´Ð° ÑƒÐ´Ð°Ð»Ð¸Ñ‚ÑŒ Ð²Ñ‹Ð±Ñ€Ð°Ð½Ð½Ñ‹Ðµ Ð°ÐºÐºÐ°ÑƒÐ½Ñ‚Ñ‹ Ð¸Ð· Ð²ÑÐµÑ… Ð½Ð°ÑÑ‚Ñ€Ð¾ÐµÐ½Ð½Ñ‹Ñ… Ð±ÑÐºÐµÐ½Ð´Ð¾Ð².","ok"
"users_action_jellyfin_policy","Adjust Jellyfin policy","ÐÐ°ÑÑ‚Ñ€Ð¾Ð¸Ñ‚ÑŒ Ð¿Ð¾Ð»Ð¸Ñ‚Ð¸ÐºÑƒ Jellyfin","ok"
"users_action_jellyfin_policy_help","Override downloads, remote access, sessions, or bitrate limits in bulk.","ÐœÐ°ÑÑÐ¾Ð²Ð¾ Ð¿ÐµÑ€ÐµÐ¾Ð¿Ñ€ÐµÐ´ÐµÐ»Ð¸Ñ‚ÑŒ Ð·Ð°Ð³Ñ€ÑƒÐ·ÐºÐ¸, ÑƒÐ´Ð°Ð»ÐµÐ½Ð½Ñ‹Ð¹ Ð´Ð¾ÑÑ‚ÑƒÐ¿, ÑÐµÑÑÐ¸Ð¸ Ð¸Ð»Ð¸ Ð»Ð¸Ð¼Ð¸Ñ‚Ñ‹ Ð±Ð¸Ñ‚Ñ€ÐµÐ¹Ñ‚Ð°.","ok"
"users_action_send_email","Send email","ÐžÑ‚Ð¿Ñ€Ð°Ð²Ð¸Ñ‚ÑŒ e-mail","ok"
"users_action_send_email_help","Write a one-off message and deliver it to the selected users.","ÐÐ°Ð¿Ð¸ÑˆÐ¸Ñ‚Ðµ Ñ€Ð°Ð·Ð¾Ð²Ð¾Ðµ ÑÐ¾Ð¾Ð±Ñ‰ÐµÐ½Ð¸Ðµ Ð¸ Ð¾Ñ‚Ð¿Ñ€Ð°Ð²ÑŒÑ‚Ðµ ÐµÐ³Ð¾ Ð²Ñ‹Ð±Ñ€Ð°Ð½Ð½Ñ‹Ð¼ Ð¿Ð¾Ð»ÑŒÐ·Ð¾Ð²Ð°Ñ‚ÐµÐ»ÑÐ¼.","ok"
"users_action_send_password_reset","Send password reset","ÐžÑ‚Ð¿Ñ€Ð°Ð²Ð¸Ñ‚ÑŒ ÑÐ±Ñ€Ð¾Ñ Ð¿Ð°Ñ€Ð¾Ð»Ñ","ok"
"users_action_send_password_reset_help","Trigger a password reset email for every selected account.","Ð—Ð°Ð¿ÑƒÑÑ‚Ð¸Ñ‚ÑŒ Ð¾Ñ‚Ð¿Ñ€Ð°Ð²ÐºÑƒ Ð¿Ð¸ÑÑŒÐ¼Ð° Ð´Ð»Ñ ÑÐ±Ñ€Ð¾ÑÐ° Ð¿Ð°Ñ€Ð¾Ð»Ñ Ð´Ð»Ñ ÐºÐ°Ð¶Ð´Ð¾Ð³Ð¾ Ð²Ñ‹Ð±Ñ€Ð°Ð½Ð½Ð¾Ð³Ð¾ Ð°ÐºÐºÐ°ÑƒÐ½Ñ‚Ð°.","ok"
"users_action_set_expiry","Set access expiry","Ð£ÑÑ‚Ð°Ð½Ð¾Ð²Ð¸Ñ‚ÑŒ ÑÑ€Ð¾Ðº Ð´Ð¾ÑÑ‚ÑƒÐ¿Ð°","ok"
"users_action_set_expiry_help","Define or clear the access expiration date on the selected users.","Ð—Ð°Ð´Ð°Ñ‚ÑŒ Ð¸Ð»Ð¸ Ð¾Ñ‡Ð¸ÑÑ‚Ð¸Ñ‚ÑŒ Ð´Ð°Ñ‚Ñƒ Ð¾ÐºÐ¾Ð½Ñ‡Ð°Ð½Ð¸Ñ Ð´Ð¾ÑÑ‚ÑƒÐ¿Ð° Ñƒ Ð²Ñ‹Ð±Ñ€Ð°Ð½Ð½Ñ‹Ñ… Ð¿Ð¾Ð»ÑŒÐ·Ð¾Ð²Ð°Ñ‚ÐµÐ»ÐµÐ¹.","ok"
"users_action_set_invite","Update invite rights","ÐžÐ±Ð½Ð¾Ð²Ð¸Ñ‚ÑŒ Ð¿Ñ€Ð°Ð²Ð° Ð½Ð° Ð¿Ñ€Ð¸Ð³Ð»Ð°ÑˆÐµÐ½Ð¸Ñ","ok"
"users_action_set_invite_help","Grant or remove invitation rights on the selected accounts.","Ð’Ñ‹Ð´Ð°Ñ‚ÑŒ Ð¸Ð»Ð¸ ÑƒÐ±Ñ€Ð°Ñ‚ÑŒ Ð¿Ñ€Ð°Ð²Ð° Ð½Ð° Ð¿Ñ€Ð¸Ð³Ð»Ð°ÑˆÐµÐ½Ð¸Ñ Ñƒ Ð²Ñ‹Ð±Ñ€Ð°Ð½Ð½Ñ‹Ñ… Ð°ÐºÐºÐ°ÑƒÐ½Ñ‚Ð¾Ð².","ok"
"users_allow_invite","Can invite","ÐœÐ¾Ð¶ÐµÑ‚ Ð¿Ñ€Ð¸Ð³Ð»Ð°ÑˆÐ°Ñ‚ÑŒ","ok"
"users_apply","Apply","ÐŸÑ€Ð¸Ð¼ÐµÐ½Ð¸Ñ‚ÑŒ","ok"
"users_bulk_action_failed","Bulk action failed","ÐŸÐ°ÐºÐµÑ‚Ð½Ð¾Ðµ Ð´ÐµÐ¹ÑÑ‚Ð²Ð¸Ðµ Ð½Ðµ ÑƒÐ´Ð°Ð»Ð¾ÑÑŒ","ok"
"users_bulk_action_generic","Bulk action","ÐŸÐ°ÐºÐµÑ‚Ð½Ð¾Ðµ Ð´ÐµÐ¹ÑÑ‚Ð²Ð¸Ðµ","ok"
"users_bulk_action_on","for","Ð´Ð»Ñ","ok"
"users_bulk_action_placeholder","Choose a bulk action","Ð’Ñ‹Ð±ÐµÑ€Ð¸Ñ‚Ðµ Ð¿Ð°ÐºÐµÑ‚Ð½Ð¾Ðµ Ð´ÐµÐ¹ÑÑ‚Ð²Ð¸Ðµ","ok"
"users_bulk_assistant_desc","Select the right users first, then configure the action with as little rework as possible.","Ð¡Ð½Ð°Ñ‡Ð°Ð»Ð° Ð²Ñ‹Ð±ÐµÑ€Ð¸Ñ‚Ðµ Ð½ÑƒÐ¶Ð½Ñ‹Ñ… Ð¿Ð¾Ð»ÑŒÐ·Ð¾Ð²Ð°Ñ‚ÐµÐ»ÐµÐ¹, Ð·Ð°Ñ‚ÐµÐ¼ Ð½Ð°ÑÑ‚Ñ€Ð¾Ð¹Ñ‚Ðµ Ð´ÐµÐ¹ÑÑ‚Ð²Ð¸Ðµ Ñ Ð¼Ð¸Ð½Ð¸Ð¼ÑƒÐ¼Ð¾Ð¼ Ð»Ð¸ÑˆÐ½Ð¸Ñ… ÑˆÐ°Ð³Ð¾Ð².","ok"
"users_bulk_blocked_prefix","Blocked","Ð—Ð°Ð±Ð»Ð¾ÐºÐ¸Ñ€Ð¾Ð²Ð°Ð½Ð¾","ok"
"users_bulk_choose_action","Choose an action","Ð’Ñ‹Ð±ÐµÑ€Ð¸Ñ‚Ðµ Ð´ÐµÐ¹ÑÑ‚Ð²Ð¸Ðµ","ok"
"users_bulk_complete_required","Complete the required parameters","Ð—Ð°Ð¿Ð¾Ð»Ð½Ð¸Ñ‚Ðµ Ð¾Ð±ÑÐ·Ð°Ñ‚ÐµÐ»ÑŒÐ½Ñ‹Ðµ Ð¿Ð°Ñ€Ð°Ð¼ÐµÑ‚Ñ€Ñ‹","ok"
"users_bulk_config_ready","Configuration looks valid","ÐšÐ¾Ð½Ñ„Ð¸Ð³ÑƒÑ€Ð°Ñ†Ð¸Ñ Ð²Ñ‹Ð³Ð»ÑÐ´Ð¸Ñ‚ ÐºÐ¾Ñ€Ñ€ÐµÐºÑ‚Ð½Ð¾","ok"
"users_bulk_confirm_template","{action}`n`nTarget users: {count}`nConfirm execution?","{action}`n`nÐ¦ÐµÐ»ÐµÐ²Ñ‹Ðµ Ð¿Ð¾Ð»ÑŒÐ·Ð¾Ð²Ð°Ñ‚ÐµÐ»Ð¸: {count}`nÐŸÐ¾Ð´Ñ‚Ð²ÐµÑ€Ð´Ð¸Ñ‚ÑŒ Ð²Ñ‹Ð¿Ð¾Ð»Ð½ÐµÐ½Ð¸Ðµ?","ok"
"users_bulk_desc","Select users, choose an action, then validate the required parameters before execution.","Ð’Ñ‹Ð±ÐµÑ€Ð¸Ñ‚Ðµ Ð¿Ð¾Ð»ÑŒÐ·Ð¾Ð²Ð°Ñ‚ÐµÐ»ÐµÐ¹, Ð·Ð°Ð´Ð°Ð¹Ñ‚Ðµ Ð´ÐµÐ¹ÑÑ‚Ð²Ð¸Ðµ Ð¸ Ð¿Ñ€Ð¾Ð²ÐµÑ€ÑŒÑ‚Ðµ Ð¾Ð±ÑÐ·Ð°Ñ‚ÐµÐ»ÑŒÐ½Ñ‹Ðµ Ð¿Ð°Ñ€Ð°Ð¼ÐµÑ‚Ñ€Ñ‹ Ð¿ÐµÑ€ÐµÐ´ Ð²Ñ‹Ð¿Ð¾Ð»Ð½ÐµÐ½Ð¸ÐµÐ¼.","ok"
"users_bulk_done","Action completed: {success}/{total} success","Ð”ÐµÐ¹ÑÑ‚Ð²Ð¸Ðµ Ð·Ð°Ð²ÐµÑ€ÑˆÐµÐ½Ð¾: ÑƒÑÐ¿ÐµÑˆÐ½Ð¾ {success}/{total}","ok"
"users_bulk_email","Bulk email","ÐŸÐ°ÐºÐµÑ‚Ð½Ð¾Ðµ Ð¿Ð¸ÑÑŒÐ¼Ð¾","ok"
"users_bulk_email_body","Message body","Ð¢ÐµÐºÑÑ‚ ÑÐ¾Ð¾Ð±Ñ‰ÐµÐ½Ð¸Ñ","ok"
"users_bulk_email_open","Open the bulk email assistant","ÐžÑ‚ÐºÑ€Ñ‹Ñ‚ÑŒ Ð¼Ð°ÑÑ‚ÐµÑ€ Ð¿Ð°ÐºÐµÑ‚Ð½Ð¾Ð¹ Ð¿Ð¾Ñ‡Ñ‚Ñ‹","ok"
"users_bulk_email_subject","Email subject","Ð¢ÐµÐ¼Ð° Ð¿Ð¸ÑÑŒÐ¼Ð°","ok"
"users_bulk_email_variables","Available variables","Ð”Ð¾ÑÑ‚ÑƒÐ¿Ð½Ñ‹Ðµ Ð¿ÐµÑ€ÐµÐ¼ÐµÐ½Ð½Ñ‹Ðµ","ok"
"users_bulk_instructions","The assistant prevents incomplete actions before execution. Select users, choose the action, then finish the required fields.","ÐœÐ°ÑÑ‚ÐµÑ€ Ð½Ðµ Ð´Ð°ÑÑ‚ Ð²Ñ‹Ð¿Ð¾Ð»Ð½Ð¸Ñ‚ÑŒ Ð½ÐµÐ¿Ð¾Ð»Ð½Ð¾Ðµ Ð´ÐµÐ¹ÑÑ‚Ð²Ð¸Ðµ. Ð¡Ð½Ð°Ñ‡Ð°Ð»Ð° Ð²Ñ‹Ð±ÐµÑ€Ð¸Ñ‚Ðµ Ð¿Ð¾Ð»ÑŒÐ·Ð¾Ð²Ð°Ñ‚ÐµÐ»ÐµÐ¹, Ð·Ð°Ñ‚ÐµÐ¼ Ð´ÐµÐ¹ÑÑ‚Ð²Ð¸Ðµ Ð¸ Ð·Ð°Ð¿Ð¾Ð»Ð½Ð¸Ñ‚Ðµ Ð¾Ð±ÑÐ·Ð°Ñ‚ÐµÐ»ÑŒÐ½Ñ‹Ðµ Ð¿Ð¾Ð»Ñ.","ok"
"users_bulk_jellyfin_invalid","One or more Jellyfin policy values are invalid.","ÐžÐ´Ð½Ð¾ Ð¸Ð»Ð¸ Ð½ÐµÑÐºÐ¾Ð»ÑŒÐºÐ¾ Ð·Ð½Ð°Ñ‡ÐµÐ½Ð¸Ð¹ Ð¿Ð¾Ð»Ð¸Ñ‚Ð¸ÐºÐ¸ Jellyfin Ð½ÐµÐºÐ¾Ñ€Ñ€ÐµÐºÑ‚Ð½Ñ‹.","ok"
"users_bulk_need_email_body","Enter both the email subject and message body.","Ð£ÐºÐ°Ð¶Ð¸Ñ‚Ðµ Ñ‚ÐµÐ¼Ñƒ Ð¿Ð¸ÑÑŒÐ¼Ð° Ð¸ Ñ‚ÐµÐºÑÑ‚ ÑÐ¾Ð¾Ð±Ñ‰ÐµÐ½Ð¸Ñ.","ok"
"users_bulk_need_expiry","Set an expiry date or choose to clear the existing one.","Ð£ÑÑ‚Ð°Ð½Ð¾Ð²Ð¸Ñ‚Ðµ Ð´Ð°Ñ‚Ñƒ Ð¸ÑÑ‚ÐµÑ‡ÐµÐ½Ð¸Ñ Ð¸Ð»Ð¸ Ð²Ñ‹Ð±ÐµÑ€Ð¸Ñ‚Ðµ Ð¾Ñ‡Ð¸ÑÑ‚ÐºÑƒ Ñ‚ÐµÐºÑƒÑ‰ÐµÐ¹ Ð´Ð°Ñ‚Ñ‹.","ok"
"users_bulk_need_jellyfin_param","Change at least one Jellyfin policy setting.","Ð˜Ð·Ð¼ÐµÐ½Ð¸Ñ‚Ðµ Ñ…Ð¾Ñ‚Ñ Ð±Ñ‹ Ð¾Ð´Ð¸Ð½ Ð¿Ð°Ñ€Ð°Ð¼ÐµÑ‚Ñ€ Ð¿Ð¾Ð»Ð¸Ñ‚Ð¸ÐºÐ¸ Jellyfin.","ok"
"users_bulk_need_preset","Choose a Jellyfin preset before continuing.","ÐŸÐµÑ€ÐµÐ´ Ð¿Ñ€Ð¾Ð´Ð¾Ð»Ð¶ÐµÐ½Ð¸ÐµÐ¼ Ð²Ñ‹Ð±ÐµÑ€Ð¸Ñ‚Ðµ Ð¿Ñ€ÐµÑÐµÑ‚ Jellyfin.","ok"
"users_bulk_no_extra_params","This action does not need extra parameters.","Ð”Ð»Ñ ÑÑ‚Ð¾Ð³Ð¾ Ð´ÐµÐ¹ÑÑ‚Ð²Ð¸Ñ Ð½Ðµ Ð½ÑƒÐ¶Ð½Ñ‹ Ð´Ð¾Ð¿Ð¾Ð»Ð½Ð¸Ñ‚ÐµÐ»ÑŒÐ½Ñ‹Ðµ Ð¿Ð°Ñ€Ð°Ð¼ÐµÑ‚Ñ€Ñ‹.","ok"
"users_bulk_none","none","Ð½ÐµÑ‚","ok"
"users_bulk_ready_suffix","ready to apply","Ð³Ð¾Ñ‚Ð¾Ð²Ð¾ Ðº Ð¿Ñ€Ð¸Ð¼ÐµÐ½ÐµÐ½Ð¸ÑŽ","ok"
"users_bulk_select_one","Select at least one user.","Ð’Ñ‹Ð±ÐµÑ€Ð¸Ñ‚Ðµ Ñ…Ð¾Ñ‚Ñ Ð±Ñ‹ Ð¾Ð´Ð½Ð¾Ð³Ð¾ Ð¿Ð¾Ð»ÑŒÐ·Ð¾Ð²Ð°Ñ‚ÐµÐ»Ñ.","ok"
"users_bulk_select_preset","Choose a preset","Ð’Ñ‹Ð±ÐµÑ€Ð¸Ñ‚Ðµ Ð¿Ñ€ÐµÑÐµÑ‚","ok"
"users_bulk_selected_suffix","users selected","Ð¿Ð¾Ð»ÑŒÐ·Ð¾Ð²Ð°Ñ‚ÐµÐ»ÐµÐ¹ Ð²Ñ‹Ð±Ñ€Ð°Ð½Ð¾","ok"
"users_bulk_step_action","Choose action","Ð’Ñ‹Ð±ÐµÑ€Ð¸Ñ‚Ðµ Ð´ÐµÐ¹ÑÑ‚Ð²Ð¸Ðµ","ok"
"users_bulk_step_select","Select users","Ð’Ñ‹Ð±ÐµÑ€Ð¸Ñ‚Ðµ Ð¿Ð¾Ð»ÑŒÐ·Ð¾Ð²Ð°Ñ‚ÐµÐ»ÐµÐ¹","ok"
"users_bulk_step_verify","Validate config","ÐŸÑ€Ð¾Ð²ÐµÑ€ÑŒÑ‚Ðµ ÐºÐ¾Ð½Ñ„Ð¸Ð³ÑƒÑ€Ð°Ñ†Ð¸ÑŽ","ok"
"users_bulk_summary_placeholder","Your action summary will appear here.","Ð—Ð´ÐµÑÑŒ Ð¿Ð¾ÑÐ²Ð¸Ñ‚ÑÑ ÑÐ²Ð¾Ð´ÐºÐ° Ð´ÐµÐ¹ÑÑ‚Ð²Ð¸Ñ.","ok"
"users_bulk_title","Bulk assistant","ÐŸÐ°ÐºÐµÑ‚Ð½Ñ‹Ð¹ Ð¿Ð¾Ð¼Ð¾Ñ‰Ð½Ð¸Ðº","ok"
"users_bulk_valid_prefix","Valid","ÐšÐ¾Ñ€Ñ€ÐµÐºÑ‚Ð½Ð¾","ok"
"users_clear_expiry","Clear expiry","ÐžÑ‡Ð¸ÑÑ‚Ð¸Ñ‚ÑŒ ÑÑ€Ð¾Ðº","ok"
"users_close","Close","Ð—Ð°ÐºÑ€Ñ‹Ñ‚ÑŒ","ok"
"users_col_expiry","Expiry","Ð¡Ñ€Ð¾Ðº","ok"
"users_col_group","Group","Ð“Ñ€ÑƒÐ¿Ð¿Ð°","ok"
"users_col_invite","Invite","ÐŸÑ€Ð¸Ð³Ð»Ð°ÑˆÐµÐ½Ð¸Ðµ","ok"
"users_delete_confirm","Delete permanently","Ð£Ð´Ð°Ð»Ð¸Ñ‚ÑŒ Ð½Ð°Ð²ÑÐµÐ³Ð´Ð°","ok"
"users_delete_confirm_template","User ""{username}"" will be deleted from AD, Jellyfin, and the local database. This action is irreversible.","ÐŸÐ¾Ð»ÑŒÐ·Ð¾Ð²Ð°Ñ‚ÐµÐ»ÑŒ ""{username}"" Ð±ÑƒÐ´ÐµÑ‚ ÑƒÐ´Ð°Ð»ÐµÐ½ Ð¸Ð· AD, Jellyfin Ð¸ Ð»Ð¾ÐºÐ°Ð»ÑŒÐ½Ð¾Ð¹ Ð±Ð°Ð·Ñ‹ Ð´Ð°Ð½Ð½Ñ‹Ñ…. Ð­Ñ‚Ð¾ Ð´ÐµÐ¹ÑÑ‚Ð²Ð¸Ðµ Ð½ÐµÐ¾Ð±Ñ€Ð°Ñ‚Ð¸Ð¼Ð¾.","ok"
"users_delete_confirm_title","Confirm deletion","ÐŸÐ¾Ð´Ñ‚Ð²ÐµÑ€Ð¶Ð´ÐµÐ½Ð¸Ðµ ÑƒÐ´Ð°Ð»ÐµÐ½Ð¸Ñ","ok"
"users_delete_error","Unable to delete this user.","ÐÐµ ÑƒÐ´Ð°Ð»Ð¾ÑÑŒ ÑƒÐ´Ð°Ð»Ð¸Ñ‚ÑŒ ÑÑ‚Ð¾Ð³Ð¾ Ð¿Ð¾Ð»ÑŒÐ·Ð¾Ð²Ð°Ñ‚ÐµÐ»Ñ.","ok"
"users_delete_title","Delete user","Ð£Ð´Ð°Ð»Ð¸Ñ‚ÑŒ Ð¿Ð¾Ð»ÑŒÐ·Ð¾Ð²Ð°Ñ‚ÐµÐ»Ñ","ok"
"users_deleted","User deleted","ÐŸÐ¾Ð»ÑŒÐ·Ð¾Ð²Ð°Ñ‚ÐµÐ»ÑŒ ÑƒÐ´Ð°Ð»ÐµÐ½","ok"
"users_displayed_count","displayed /","Ð¿Ð¾ÐºÐ°Ð·Ð°Ð½Ð¾ /","ok"
"users_edit","Edit","Ð˜Ð·Ð¼ÐµÐ½Ð¸Ñ‚ÑŒ","ok"
"users_edit_title","Edit account","Ð˜Ð·Ð¼ÐµÐ½Ð¸Ñ‚ÑŒ Ð°ÐºÐºÐ°ÑƒÐ½Ñ‚","ok"
"users_filter_expiry_active","With expiry date","Ð¡ Ð´Ð°Ñ‚Ð¾Ð¹ Ð¸ÑÑ‚ÐµÑ‡ÐµÐ½Ð¸Ñ","ok"
"users_filter_expiry_expired","Already expired","Ð£Ð¶Ðµ Ð¸ÑÑ‚ÐµÐº","ok"
"users_filter_expiry_none","No expiry date","Ð‘ÐµÐ· Ð´Ð°Ñ‚Ñ‹ Ð¸ÑÑ‚ÐµÑ‡ÐµÐ½Ð¸Ñ","ok"
"users_filter_extra_all","Any extra signal","Ð›ÑŽÐ±Ð¾Ð¹ Ð´Ð¾Ð¿Ð¾Ð»Ð½Ð¸Ñ‚ÐµÐ»ÑŒÐ½Ñ‹Ð¹ ÑÐ¸Ð³Ð½Ð°Ð»","ok"
"users_filter_invite_all","Any invite state","Ð›ÑŽÐ±Ð¾Ðµ ÑÐ¾ÑÑ‚Ð¾ÑÐ½Ð¸Ðµ Ð¿Ñ€Ð¸Ð³Ð»Ð°ÑˆÐµÐ½Ð¸Ð¹","ok"
"users_filter_invite_disabled","Invite disabled","ÐŸÑ€Ð¸Ð³Ð»Ð°ÑˆÐµÐ½Ð¸Ñ Ð¾Ñ‚ÐºÐ»ÑŽÑ‡ÐµÐ½Ñ‹","ok"
"users_filter_invite_enabled","Invite enabled","ÐŸÑ€Ð¸Ð³Ð»Ð°ÑˆÐµÐ½Ð¸Ñ Ð²ÐºÐ»ÑŽÑ‡ÐµÐ½Ñ‹","ok"
"users_filter_jellyfin_all","Any Jellyfin state","Ð›ÑŽÐ±Ð¾Ðµ ÑÐ¾ÑÑ‚Ð¾ÑÐ½Ð¸Ðµ Jellyfin","ok"
"users_filter_jellyfin_disabled","Jellyfin disabled","Jellyfin Ð¾Ñ‚ÐºÐ»ÑŽÑ‡ÐµÐ½","ok"
"users_filter_jellyfin_missing","Missing in Jellyfin","ÐžÑ‚ÑÑƒÑ‚ÑÑ‚Ð²ÑƒÐµÑ‚ Ð² Jellyfin","ok"
"users_filter_jellyfin_ok","Healthy in Jellyfin","Jellyfin Ð² Ð¿Ð¾Ñ€ÑÐ´ÐºÐµ","ok"
"users_filter_status_all","Any account status","Ð›ÑŽÐ±Ð¾Ð¹ ÑÑ‚Ð°Ñ‚ÑƒÑ Ð°ÐºÐºÐ°ÑƒÐ½Ñ‚Ð°","ok"
"users_filter_with_email","Has email address","Ð•ÑÑ‚ÑŒ e-mail","ok"
"users_filter_without_email","No email address","ÐÐµÑ‚ e-mail","ok"
"users_filters_clear","Clear filters","ÐžÑ‡Ð¸ÑÑ‚Ð¸Ñ‚ÑŒ Ñ„Ð¸Ð»ÑŒÑ‚Ñ€Ñ‹","ok"
"users_filters_desc","Combine search, state, Jellyfin sync, invitation rights, and expiry signals.","ÐšÐ¾Ð¼Ð±Ð¸Ð½Ð¸Ñ€ÑƒÐ¹Ñ‚Ðµ Ð¿Ð¾Ð¸ÑÐº, ÑÑ‚Ð°Ñ‚ÑƒÑ, ÑÐ¸Ð½Ñ…Ñ€Ð¾Ð½Ð¸Ð·Ð°Ñ†Ð¸ÑŽ Jellyfin, Ð¿Ñ€Ð°Ð²Ð° Ð½Ð° Ð¿Ñ€Ð¸Ð³Ð»Ð°ÑˆÐµÐ½Ð¸Ñ Ð¸ ÑÐ¸Ð³Ð½Ð°Ð»Ñ‹ Ð¸ÑÑ‚ÐµÑ‡ÐµÐ½Ð¸Ñ.","ok"
"users_filters_none","No active filters.","ÐÐºÑ‚Ð¸Ð²Ð½Ñ‹Ñ… Ñ„Ð¸Ð»ÑŒÑ‚Ñ€Ð¾Ð² Ð½ÐµÑ‚.","ok"
"users_filters_title","Find the right accounts","ÐÐ°Ð¹Ð´Ð¸Ñ‚Ðµ Ð½ÑƒÐ¶Ð½Ñ‹Ðµ Ð°ÐºÐºÐ°ÑƒÐ½Ñ‚Ñ‹","ok"
"users_heading","User Management","Ð£Ð¿Ñ€Ð°Ð²Ð»ÐµÐ½Ð¸Ðµ Ð¿Ð¾Ð»ÑŒÐ·Ð¾Ð²Ð°Ñ‚ÐµÐ»ÑÐ¼Ð¸","ok"
"users_jellyfin_disabled","Jellyfin disabled","Jellyfin Ð¾Ñ‚ÐºÐ»ÑŽÑ‡ÐµÐ½","ok"
"users_jellyfin_missing","Jellyfin missing","ÐžÑ‚ÑÑƒÑ‚ÑÑ‚Ð²ÑƒÐµÑ‚ Ð² Jellyfin","ok"
"users_jf_bitrate_placeholder","Remote bitrate limit (kbps)","Ð›Ð¸Ð¼Ð¸Ñ‚ ÑƒÐ´Ð°Ð»ÐµÐ½Ð½Ð¾Ð³Ð¾ Ð±Ð¸Ñ‚Ñ€ÐµÐ¹Ñ‚Ð° (ÐºÐ±Ð¸Ñ‚/Ñ)","ok"
"users_jf_download_allowed","Downloads allowed","Ð—Ð°Ð³Ñ€ÑƒÐ·ÐºÐ¸ Ñ€Ð°Ð·Ñ€ÐµÑˆÐµÐ½Ñ‹","ok"
"users_jf_download_blocked","Downloads blocked","Ð—Ð°Ð³Ñ€ÑƒÐ·ÐºÐ¸ Ð·Ð°Ð¿Ñ€ÐµÑ‰ÐµÐ½Ñ‹","ok"
"users_jf_download_unchanged","Keep current download policy","ÐžÑÑ‚Ð°Ð²Ð¸Ñ‚ÑŒ Ñ‚ÐµÐºÑƒÑ‰ÑƒÑŽ Ð¿Ð¾Ð»Ð¸Ñ‚Ð¸ÐºÑƒ Ð·Ð°Ð³Ñ€ÑƒÐ·Ð¾Ðº","ok"
"users_jf_remote_allowed","Remote access allowed","Ð£Ð´Ð°Ð»ÐµÐ½Ð½Ñ‹Ð¹ Ð´Ð¾ÑÑ‚ÑƒÐ¿ Ñ€Ð°Ð·Ñ€ÐµÑˆÐµÐ½","ok"
"users_jf_remote_blocked","Remote access blocked","Ð£Ð´Ð°Ð»ÐµÐ½Ð½Ñ‹Ð¹ Ð´Ð¾ÑÑ‚ÑƒÐ¿ Ð·Ð°Ð¿Ñ€ÐµÑ‰ÐµÐ½","ok"
"users_jf_remote_unchanged","Keep current remote policy","ÐžÑÑ‚Ð°Ð²Ð¸Ñ‚ÑŒ Ñ‚ÐµÐºÑƒÑ‰ÑƒÑŽ Ð¿Ð¾Ð»Ð¸Ñ‚Ð¸ÐºÑƒ ÑƒÐ´Ð°Ð»ÐµÐ½Ð½Ð¾Ð³Ð¾ Ð´Ð¾ÑÑ‚ÑƒÐ¿Ð°","ok"
"users_jf_sessions_placeholder","Max active sessions","ÐœÐ°ÐºÑÐ¸Ð¼ÑƒÐ¼ Ð°ÐºÑ‚Ð¸Ð²Ð½Ñ‹Ñ… ÑÐµÑÑÐ¸Ð¹","ok"
"users_live_filters_desc","See the active constraints before applying a bulk action.","ÐŸÑ€Ð¾Ð²ÐµÑ€ÑŒÑ‚Ðµ Ð°ÐºÑ‚Ð¸Ð²Ð½Ñ‹Ðµ Ð¾Ð³Ñ€Ð°Ð½Ð¸Ñ‡ÐµÐ½Ð¸Ñ Ð¿ÐµÑ€ÐµÐ´ Ð·Ð°Ð¿ÑƒÑÐºÐ¾Ð¼ Ð¿Ð°ÐºÐµÑ‚Ð½Ð¾Ð³Ð¾ Ð´ÐµÐ¹ÑÑ‚Ð²Ð¸Ñ.","ok"
"users_live_filters_title","Filter snapshot","Ð¡Ð½Ð¸Ð¼Ð¾Ðº Ñ„Ð¸Ð»ÑŒÑ‚Ñ€Ð¾Ð²","ok"
"users_load_error","Unable to load users","ÐÐµ ÑƒÐ´Ð°Ð»Ð¾ÑÑŒ Ð·Ð°Ð³Ñ€ÑƒÐ·Ð¸Ñ‚ÑŒ Ð¿Ð¾Ð»ÑŒÐ·Ð¾Ð²Ð°Ñ‚ÐµÐ»ÐµÐ¹","ok"
"users_load_error_details","The users list could not be loaded.","ÐÐµ ÑƒÐ´Ð°Ð»Ð¾ÑÑŒ Ð·Ð°Ð³Ñ€ÑƒÐ·Ð¸Ñ‚ÑŒ ÑÐ¿Ð¸ÑÐ¾Ðº Ð¿Ð¾Ð»ÑŒÐ·Ð¾Ð²Ð°Ñ‚ÐµÐ»ÐµÐ¹.","ok"
"users_no","No","ÐÐµÑ‚","ok"
"users_no_filter_match","No account matches the current filters.","Ð¢ÐµÐºÑƒÑ‰Ð¸Ðµ Ñ„Ð¸Ð»ÑŒÑ‚Ñ€Ñ‹ Ð½Ðµ Ð´Ð°ÑŽÑ‚ ÑÐ¾Ð²Ð¿Ð°Ð´ÐµÐ½Ð¸Ð¹.","ok"
"users_no_local","No local accounts found yet.","Ð›Ð¾ÐºÐ°Ð»ÑŒÐ½Ñ‹Ðµ Ð°ÐºÐºÐ°ÑƒÐ½Ñ‚Ñ‹ Ð¿Ð¾ÐºÐ° Ð½Ðµ Ð½Ð°Ð¹Ð´ÐµÐ½Ñ‹.","ok"
"users_overview_expiring","Expired access","Ð”Ð¾ÑÑ‚ÑƒÐ¿ Ð¸ÑÑ‚ÐµÐº","ok"
"users_overview_filtered","Visible now","Ð’Ð¸Ð´Ð½Ð¾ ÑÐµÐ¹Ñ‡Ð°Ñ","ok"
"users_overview_inviters","Can invite","ÐœÐ¾Ð³ÑƒÑ‚ Ð¿Ñ€Ð¸Ð³Ð»Ð°ÑˆÐ°Ñ‚ÑŒ","ok"
"users_overview_total","Total accounts","Ð’ÑÐµÐ³Ð¾ Ð°ÐºÐºÐ°ÑƒÐ½Ñ‚Ð¾Ð²","ok"
"users_reset","Reset","Ð¡Ð±Ñ€Ð¾ÑÐ¸Ñ‚ÑŒ","ok"
"users_reset_error","Unable to send the password reset message.","ÐÐµ ÑƒÐ´Ð°Ð»Ð¾ÑÑŒ Ð¾Ñ‚Ð¿Ñ€Ð°Ð²Ð¸Ñ‚ÑŒ ÑÐ¾Ð¾Ð±Ñ‰ÐµÐ½Ð¸Ðµ Ð´Ð»Ñ ÑÐ±Ñ€Ð¾ÑÐ° Ð¿Ð°Ñ€Ð¾Ð»Ñ.","ok"
"users_reset_sent","Password reset link sent to {username}","Ð¡ÑÑ‹Ð»ÐºÐ° Ð´Ð»Ñ ÑÐ±Ñ€Ð¾ÑÐ° Ð¿Ð°Ñ€Ð¾Ð»Ñ Ð¾Ñ‚Ð¿Ñ€Ð°Ð²Ð»ÐµÐ½Ð° Ð¿Ð¾Ð»ÑŒÐ·Ð¾Ð²Ð°Ñ‚ÐµÐ»ÑŽ {username}","ok"
"users_search_placeholder","Search...","ÐŸÐ¾Ð¸ÑÐº...","ok"
"users_segment_access","Access policy","ÐŸÐ¾Ð»Ð¸Ñ‚Ð¸ÐºÐ° Ð´Ð¾ÑÑ‚ÑƒÐ¿Ð°","ok"
"users_segment_accounts","Account state","Ð¡Ð¾ÑÑ‚Ð¾ÑÐ½Ð¸Ðµ Ð°ÐºÐºÐ°ÑƒÐ½Ñ‚Ð°","ok"
"users_segment_delivery","Communication","ÐšÐ¾Ð¼Ð¼ÑƒÐ½Ð¸ÐºÐ°Ñ†Ð¸Ñ","ok"
"users_select_filtered","Select filtered","Ð’Ñ‹Ð±Ñ€Ð°Ñ‚ÑŒ Ð¾Ñ‚Ñ„Ð¸Ð»ÑŒÑ‚Ñ€Ð¾Ð²Ð°Ð½Ð½Ñ‹Ñ…","ok"
"users_selection_clear","Clear selection","ÐžÑ‡Ð¸ÑÑ‚Ð¸Ñ‚ÑŒ Ð²Ñ‹Ð±Ð¾Ñ€","ok"
"users_selection_desc","Review the exact accounts that will be affected next.","ÐŸÑ€Ð¾Ð²ÐµÑ€ÑŒÑ‚Ðµ, ÐºÐ°ÐºÐ¸Ðµ Ð¸Ð¼ÐµÐ½Ð½Ð¾ Ð°ÐºÐºÐ°ÑƒÐ½Ñ‚Ñ‹ Ð±ÑƒÐ´ÑƒÑ‚ Ð·Ð°Ñ‚Ñ€Ð¾Ð½ÑƒÑ‚Ñ‹ ÑÐ»ÐµÐ´ÑƒÑŽÑ‰Ð¸Ð¼ Ð´ÐµÐ¹ÑÑ‚Ð²Ð¸ÐµÐ¼.","ok"
"users_selection_empty","No users selected yet.","ÐŸÐ¾Ð»ÑŒÐ·Ð¾Ð²Ð°Ñ‚ÐµÐ»Ð¸ Ð¿Ð¾ÐºÐ° Ð½Ðµ Ð²Ñ‹Ð±Ñ€Ð°Ð½Ñ‹.","ok"
"users_selection_more","+{count} more","+ÐµÑ‰Ðµ {count}","ok"
"users_selection_title","Selection snapshot","Ð¡Ð½Ð¸Ð¼Ð¾Ðº Ð²Ñ‹Ð±Ð¾Ñ€Ð°","ok"
"users_subheading","Manage accounts, enable or delete users","Ð£Ð¿Ñ€Ð°Ð²Ð»ÑÐ¹Ñ‚Ðµ Ð°ÐºÐºÐ°ÑƒÐ½Ñ‚Ð°Ð¼Ð¸, Ð²ÐºÐ»ÑŽÑ‡Ð°Ð¹Ñ‚Ðµ Ð¸Ð»Ð¸ ÑƒÐ´Ð°Ð»ÑÐ¹Ñ‚Ðµ Ð¿Ð¾Ð»ÑŒÐ·Ð¾Ð²Ð°Ñ‚ÐµÐ»ÐµÐ¹","ok"
"users_subheading_extended","Manage local accounts, Jellyfin sync state, invitation rights, and expiry rules from one control room.","Ð£Ð¿Ñ€Ð°Ð²Ð»ÑÐ¹Ñ‚Ðµ Ð»Ð¾ÐºÐ°Ð»ÑŒÐ½Ñ‹Ð¼Ð¸ Ð°ÐºÐºÐ°ÑƒÐ½Ñ‚Ð°Ð¼Ð¸, ÑÐ¾ÑÑ‚Ð¾ÑÐ½Ð¸ÐµÐ¼ ÑÐ¸Ð½Ñ…Ñ€Ð¾Ð½Ð¸Ð·Ð°Ñ†Ð¸Ð¸ Jellyfin, Ð¿Ñ€Ð°Ð²Ð°Ð¼Ð¸ Ð½Ð° Ð¿Ñ€Ð¸Ð³Ð»Ð°ÑˆÐµÐ½Ð¸Ñ Ð¸ Ð¿Ñ€Ð°Ð²Ð¸Ð»Ð°Ð¼Ð¸ Ð¸ÑÑ‚ÐµÑ‡ÐµÐ½Ð¸Ñ Ð² ÐµÐ´Ð¸Ð½Ð¾Ð¹ Ð¿Ð°Ð½ÐµÐ»Ð¸.","ok"
"users_sync_confirm","Launch a synchronization against Jellyfin now?","Ð—Ð°Ð¿ÑƒÑÑ‚Ð¸Ñ‚ÑŒ ÑÐ¸Ð½Ñ…Ñ€Ð¾Ð½Ð¸Ð·Ð°Ñ†Ð¸ÑŽ Ñ Jellyfin Ð¿Ñ€ÑÐ¼Ð¾ ÑÐµÐ¹Ñ‡Ð°Ñ?","ok"
"users_sync_done","Jellyfin sync completed","Ð¡Ð¸Ð½Ñ…Ñ€Ð¾Ð½Ð¸Ð·Ð°Ñ†Ð¸Ñ Ñ Jellyfin Ð·Ð°Ð²ÐµÑ€ÑˆÐµÐ½Ð°","ok"
"users_sync_error","Jellyfin sync failed","Ð¡Ð¸Ð½Ñ…Ñ€Ð¾Ð½Ð¸Ð·Ð°Ñ†Ð¸Ñ Ñ Jellyfin Ð·Ð°Ð²ÐµÑ€ÑˆÐ¸Ð»Ð°ÑÑŒ Ð¾ÑˆÐ¸Ð±ÐºÐ¾Ð¹","ok"
"users_sync_jellyfin","Sync Jellyfin","Ð¡Ð¸Ð½Ñ…Ñ€Ð¾Ð½Ð¸Ð·Ð¸Ñ€Ð¾Ð²Ð°Ñ‚ÑŒ Jellyfin","ok"
"users_sync_jellyfin_title","Refresh local data from Jellyfin","ÐžÐ±Ð½Ð¾Ð²Ð¸Ñ‚ÑŒ Ð»Ð¾ÐºÐ°Ð»ÑŒÐ½Ñ‹Ðµ Ð´Ð°Ð½Ð½Ñ‹Ðµ Ð¸Ð· Jellyfin","ok"
"users_sync_network_error","Network error during Jellyfin synchronization","Ð¡ÐµÑ‚ÐµÐ²Ð°Ñ Ð¾ÑˆÐ¸Ð±ÐºÐ° Ð²Ð¾ Ð²Ñ€ÐµÐ¼Ñ ÑÐ¸Ð½Ñ…Ñ€Ð¾Ð½Ð¸Ð·Ð°Ñ†Ð¸Ð¸ Ñ Jellyfin","ok"
"users_table_desc","Inspect each local account, then edit, reset, trace, enable, or delete in one click.","ÐŸÑ€Ð¾Ð²ÐµÑ€ÑÐ¹Ñ‚Ðµ ÐºÐ°Ð¶Ð´Ñ‹Ð¹ Ð»Ð¾ÐºÐ°Ð»ÑŒÐ½Ñ‹Ð¹ Ð°ÐºÐºÐ°ÑƒÐ½Ñ‚, Ð° Ð·Ð°Ñ‚ÐµÐ¼ Ñ€ÐµÐ´Ð°ÐºÑ‚Ð¸Ñ€ÑƒÐ¹Ñ‚Ðµ, ÑÐ±Ñ€Ð°ÑÑ‹Ð²Ð°Ð¹Ñ‚Ðµ, Ð¾Ñ‚ÑÐ»ÐµÐ¶Ð¸Ð²Ð°Ð¹Ñ‚Ðµ, Ð°ÐºÑ‚Ð¸Ð²Ð¸Ñ€ÑƒÐ¹Ñ‚Ðµ Ð¸Ð»Ð¸ ÑƒÐ´Ð°Ð»ÑÐ¹Ñ‚Ðµ Ð² Ð¾Ð´Ð¸Ð½ ÐºÐ»Ð¸Ðº.","ok"
"users_table_title","Accounts list","Ð¡Ð¿Ð¸ÑÐ¾Ðº Ð°ÐºÐºÐ°ÑƒÐ½Ñ‚Ð¾Ð²","ok"
"users_timeline_critical","Critical","ÐšÑ€Ð¸Ñ‚Ð¸Ñ‡Ð½Ð¾","ok"
"users_timeline_empty","No timeline events found for this user.","Ð”Ð»Ñ ÑÑ‚Ð¾Ð³Ð¾ Ð¿Ð¾Ð»ÑŒÐ·Ð¾Ð²Ð°Ñ‚ÐµÐ»Ñ Ð½Ðµ Ð½Ð°Ð¹Ð´ÐµÐ½Ð¾ ÑÐ¾Ð±Ñ‹Ñ‚Ð¸Ð¹ Ð½Ð° Ð²Ñ€ÐµÐ¼ÐµÐ½Ð½Ð¾Ð¹ ÑˆÐºÐ°Ð»Ðµ.","ok"
"users_timeline_important","Important","Ð’Ð°Ð¶Ð½Ð¾","ok"
"users_timeline_info","Info","Ð˜Ð½Ñ„Ð¾Ñ€Ð¼Ð°Ñ†Ð¸Ñ","ok"
"users_timeline_load_error","Unable to load the user timeline.","ÐÐµ ÑƒÐ´Ð°Ð»Ð¾ÑÑŒ Ð·Ð°Ð³Ñ€ÑƒÐ·Ð¸Ñ‚ÑŒ Ð²Ñ€ÐµÐ¼ÐµÐ½Ð½ÑƒÑŽ ÑˆÐºÐ°Ð»Ñƒ Ð¿Ð¾Ð»ÑŒÐ·Ð¾Ð²Ð°Ñ‚ÐµÐ»Ñ.","ok"
"users_timeline_subtitle","{username} ({email})","{username} ({email})","untranslated"
"users_timeline_title","User timeline","Ð’Ñ€ÐµÐ¼ÐµÐ½Ð½Ð°Ñ ÑˆÐºÐ°Ð»Ð° Ð¿Ð¾Ð»ÑŒÐ·Ð¾Ð²Ð°Ñ‚ÐµÐ»Ñ","ok"
"users_timeline_trace","Trace","Ð¢Ñ€Ð°ÑÑÐ¸Ñ€Ð¾Ð²ÐºÐ°","ok"
"users_title","Users","ÐŸÐ¾Ð»ÑŒÐ·Ð¾Ð²Ð°Ñ‚ÐµÐ»Ð¸","ok"
"users_toggle_error","Unable to update the account status.","ÐÐµ ÑƒÐ´Ð°Ð»Ð¾ÑÑŒ Ð¾Ð±Ð½Ð¾Ð²Ð¸Ñ‚ÑŒ ÑÑ‚Ð°Ñ‚ÑƒÑ Ð°ÐºÐºÐ°ÑƒÐ½Ñ‚Ð°.","ok"
"users_toggle_updated","Account status updated","Ð¡Ñ‚Ð°Ñ‚ÑƒÑ Ð°ÐºÐºÐ°ÑƒÐ½Ñ‚Ð° Ð¾Ð±Ð½Ð¾Ð²Ð»ÐµÐ½","ok"
"users_toolbar_desc","Start with a filter, then use the bulk assistant or one-click actions on the right accounts.","ÐÐ°Ñ‡Ð½Ð¸Ñ‚Ðµ Ñ Ñ„Ð¸Ð»ÑŒÑ‚Ñ€Ð°, Ð° Ð·Ð°Ñ‚ÐµÐ¼ Ð¸ÑÐ¿Ð¾Ð»ÑŒÐ·ÑƒÐ¹Ñ‚Ðµ Ð¿Ð°ÐºÐµÑ‚Ð½Ñ‹Ð¹ Ð¿Ð¾Ð¼Ð¾Ñ‰Ð½Ð¸Ðº Ð¸Ð»Ð¸ Ð±Ñ‹ÑÑ‚Ñ€Ñ‹Ðµ Ð´ÐµÐ¹ÑÑ‚Ð²Ð¸Ñ Ð´Ð»Ñ Ð½ÑƒÐ¶Ð½Ñ‹Ñ… Ð°ÐºÐºÐ°ÑƒÐ½Ñ‚Ð¾Ð².","ok"
"users_toolbar_title","User operations","ÐžÐ¿ÐµÑ€Ð°Ñ†Ð¸Ð¸ Ñ Ð¿Ð¾Ð»ÑŒÐ·Ð¾Ð²Ð°Ñ‚ÐµÐ»ÑÐ¼Ð¸","ok"
"users_update_error","Unable to save account changes.","ÐÐµ ÑƒÐ´Ð°Ð»Ð¾ÑÑŒ ÑÐ¾Ñ…Ñ€Ð°Ð½Ð¸Ñ‚ÑŒ Ð¸Ð·Ð¼ÐµÐ½ÐµÐ½Ð¸Ñ Ð°ÐºÐºÐ°ÑƒÐ½Ñ‚Ð°.","ok"
"users_updated","Account updated","ÐÐºÐºÐ°ÑƒÐ½Ñ‚ Ð¾Ð±Ð½Ð¾Ð²Ð»ÐµÐ½","ok"
"users_yes","Yes","Ð”Ð°","ok"
"verify_email_invite_expired_heading","Verification link expired","Ð¡ÑÑ‹Ð»ÐºÐ° Ð¿Ð¾Ð´Ñ‚Ð²ÐµÑ€Ð¶Ð´ÐµÐ½Ð¸Ñ Ð¸ÑÑ‚ÐµÐºÐ»Ð°","ok"
"verify_email_invite_expired_message","This signup confirmation link has expired. Submit the invitation form again to receive a new email.","Ð¡ÑÑ‹Ð»ÐºÐ° Ð¿Ð¾Ð´Ñ‚Ð²ÐµÑ€Ð¶Ð´ÐµÐ½Ð¸Ñ Ñ€ÐµÐ³Ð¸ÑÑ‚Ñ€Ð°Ñ†Ð¸Ð¸ Ð¸ÑÑ‚ÐµÐºÐ»Ð°. ÐžÑ‚Ð¿Ñ€Ð°Ð²ÑŒÑ‚Ðµ Ñ„Ð¾Ñ€Ð¼Ñƒ Ð¿Ñ€Ð¸Ð³Ð»Ð°ÑˆÐµÐ½Ð¸Ñ ÑÐ½Ð¾Ð²Ð°, Ñ‡Ñ‚Ð¾Ð±Ñ‹ Ð¿Ð¾Ð»ÑƒÑ‡Ð¸Ñ‚ÑŒ Ð½Ð¾Ð²Ð¾Ðµ Ð¿Ð¸ÑÑŒÐ¼Ð¾.","ok"
"verify_email_invite_failed_heading","Account creation failed","ÐÐµ ÑƒÐ´Ð°Ð»Ð¾ÑÑŒ ÑÐ¾Ð·Ð´Ð°Ñ‚ÑŒ Ð°ÐºÐºÐ°ÑƒÐ½Ñ‚","ok"
"verify_email_invite_failed_message","We could not finish creating your account from this invitation. Submit the invitation form again or ask for a new invitation.","ÐÐµ ÑƒÐ´Ð°Ð»Ð¾ÑÑŒ Ð·Ð°Ð²ÐµÑ€ÑˆÐ¸Ñ‚ÑŒ ÑÐ¾Ð·Ð´Ð°Ð½Ð¸Ðµ Ð°ÐºÐºÐ°ÑƒÐ½Ñ‚Ð° Ð¿Ð¾ ÑÑ‚Ð¾Ð¼Ñƒ Ð¿Ñ€Ð¸Ð³Ð»Ð°ÑˆÐµÐ½Ð¸ÑŽ. ÐžÑ‚Ð¿Ñ€Ð°Ð²ÑŒÑ‚Ðµ Ñ„Ð¾Ñ€Ð¼Ñƒ Ð¿Ñ€Ð¸Ð³Ð»Ð°ÑˆÐµÐ½Ð¸Ñ ÑÐ½Ð¾Ð²Ð° Ð¸Ð»Ð¸ Ð·Ð°Ð¿Ñ€Ð¾ÑÐ¸Ñ‚Ðµ Ð½Ð¾Ð²Ð¾Ðµ Ð¿Ñ€Ð¸Ð³Ð»Ð°ÑˆÐµÐ½Ð¸Ðµ.","ok"
"verify_email_invite_success_heading","Email verified, account created","ÐŸÐ¾Ñ‡Ñ‚Ð° Ð¿Ð¾Ð´Ñ‚Ð²ÐµÑ€Ð¶Ð´ÐµÐ½Ð°, Ð°ÐºÐºÐ°ÑƒÐ½Ñ‚ ÑÐ¾Ð·Ð´Ð°Ð½","ok"
"verify_email_invite_success_message","Your email address has been confirmed and your account is now ready. You can sign in to Jellyfin.","Ð’Ð°Ñˆ Ð°Ð´Ñ€ÐµÑ ÑÐ»ÐµÐºÑ‚Ñ€Ð¾Ð½Ð½Ð¾Ð¹ Ð¿Ð¾Ñ‡Ñ‚Ñ‹ Ð¿Ð¾Ð´Ñ‚Ð²ÐµÑ€Ð¶Ð´ÐµÐ½, Ð¸ Ð²Ð°Ñˆ Ð°ÐºÐºÐ°ÑƒÐ½Ñ‚ Ð³Ð¾Ñ‚Ð¾Ð². Ð¢ÐµÐ¿ÐµÑ€ÑŒ Ð²Ñ‹ Ð¼Ð¾Ð¶ÐµÑ‚Ðµ Ð²Ð¾Ð¹Ñ‚Ð¸ Ð² Jellyfin.","ok"
"view_all","View all","ÐŸÐ¾ÐºÐ°Ð·Ð°Ñ‚ÑŒ Ð²ÑÐµ","ok"